{"repo": "MrNeelixs/Free_IT-Roman_course-", "id": "8", "total": 4, "items": [{"type": "NM_METHOD_NAMING_CONVENTION", "file_name": "src/main/java/lesson_3/Task_18.java", "commit_sha": "e44ed79ab0c53fa3c48fafe9046240eb97151061", "line_no": 6, "priority": 2, "description": "Nm: Method names should start with a lower case letter", "line_content": "    public void CountingPunctuation(String text) {\n"}, {"type": "VA_FORMAT_STRING_USES_NEWLINE", "file_name": "src/main/java/lesson_3/Task_21.java", "commit_sha": "e44ed79ab0c53fa3c48fafe9046240eb97151061", "line_no": 26, "priority": 2, "description": "Format string should use %n rather than \\n", "line_content": "        System.out.printf(\"\u041c\u0435\u0442\u043e\u0442 \u0432\u044b\u043f\u043e\u043b\u043d\u0435\u043d \u0437\u0430 %,9.3f ms\\n\", time / 1_000_000.0);\n"}, {"type": "VA_FORMAT_STRING_USES_NEWLINE", "file_name": "src/main/java/lesson_3/Task_21.java", "commit_sha": "e44ed79ab0c53fa3c48fafe9046240eb97151061", "line_no": 35, "priority": 2, "description": "Format string should use %n rather than \\n", "line_content": "        System.out.printf(\"\u041c\u0435\u0442\u043e\u0442 \u0432\u044b\u043f\u043e\u043b\u043d\u0435\u043d \u0437\u0430 %,9.3f ms\\n\", time / 1_000_000.0);\n"}, {"type": "VA_FORMAT_STRING_USES_NEWLINE", "file_name": "src/main/java/lesson_3/Task_21.java", "commit_sha": "e44ed79ab0c53fa3c48fafe9046240eb97151061", "line_no": 45, "priority": 2, "description": "Format string should use %n rather than \\n", "line_content": "        System.out.printf(\"\u041c\u0435\u0442\u043e\u0442 \u0432\u044b\u043f\u043e\u043b\u043d\u0435\u043d \u0437\u0430 %,9.3f ms\\n\", time / 1_000_000.0);\n"}]}