{"repo": "aliyun/aliyun-oss-java-sdk", "id": "362", "total": 4, "items": [{"type": "NM_METHOD_NAMING_CONVENTION", "file_name": "src/main/java/com/aliyun/oss/internal/OSSBucketOperation.java", "commit_sha": "4c09d5c4291b1a2fb3ca84c459d9c7ca959d6583", "line_no": 557, "priority": 5, "description": "Nm: Method names should start with a lower case letter", "line_content": "        String bucketName = putBucketImageRequest.GetBucketName();\n"}, {"type": "NM_METHOD_NAMING_CONVENTION", "file_name": "src/main/java/com/aliyun/oss/internal/OSSBucketOperation.java", "commit_sha": "4c09d5c4291b1a2fb3ca84c459d9c7ca959d6583", "line_no": 609, "priority": 5, "description": "Nm: Method names should start with a lower case letter", "line_content": "        String bucketName = putImageStyleRequest.GetBucketName();\n"}, {"type": "NM_METHOD_NAMING_CONVENTION", "file_name": "src/main/java/com/aliyun/oss/internal/OSSBucketOperation.java", "commit_sha": "4c09d5c4291b1a2fb3ca84c459d9c7ca959d6583", "line_no": 610, "priority": 5, "description": "Nm: Method names should start with a lower case letter", "line_content": "        String styleName = putImageStyleRequest.GetStyleName();\n"}, {"type": "NM_METHOD_NAMING_CONVENTION", "file_name": "src/main/java/com/aliyun/oss/internal/ResponseParsers.java", "commit_sha": "4c09d5c4291b1a2fb3ca84c459d9c7ca959d6583", "line_no": 2323, "priority": 5, "description": "Nm: Method names should start with a lower case letter", "line_content": "                    result.AddRoutingRule(rule);\n"}]}