{"repo": "AY2021S2-CS2103T-T12-1/tp", "id": "1", "total": 2, "items": [{"type": "EC_NULL_ARG", "file_name": "src/test/java/seedu/address/logic/commands/RemarkCommandTest.java", "commit_sha": "9922369f317a058a2ea5ae8da82515ec7c6d9921", "line_no": 122, "priority": 2, "description": "Call to equals(null)", "line_content": "        assertFalse(standardCommand.equals(null));\n"}, {"type": "SA_SELF_COMPARISON", "file_name": "src/test/java/seedu/address/logic/commands/RemarkCommandTest.java", "commit_sha": "9922369f317a058a2ea5ae8da82515ec7c6d9921", "line_no": 119, "priority": 2, "description": "Self comparison of value or field with itself", "line_content": "        assertTrue(standardCommand.equals(standardCommand));\n"}]}