{"repo": "devyaniB/cwa-server", "id": "11", "total": 1, "items": [{"type": "UI_INHERITANCE_UNSAFE_GETRESOURCE", "file_name": "common/federation/src/main/java/app/coronawarn/server/common/federation/client/FederationFeignHttpClientProvider.java", "commit_sha": "01ddeddb582423ed2d79502e75543dfa2b323605", "line_no": 76, "priority": 3, "description": "Usage of GetResource may be unsafe if class is extended", "line_content": "    try (InputStream keyStoreStream = this.getClass().getResourceAsStream(keyStorePath)) {\n"}]}