{"repo": "Zipcoder/Maven.Casino", "id": "24", "total": 14, "items": [{"type": "ES_COMPARING_STRINGS_WITH_EQ", "file_name": "src/main/java/io/zipcoder/casino/Casino.java", "commit_sha": "789ed37f15a2f4a0927c620b61551caf6b33c399", "line_no": 78, "priority": 2, "description": "Suspicious reference comparison of String objects", "line_content": "            if(currentPlayer.getName() != \"TIMBERDOODLE72\"){\n"}, {"type": "RV_01_TO_INT", "file_name": "src/main/java/io/zipcoder/casino/GoFish.java", "commit_sha": "789ed37f15a2f4a0927c620b61551caf6b33c399", "line_no": 82, "priority": 1, "description": "Random value from 0 to 1 is coerced to the integer 0", "line_content": "       int pickCard = (int) Math.random() * (this.dealersHand.size() - 1);\n"}, {"type": "ES_COMPARING_STRINGS_WITH_EQ", "file_name": "src/main/java/io/zipcoder/casino/GoFishEngine.java", "commit_sha": "789ed37f15a2f4a0927c620b61551caf6b33c399", "line_no": 26, "priority": 2, "description": "Suspicious reference comparison of String objects", "line_content": "            if (g.getTurn() == \"player\") {\n"}, {"type": "ES_COMPARING_STRINGS_WITH_EQ", "file_name": "src/main/java/io/zipcoder/casino/GoFishEngine.java", "commit_sha": "789ed37f15a2f4a0927c620b61551caf6b33c399", "line_no": 29, "priority": 2, "description": "Suspicious reference comparison of String objects", "line_content": "            } else if (g.getTurn() == \"dealer\") {\n"}, {"type": "NM_METHOD_NAMING_CONVENTION", "file_name": "src/test/java/io/zipcoder/casino/GoFishTest.java", "commit_sha": "789ed37f15a2f4a0927c620b61551caf6b33c399", "line_no": 132, "priority": 2, "description": "Nm: Method names should start with a lower case letter", "line_content": "    public void TestGetValueOfCard() {\n"}, {"type": "NM_METHOD_NAMING_CONVENTION", "file_name": "src/test/java/io/zipcoder/casino/PlayerTest.java", "commit_sha": "789ed37f15a2f4a0927c620b61551caf6b33c399", "line_no": 11, "priority": 2, "description": "Nm: Method names should start with a lower case letter", "line_content": "    public void PlayerConstructorTest() {\n"}, {"type": "NM_METHOD_NAMING_CONVENTION", "file_name": "src/test/java/io/zipcoder/casino/PlayerTest.java", "commit_sha": "789ed37f15a2f4a0927c620b61551caf6b33c399", "line_no": 24, "priority": 2, "description": "Nm: Method names should start with a lower case letter", "line_content": "    public void PlayerGetAccountBalanceTest() {\n"}, {"type": "NM_METHOD_NAMING_CONVENTION", "file_name": "src/test/java/io/zipcoder/casino/PlayerTest.java", "commit_sha": "789ed37f15a2f4a0927c620b61551caf6b33c399", "line_no": 36, "priority": 2, "description": "Nm: Method names should start with a lower case letter", "line_content": "    public void PlayerSetAccountBalanceTest() {\n"}, {"type": "NM_METHOD_NAMING_CONVENTION", "file_name": "src/test/java/io/zipcoder/casino/PlayerTest.java", "commit_sha": "789ed37f15a2f4a0927c620b61551caf6b33c399", "line_no": 48, "priority": 2, "description": "Nm: Method names should start with a lower case letter", "line_content": "    public void PlayerMakeBetTest() {\n"}, {"type": "NM_METHOD_NAMING_CONVENTION", "file_name": "src/test/java/io/zipcoder/casino/PlayerTest.java", "commit_sha": "789ed37f15a2f4a0927c620b61551caf6b33c399", "line_no": 61, "priority": 2, "description": "Nm: Method names should start with a lower case letter", "line_content": "    public void PlayerMakeBetTest2() {\n"}, {"type": "NM_METHOD_NAMING_CONVENTION", "file_name": "src/test/java/io/zipcoder/casino/PlayerTest.java", "commit_sha": "789ed37f15a2f4a0927c620b61551caf6b33c399", "line_no": 75, "priority": 2, "description": "Nm: Method names should start with a lower case letter", "line_content": "    public void PlayerMakeBetTest3() {\n"}, {"type": "NM_METHOD_NAMING_CONVENTION", "file_name": "src/test/java/io/zipcoder/casino/PlayerTest.java", "commit_sha": "789ed37f15a2f4a0927c620b61551caf6b33c399", "line_no": 87, "priority": 2, "description": "Nm: Method names should start with a lower case letter", "line_content": "    public void PlayerMakeBetTest4() {\n"}, {"type": "NM_METHOD_NAMING_CONVENTION", "file_name": "src/test/java/io/zipcoder/casino/PlayerTest.java", "commit_sha": "789ed37f15a2f4a0927c620b61551caf6b33c399", "line_no": 101, "priority": 2, "description": "Nm: Method names should start with a lower case letter", "line_content": "    public void PlayerMakeBetTest5() {\n"}, {"type": "NM_METHOD_NAMING_CONVENTION", "file_name": "src/test/java/io/zipcoder/casino/PlayerTest.java", "commit_sha": "789ed37f15a2f4a0927c620b61551caf6b33c399", "line_no": 114, "priority": 2, "description": "Nm: Method names should start with a lower case letter", "line_content": "    public void MakeDepositTest() {\n"}]}