{"repo": "ddt-syamashita/meikaijava_syamashita", "id": "4", "total": 2, "items": [{"type": "VA_FORMAT_STRING_USES_NEWLINE", "file_name": "meikai_java/src/E_5_6/E_5_6.java", "commit_sha": "00f73c29c48c387445b3b817ec795384e64e9b8c", "line_no": 26, "priority": 2, "description": "Format string should use %n rather than \\n", "line_content": "\t\t\tSystem.out.printf(\"%.7f     %.7f\\n\", x, intValue2);\n"}, {"type": "VA_FORMAT_STRING_USES_NEWLINE", "file_name": "meikai_java/src/E_5_7/E_5_7.java", "commit_sha": "00f73c29c48c387445b3b817ec795384e64e9b8c", "line_no": 26, "priority": 2, "description": "Format string should use %n rather than \\n", "line_content": "\t\t\tSystem.out.printf(\"%.7f       %.7f\\n\", resultValue, (resultValue * resultValue));\n"}]}