{"repo": "amodeus-science/amod", "id": "203", "total": 6, "items": [{"type": "NM_METHOD_NAMING_CONVENTION", "file_name": "src/main/java/amodeus/socket/SocketExport.java", "commit_sha": "8d283a7ae30414099d77d047824b000837c62881", "line_no": 83, "priority": 5, "description": "Nm: Method names should start with a lower case letter", "line_content": "            chart.getXYPlot().getRangeAxis().setRange(Unprotect.withoutUnit(fleetSizeScoreIntg.Get(0,0)).number().intValue() * 2.0, 0.0);\n"}, {"type": "NM_METHOD_NAMING_CONVENTION", "file_name": "src/main/java/amodeus/socket/SocketHost.java", "commit_sha": "8d283a7ae30414099d77d047824b000837c62881", "line_no": 90, "priority": 5, "description": "Nm: Method names should start with a lower case letter", "line_content": "            int numReqDes = Unprotect.withoutUnit(config2.Get(0)).number().intValue();\n"}, {"type": "NM_METHOD_NAMING_CONVENTION", "file_name": "src/main/java/amodeus/socket/SocketHost.java", "commit_sha": "8d283a7ae30414099d77d047824b000837c62881", "line_no": 91, "priority": 5, "description": "Nm: Method names should start with a lower case letter", "line_content": "            int fleetSize = Unprotect.withoutUnit(config2.Get(1)).number().intValue();\n"}, {"type": "NM_METHOD_NAMING_CONVENTION", "file_name": "src/main/java/amodeus/socket/core/SocketDispatcherHost.java", "commit_sha": "8d283a7ae30414099d77d047824b000837c62881", "line_no": 93, "priority": 5, "description": "Nm: Method names should start with a lower case letter", "line_content": "                        RoboTaxi roboTaxi = idRoboTaxiMap.get(Unprotect.withoutUnit(pickup.Get(0)).number().intValue());\n"}, {"type": "NM_METHOD_NAMING_CONVENTION", "file_name": "src/main/java/amodeus/socket/core/SocketDispatcherHost.java", "commit_sha": "8d283a7ae30414099d77d047824b000837c62881", "line_no": 94, "priority": 5, "description": "Nm: Method names should start with a lower case letter", "line_content": "                        PassengerRequest avRequest = idRequestMap.get(Unprotect.withoutUnit(pickup.Get(1)).number().intValue());\n"}, {"type": "NM_METHOD_NAMING_CONVENTION", "file_name": "src/main/java/amodeus/socket/core/SocketDispatcherHost.java", "commit_sha": "8d283a7ae30414099d77d047824b000837c62881", "line_no": 100, "priority": 5, "description": "Nm: Method names should start with a lower case letter", "line_content": "                        RoboTaxi roboTaxi = idRoboTaxiMap.get(Unprotect.withoutUnit(rebalance.Get(0)).number().intValue());\n"}]}