{"repo": "Ovsiannikov78/web-automation", "id": "1", "total": 3, "items": [{"type": "NM_METHOD_NAMING_CONVENTION", "file_name": "src/test/java/de/sconto/steps_add_to_cart/ArticleSteps.java", "commit_sha": "866478a1b981e60efaab8d739c8144cd48aec9ce", "line_no": 21, "priority": 5, "description": "Nm: Method names should start with a lower case letter", "line_content": "        Then(\"I see Article Page\", () -> articlePage.article().should(exist));\n"}, {"type": "NM_METHOD_NAMING_CONVENTION", "file_name": "src/test/java/de/sconto/steps_add_to_cart/ArticleSteps.java", "commit_sha": "866478a1b981e60efaab8d739c8144cd48aec9ce", "line_no": 22, "priority": 5, "description": "Nm: Method names should start with a lower case letter", "line_content": "        And(\"I see the status of the cart 0\", () -> articlePage.cartEmpty().should(exist));\n"}, {"type": "NM_METHOD_NAMING_CONVENTION", "file_name": "src/test/java/de/sconto/steps_add_to_cart/ArticleSteps.java", "commit_sha": "866478a1b981e60efaab8d739c8144cd48aec9ce", "line_no": 24, "priority": 5, "description": "Nm: Method names should start with a lower case letter", "line_content": "        When(\"I click on the Add Button\", () -> articlePage.addProductToCart());\n"}]}