{"repo": "TheNeonLightning/smart-home-2021", "id": "2", "total": 4, "items": [{"type": "NM_METHOD_NAMING_CONVENTION", "file_name": "src/test/java/ActionableSmartHomeTest.java", "commit_sha": "6aef65cc222fc55ef9c5138a72b0cbef0ec0dc8c", "line_no": 26, "priority": 2, "description": "Nm: Method names should start with a lower case letter", "line_content": "    public void ActionableLightsTest() {\n"}, {"type": "NM_METHOD_NAMING_CONVENTION", "file_name": "src/test/java/ActionableSmartHomeTest.java", "commit_sha": "6aef65cc222fc55ef9c5138a72b0cbef0ec0dc8c", "line_no": 50, "priority": 2, "description": "Nm: Method names should start with a lower case letter", "line_content": "    public void ActionableDoorsTest() {\n"}, {"type": "NM_METHOD_NAMING_CONVENTION", "file_name": "src/test/java/ActionableSmartHomeTest.java", "commit_sha": "6aef65cc222fc55ef9c5138a72b0cbef0ec0dc8c", "line_no": 74, "priority": 2, "description": "Nm: Method names should start with a lower case letter", "line_content": "    public void ActionableRoomsTest() {\n"}, {"type": "NM_METHOD_NAMING_CONVENTION", "file_name": "src/test/java/ActionableSmartHomeTest.java", "commit_sha": "6aef65cc222fc55ef9c5138a72b0cbef0ec0dc8c", "line_no": 96, "priority": 2, "description": "Nm: Method names should start with a lower case letter", "line_content": "    public void ActionableSmartHomeTest() {\n"}]}