{"repo": "Samoilenkoaa/Lesson11", "id": "1", "total": 2, "items": [{"type": "NM_METHOD_NAMING_CONVENTION", "file_name": "app/src/main/java/com/example/lesson11/notes/MyNoteDataClassRecyclerViewAdapter.java", "commit_sha": "ce67164b2213b6bc8ae75f592a606b35476579e2", "line_no": 30, "priority": 2, "description": "Nm: Method names should start with a lower case letter", "line_content": "    public void SetOnItemClickListener(OnItemClickListener itemClickListener){\n"}, {"type": "NM_METHOD_NAMING_CONVENTION", "file_name": "app/src/main/java/com/example/lesson11/notes/NotesFragment.java", "commit_sha": "ce67164b2213b6bc8ae75f592a606b35476579e2", "line_no": 81, "priority": 5, "description": "Nm: Method names should start with a lower case letter", "line_content": "        dataAdapter.SetOnItemClickListener(this);\n"}]}