{"NM_METHOD_NAMING_CONVENTION": 1516, "DM_STRING_VOID_CTOR": 13, "NM_CLASS_NAMING_CONVENTION": 150, "ES_COMPARING_STRINGS_WITH_EQ": 88, "DMI_RANDOM_USED_ONLY_ONCE": 39, "DM_STRING_CTOR": 34, "SA_SELF_ASSIGNMENT": 5, "QBA_QUESTIONABLE_BOOLEAN_ASSIGNMENT": 4, "NM_SAME_SIMPLE_NAME_AS_SUPERCLASS": 16, "CNT_ROUGH_CONSTANT_VALUE": 27, "UI_INHERITANCE_UNSAFE_GETRESOURCE": 102, "RV_EXCEPTION_NOT_THROWN": 3, "NM_SAME_SIMPLE_NAME_AS_INTERFACE": 2, "VA_FORMAT_STRING_USES_NEWLINE": 185, "DM_RUN_FINALIZERS_ON_EXIT": 2, "EC_NULL_ARG": 23, "SA_SELF_COMPARISON": 46, "BC_IMPOSSIBLE_DOWNCAST_OF_TOARRAY": 3, "DMI_USING_REMOVEALL_TO_CLEAR_COLLECTION": 2, "SE_READ_RESOLVE_MUST_RETURN_OBJECT": 1, "RV_01_TO_INT": 2, "SA_SELF_COMPUTATION": 9, "RC_REF_COMPARISON_BAD_PRACTICE_BOOLEAN": 5, "BSHIFT_WRONG_ADD_PRIORITY": 6, "DLS_DEAD_LOCAL_INCREMENT_IN_RETURN": 1, "STCAL_STATIC_SIMPLE_DATE_FORMAT_INSTANCE": 2, "EQ_COMPARING_CLASS_NAMES": 1}