{"repo": "dreamncn/Qianji_auto", "id": "16", "total": 3, "items": [{"type": "NM_METHOD_NAMING_CONVENTION", "file_name": "app/src/main/java/cn/dreamn/qianji_auto/core/db/Helper/Assets.java", "commit_sha": "46d4405c6db13cc2288330443666fdca96582989", "line_no": 116, "priority": 5, "description": "Nm: Method names should start with a lower case letter", "line_content": "        Asset[] assets = DbManger.db.AssetDao().get(assetName);\n"}, {"type": "NM_METHOD_NAMING_CONVENTION", "file_name": "app/src/main/java/cn/dreamn/qianji_auto/core/db/Helper/Assets.java", "commit_sha": "46d4405c6db13cc2288330443666fdca96582989", "line_no": 118, "priority": 5, "description": "Nm: Method names should start with a lower case letter", "line_content": "        Asset[] assetsArr = DbManger.db.AssetDao().getAllFromRegex();\n"}, {"type": "NM_METHOD_NAMING_CONVENTION", "file_name": "app/src/main/java/cn/dreamn/qianji_auto/core/db/Helper/Assets.java", "commit_sha": "46d4405c6db13cc2288330443666fdca96582989", "line_no": 137, "priority": 5, "description": "Nm: Method names should start with a lower case letter", "line_content": "            DbManger.db.AssetDao().add(assetName, assetName);"}]}