{"repo": "DSpace/DSpace", "id": "3186", "total": 3, "items": [{"type": "UI_INHERITANCE_UNSAFE_GETRESOURCE", "file_name": "dspace-api/src/test/java/org/dspace/authority/orcid/MockOrcid.java", "commit_sha": "49728a097ea86fd7ed7b91e196ca797716dbac9a", "line_no": 35, "priority": 3, "description": "Usage of GetResource may be unsafe if class is extended", "line_content": "                    return this.getClass().getResourceAsStream(\"orcid-search-noresults.xml\");\n"}, {"type": "UI_INHERITANCE_UNSAFE_GETRESOURCE", "file_name": "dspace-api/src/test/java/org/dspace/authority/orcid/MockOrcid.java", "commit_sha": "49728a097ea86fd7ed7b91e196ca797716dbac9a", "line_no": 41, "priority": 3, "description": "Usage of GetResource may be unsafe if class is extended", "line_content": "                        return this.getClass().getResourceAsStream(\"orcid-search.xml\");\n"}, {"type": "UI_INHERITANCE_UNSAFE_GETRESOURCE", "file_name": "dspace-api/src/test/java/org/dspace/authority/orcid/MockOrcid.java", "commit_sha": "49728a097ea86fd7ed7b91e196ca797716dbac9a", "line_no": 47, "priority": 3, "description": "Usage of GetResource may be unsafe if class is extended", "line_content": "                        return this.getClass().getResourceAsStream(\"orcid-person-record.xml\");\n"}]}