{"repo": "apache/cloudstack", "id": "4800", "total": 2, "items": [{"type": "DM_STRING_CTOR", "file_name": "plugins/hypervisors/kvm/src/main/java/com/cloud/hypervisor/kvm/resource/LibvirtComputingResource.java", "commit_sha": "ef0321d41ed183d5d9fcbc84b961ca1d73769d49", "line_no": 4267, "priority": 2, "description": "Method invokes inefficient new String(String) constructor", "line_content": "            String backingFilePath = info.get(new String(\"backing_file\"));\n"}, {"type": "DM_STRING_CTOR", "file_name": "plugins/hypervisors/kvm/src/main/java/com/cloud/hypervisor/kvm/resource/LibvirtComputingResource.java", "commit_sha": "ef0321d41ed183d5d9fcbc84b961ca1d73769d49", "line_no": 4268, "priority": 2, "description": "Method invokes inefficient new String(String) constructor", "line_content": "            String backingFileFormat = info.get(new String(\"backing_file_format\"));\n"}]}