{"repo": "Adobe-Marketing-Cloud/asset-share-commons", "id": "584", "total": 1, "items": [{"type": "UI_INHERITANCE_UNSAFE_GETRESOURCE", "file_name": "core/src/test/java/com/adobe/aem/commons/assetshare/content/renditions/download/impl/AssetRenditionsDownloadServletTest.java", "commit_sha": "12ec5c213e2d8f02ec045de5cb776242a1a8a8e9", "line_no": 129, "priority": 3, "description": "Usage of GetResource may be unsafe if class is extended", "line_content": "        final byte[] expectedOutputStream = IOUtils.toByteArray(this.getClass().getResourceAsStream(\"AssetRenditionsDownloadServletTest__original.png\"));"}]}