{"repo": "Marc-JB/DevOps", "id": "6", "total": 7, "items": [{"type": "DMI_RANDOM_USED_ONLY_ONCE", "file_name": "src/main/java/nl/avans/devops/code/vcs/git/GitBranch.java", "commit_sha": "632fefc40d393597281be134dd65fd972108bafb", "line_no": 37, "priority": 1, "description": "Random object created and used only once", "line_content": "        id = new SecureRandom().nextLong();\n"}, {"type": "DMI_RANDOM_USED_ONLY_ONCE", "file_name": "src/main/java/nl/avans/devops/code/vcs/git/GitCommit.java", "commit_sha": "632fefc40d393597281be134dd65fd972108bafb", "line_no": 18, "priority": 1, "description": "Random object created and used only once", "line_content": "        id = new SecureRandom().nextLong();\n"}, {"type": "DMI_RANDOM_USED_ONLY_ONCE", "file_name": "src/main/java/nl/avans/devops/code/vcs/git/GitCommit.java", "commit_sha": "632fefc40d393597281be134dd65fd972108bafb", "line_no": 23, "priority": 1, "description": "Random object created and used only once", "line_content": "        id = new SecureRandom().nextLong();\n"}, {"type": "DMI_RANDOM_USED_ONLY_ONCE", "file_name": "src/main/java/nl/avans/devops/code/vcs/subversion/SubversionBranch.java", "commit_sha": "632fefc40d393597281be134dd65fd972108bafb", "line_no": 37, "priority": 1, "description": "Random object created and used only once", "line_content": "        id = new SecureRandom().nextLong();\n"}, {"type": "DMI_RANDOM_USED_ONLY_ONCE", "file_name": "src/main/java/nl/avans/devops/code/vcs/subversion/SubversionCommit.java", "commit_sha": "632fefc40d393597281be134dd65fd972108bafb", "line_no": 18, "priority": 1, "description": "Random object created and used only once", "line_content": "        id = new SecureRandom().nextLong();\n"}, {"type": "DMI_RANDOM_USED_ONLY_ONCE", "file_name": "src/main/java/nl/avans/devops/code/vcs/subversion/SubversionCommit.java", "commit_sha": "632fefc40d393597281be134dd65fd972108bafb", "line_no": 23, "priority": 1, "description": "Random object created and used only once", "line_content": "        id = new SecureRandom().nextLong();\n"}, {"type": "DMI_RANDOM_USED_ONLY_ONCE", "file_name": "src/main/java/nl/avans/devops/code/vcs/subversion/SubversionTrunk.java", "commit_sha": "632fefc40d393597281be134dd65fd972108bafb", "line_no": 26, "priority": 1, "description": "Random object created and used only once", "line_content": "        id = new SecureRandom().nextLong();\n"}]}