{"repo": "folio-org/mod-pubsub", "id": "137", "total": 1, "items": [{"type": "NM_METHOD_NAMING_CONVENTION", "file_name": "folio-kafka-wrapper/src/main/java/org/folio/kafka/cache/KafkaInternalCache.java", "commit_sha": "0a0c19df579882a457c9d706528dac7ae6105b45", "line_no": 39, "priority": 5, "description": "Nm: Method names should start with a lower case letter", "line_content": "    Cache<String, String> cache = new KafkaCache<>(\n      kafkaConfig.getCacheConfig(),\n      Serdes.String(),\n      Serdes.String()\n    );\n"}]}