{"repo": "Nik-Shalashov/My_cool_notes", "id": "5", "total": 3, "items": [{"type": "NM_METHOD_NAMING_CONVENTION", "file_name": "app/src/main/java/ru/android1/mycoolnotes/adapter/NotesAdapter.java", "commit_sha": "430d5322d98717b314fd988734bd5142dc425c2a", "line_no": 53, "priority": 2, "description": "Nm: Method names should start with a lower case letter", "line_content": "    public void SetOnItemClickListener(OnItemClickListener itemClickListener){\n"}, {"type": "NM_SAME_SIMPLE_NAME_AS_SUPERCLASS", "file_name": "app/src/main/java/ru/android1/mycoolnotes/adapter/ViewHolder.java", "commit_sha": "430d5322d98717b314fd988734bd5142dc425c2a", "line_no": 12, "priority": 1, "description": "Class names shouldn\u2019t shadow simple name of superclass", "line_content": "public class ViewHolder extends RecyclerView.ViewHolder {\n"}, {"type": "NM_METHOD_NAMING_CONVENTION", "file_name": "app/src/main/java/ru/android1/mycoolnotes/notes/NotesFragment.java", "commit_sha": "430d5322d98717b314fd988734bd5142dc425c2a", "line_no": 81, "priority": 5, "description": "Nm: Method names should start with a lower case letter", "line_content": "        adapter.SetOnItemClickListener((view, position) -> checkOrientation(notes.get(position)));\n"}]}