{"repo": "maryangrb/pruebaSeleniumBasico", "id": "1", "total": 2, "items": [{"type": "NM_CLASS_NAMING_CONVENTION", "file_name": "src/test/java/dataProvider.java", "commit_sha": "2b8583164e82615d5badb3640e2087ea6b98e677", "line_no": 14, "priority": 2, "description": "Nm: Class names should start with an upper case letter", "line_content": "public class dataProvider {\n"}, {"type": "NM_CLASS_NAMING_CONVENTION", "file_name": "src/test/java/factory.java", "commit_sha": "2b8583164e82615d5badb3640e2087ea6b98e677", "line_no": 3, "priority": 2, "description": "Nm: Class names should start with an upper case letter", "line_content": "public class factory {\n"}]}