{"repo": "tlaplus/tlaplus", "id": "588", "total": 4, "items": [{"type": "ES_COMPARING_STRINGS_WITH_EQ", "file_name": "tlatools/org.lamport.tlatools/src/tlc2/TraceExplorer.java", "commit_sha": "50a8cc1a9aa5ea978e3e1b28da091529314631e7", "line_no": 318, "priority": 2, "description": "Suspicious reference comparison of String objects", "line_content": "\t\tif (modelValuesAsConstants != \"\") {\n"}, {"type": "VA_FORMAT_STRING_USES_NEWLINE", "file_name": "tlatools/org.lamport.tlatools/src/tlc2/TraceExplorer.java", "commit_sha": "50a8cc1a9aa5ea978e3e1b28da091529314631e7", "line_no": 223, "priority": 2, "description": "Format string should use %n rather than \\n", "line_content": "\t\t\tmodelValuesAsConstants = String.format(\"CONSTANTS %s\\n\", String.join(\", \", modConstants));\n"}, {"type": "ES_COMPARING_STRINGS_WITH_EQ", "file_name": "tlatools/org.lamport.tlatools/src/tlc2/output/SpecTraceExpressionWriter.java", "commit_sha": "50a8cc1a9aa5ea978e3e1b28da091529314631e7", "line_no": 930, "priority": 2, "description": "Suspicious reference comparison of String objects", "line_content": "\t\tif (configInitName != null && configInitName != \"\") {\n"}, {"type": "ES_COMPARING_STRINGS_WITH_EQ", "file_name": "tlatools/org.lamport.tlatools/src/tlc2/output/SpecTraceExpressionWriter.java", "commit_sha": "50a8cc1a9aa5ea978e3e1b28da091529314631e7", "line_no": 966, "priority": 2, "description": "Suspicious reference comparison of String objects", "line_content": "\t\t\tif (finalState.isBackToState() || finalState.isStuttering() || configNextName == null || configNextName == \"\") {\n"}]}