{"repo": "lucile98-ode/GPI-L2BHA-FENOUIL", "id": "18", "total": 22, "items": [{"type": "ES_COMPARING_STRINGS_WITH_EQ", "file_name": "ArticleMAJ.java", "commit_sha": "0ee06c46ace2215435b975cf7ea9268e2cbc6152", "line_no": 71, "priority": 2, "description": "Suspicious reference comparison of String objects", "line_content": "        if (modification == \"designation\") {\r\n"}, {"type": "ES_COMPARING_STRINGS_WITH_EQ", "file_name": "ArticleMAJ.java", "commit_sha": "0ee06c46ace2215435b975cf7ea9268e2cbc6152", "line_no": 84, "priority": 2, "description": "Suspicious reference comparison of String objects", "line_content": "        } else if (modification == \"prix\") {\r\n"}, {"type": "ES_COMPARING_STRINGS_WITH_EQ", "file_name": "ArticleMAJ.java", "commit_sha": "0ee06c46ace2215435b975cf7ea9268e2cbc6152", "line_no": 98, "priority": 2, "description": "Suspicious reference comparison of String objects", "line_content": "        } else if (modification == \"quantite\") {\r\n"}, {"type": "ES_COMPARING_STRINGS_WITH_EQ", "file_name": "ArticleMAJ.java", "commit_sha": "0ee06c46ace2215435b975cf7ea9268e2cbc6152", "line_no": 121, "priority": 2, "description": "Suspicious reference comparison of String objects", "line_content": "                if (modification == \"designation\") {\r\n"}, {"type": "ES_COMPARING_STRINGS_WITH_EQ", "file_name": "ArticleMAJ.java", "commit_sha": "0ee06c46ace2215435b975cf7ea9268e2cbc6152", "line_no": 127, "priority": 2, "description": "Suspicious reference comparison of String objects", "line_content": "                } else if (modification == \"prix\") {\r\n"}, {"type": "ES_COMPARING_STRINGS_WITH_EQ", "file_name": "ArticleMAJ.java", "commit_sha": "0ee06c46ace2215435b975cf7ea9268e2cbc6152", "line_no": 133, "priority": 2, "description": "Suspicious reference comparison of String objects", "line_content": "                } else if (modification == \"quantite\") {\r\n"}, {"type": "NM_METHOD_NAMING_CONVENTION", "file_name": "InterfaceGraphique.java", "commit_sha": "0ee06c46ace2215435b975cf7ea9268e2cbc6152", "line_no": 263, "priority": 2, "description": "Nm: Method names should start with a lower case letter", "line_content": "    public static void AdministrerDonnees(BaseDeDonnees b) {\r\n"}, {"type": "NM_METHOD_NAMING_CONVENTION", "file_name": "InterfaceGraphique.java", "commit_sha": "0ee06c46ace2215435b975cf7ea9268e2cbc6152", "line_no": 274, "priority": 5, "description": "Nm: Method names should start with a lower case letter", "line_content": "            Accueil(b);\r\n"}, {"type": "NM_METHOD_NAMING_CONVENTION", "file_name": "InterfaceGraphique.java", "commit_sha": "0ee06c46ace2215435b975cf7ea9268e2cbc6152", "line_no": 310, "priority": 5, "description": "Nm: Method names should start with a lower case letter", "line_content": "                ModificationsArticle(b);\r\n"}, {"type": "NM_METHOD_NAMING_CONVENTION", "file_name": "InterfaceGraphique.java", "commit_sha": "0ee06c46ace2215435b975cf7ea9268e2cbc6152", "line_no": 382, "priority": 2, "description": "Nm: Method names should start with a lower case letter", "line_content": "    public static void ModificationsArticle(BaseDeDonnees b) {\r\n"}, {"type": "NM_METHOD_NAMING_CONVENTION", "file_name": "InterfaceGraphique.java", "commit_sha": "0ee06c46ace2215435b975cf7ea9268e2cbc6152", "line_no": 392, "priority": 5, "description": "Nm: Method names should start with a lower case letter", "line_content": "            AdministrerDonnees(b);\r\n"}, {"type": "NM_METHOD_NAMING_CONVENTION", "file_name": "InterfaceGraphique.java", "commit_sha": "0ee06c46ace2215435b975cf7ea9268e2cbc6152", "line_no": 400, "priority": 5, "description": "Nm: Method names should start with a lower case letter", "line_content": "            Accueil(b);\r\n"}, {"type": "NM_METHOD_NAMING_CONVENTION", "file_name": "Main.java", "commit_sha": "0ee06c46ace2215435b975cf7ea9268e2cbc6152", "line_no": 4, "priority": 5, "description": "Nm: Method names should start with a lower case letter", "line_content": "                InterfaceGraphique.Accueil(b);\r\n"}, {"type": "ES_COMPARING_STRINGS_WITH_EQ", "file_name": "ToStringArticleMAJ.java", "commit_sha": "0ee06c46ace2215435b975cf7ea9268e2cbc6152", "line_no": 13, "priority": 2, "description": "Suspicious reference comparison of String objects", "line_content": "        if (this.modification == \"designation\") {\r\n"}, {"type": "ES_COMPARING_STRINGS_WITH_EQ", "file_name": "ToStringArticleMAJ.java", "commit_sha": "0ee06c46ace2215435b975cf7ea9268e2cbc6152", "line_no": 21, "priority": 2, "description": "Suspicious reference comparison of String objects", "line_content": "        if (this.modification == \"prix\") {\r\n"}, {"type": "ES_COMPARING_STRINGS_WITH_EQ", "file_name": "ToStringArticleMAJ.java", "commit_sha": "0ee06c46ace2215435b975cf7ea9268e2cbc6152", "line_no": 23, "priority": 2, "description": "Suspicious reference comparison of String objects", "line_content": "        } else if (this.modification == \"quantite\") {\r\n"}, {"type": "ES_COMPARING_STRINGS_WITH_EQ", "file_name": "ToStringArticleMAJ.java", "commit_sha": "0ee06c46ace2215435b975cf7ea9268e2cbc6152", "line_no": 34, "priority": 2, "description": "Suspicious reference comparison of String objects", "line_content": "        if (this.modification == \"designation\") {\r\n"}, {"type": "ES_COMPARING_STRINGS_WITH_EQ", "file_name": "ToStringArticleMAJ.java", "commit_sha": "0ee06c46ace2215435b975cf7ea9268e2cbc6152", "line_no": 38, "priority": 2, "description": "Suspicious reference comparison of String objects", "line_content": "        } else if (this.modification == \"prix\" && this.prix >= 0) {\r\n"}, {"type": "ES_COMPARING_STRINGS_WITH_EQ", "file_name": "ToStringArticleMAJ.java", "commit_sha": "0ee06c46ace2215435b975cf7ea9268e2cbc6152", "line_no": 42, "priority": 2, "description": "Suspicious reference comparison of String objects", "line_content": "        } else if (this.modification == \"quantite\" && this.quantite >= 0) {\r\n"}, {"type": "NM_METHOD_NAMING_CONVENTION", "file_name": "ToStringConnexionAdmin.java", "commit_sha": "0ee06c46ace2215435b975cf7ea9268e2cbc6152", "line_no": 24, "priority": 5, "description": "Nm: Method names should start with a lower case letter", "line_content": "            InterfaceGraphique.AdministrerDonnees(b);\r\n"}, {"type": "ES_COMPARING_STRINGS_WITH_EQ", "file_name": "ToStringCreationArticle.java", "commit_sha": "0ee06c46ace2215435b975cf7ea9268e2cbc6152", "line_no": 23, "priority": 2, "description": "Suspicious reference comparison of String objects", "line_content": "        if (this.numero != \"\" || this.designation != \"\") {\r\n"}, {"type": "ES_COMPARING_STRINGS_WITH_EQ", "file_name": "ToStringIndividuCreation.java", "commit_sha": "0ee06c46ace2215435b975cf7ea9268e2cbc6152", "line_no": 37, "priority": 2, "description": "Suspicious reference comparison of String objects", "line_content": "        if (this.nom != \"\" || this.prenom != \"\" || this.adresseRue != \"\" || this.ville != \"\" || this.numeroTel != \"\") {\r\n"}]}