{"repo": "clean-code-craft-tcq-1/function-ext-java-rashika057", "id": "1", "total": 2, "items": [{"type": "DM_STRING_CTOR", "file_name": "vitals/InternationalizedText.java", "commit_sha": "0f4f26e182c4e2d7bbafbe626e6204dbe9d4d101", "line_no": 17, "priority": 2, "description": "Method invokes inefficient new String(String) constructor", "line_content": "\tlanguage = new String(\"en\");\r\n"}, {"type": "DM_STRING_CTOR", "file_name": "vitals/InternationalizedText.java", "commit_sha": "0f4f26e182c4e2d7bbafbe626e6204dbe9d4d101", "line_no": 18, "priority": 2, "description": "Method invokes inefficient new String(String) constructor", "line_content": "\tcountry = new String(\"US\");\r\n"}]}