{"repo": "oracle/graal", "id": "3288", "total": 1, "items": [{"type": "RC_REF_COMPARISON_BAD_PRACTICE_BOOLEAN", "file_name": "substratevm/src/com.oracle.svm.hosted/src/com/oracle/svm/hosted/jdk/JNIRegistrationSupport.java", "commit_sha": "2de5f6dedce3bc07fea4c29c6a6a59c92bbfb39a", "line_no": 118, "priority": 2, "description": "Suspicious reference comparison of Boolean values", "line_content": "        if (libname != null && registeredLibraries.putIfAbsent(libname, Boolean.TRUE) != Boolean.TRUE) {\n"}]}