{"repo": "christophschubert/cp-testcontainers", "id": "1", "total": 1, "items": [{"type": "VA_FORMAT_STRING_USES_NEWLINE", "file_name": "src/main/java/net/christophschubert/cp/testcontainers/LdapContainer.java", "commit_sha": "4fcebcb06d54d0054a79109536e40482302b6605", "line_no": 125, "priority": 2, "description": "Format string should use %n rather than \\n", "line_content": "        return members.stream()\n                .map(s -> String.format(\"memberOf: cn=%s,ou=groups,{{ LDAP_BASE_DN }}\\n\", s))\n                .collect(Collectors.joining(\"\"));\n"}]}