{"repo": "ftsrg/theta", "id": "108", "total": 2, "items": [{"type": "NM_METHOD_NAMING_CONVENTION", "file_name": "subprojects/xta/xta-analysis/src/main/java/hu/bme/mit/theta/xta/analysis/XtaAction.java", "commit_sha": "a5607f3bcaf250a7a169f00cfd29a25be42b41f4", "line_no": 59, "priority": 5, "description": "Nm: Method names should start with a lower case letter", "line_content": "\tpublic static final VarDecl<RatType> DELAY = Var(\"_delay\", Rat());\n"}, {"type": "NM_METHOD_NAMING_CONVENTION", "file_name": "subprojects/xta/xta-testgen/src/main/java/hu/bme/mit/theta/xta/testgen/XtaTestGenerator.java", "commit_sha": "a5607f3bcaf250a7a169f00cfd29a25be42b41f4", "line_no": 183, "priority": 5, "description": "Nm: Method names should start with a lower case letter", "line_content": "\t\ttotalTime = Decls.Const(\"__total__time__\", RatType.getInstance());\n"}]}