{"repo": "titusmoldovan/java-training", "id": "62", "total": 5, "items": [{"type": "NM_METHOD_NAMING_CONVENTION", "file_name": "clean_code_projects/_1_project_requirements_chess/src/main/java/clean/code/chess/requirements/ChessBoard.java", "commit_sha": "10806a00d88f3ef15e74310324d38d749594e3fb", "line_no": 15, "priority": 2, "description": "Nm: Method names should start with a lower case letter", "line_content": "    public void Add(Pawn pawn, int xCoordinate, int yCoordinate, PieceColor pieceColor) {\n"}, {"type": "NM_METHOD_NAMING_CONVENTION", "file_name": "clean_code_projects/_1_project_requirements_chess/src/main/java/clean/code/chess/requirements/ChessBoard.java", "commit_sha": "10806a00d88f3ef15e74310324d38d749594e3fb", "line_no": 26, "priority": 2, "description": "Nm: Method names should start with a lower case letter", "line_content": "    public boolean IsLegalBoardPosition(int xCoordinate, int yCoordinate) {\n"}, {"type": "NM_METHOD_NAMING_CONVENTION", "file_name": "clean_code_projects/_1_project_requirements_chess/src/main/java/clean/code/chess/requirements/Pawn.java", "commit_sha": "10806a00d88f3ef15e74310324d38d749594e3fb", "line_no": 46, "priority": 2, "description": "Nm: Method names should start with a lower case letter", "line_content": "    public void Move(MovementType movementType, int newX, int newY) {\n"}, {"type": "NM_METHOD_NAMING_CONVENTION", "file_name": "clean_code_projects/_1_project_requirements_chess/src/main/java/clean/code/chess/requirements/Pawn.java", "commit_sha": "10806a00d88f3ef15e74310324d38d749594e3fb", "line_no": 59, "priority": 5, "description": "Nm: Method names should start with a lower case letter", "line_content": "                        chessBoard.Add(this, newX, newY, this.pieceColor);\n"}, {"type": "NM_METHOD_NAMING_CONVENTION", "file_name": "clean_code_projects/_1_project_requirements_chess/src/main/java/clean/code/chess/requirements/Pawn.java", "commit_sha": "10806a00d88f3ef15e74310324d38d749594e3fb", "line_no": 67, "priority": 5, "description": "Nm: Method names should start with a lower case letter", "line_content": "                        chessBoard.Add(this, newX, newY, this.pieceColor);\n"}]}