{"repo": "Zipcoder/ScientificCalculator.Maven", "id": "99", "total": 10, "items": [{"type": "CNT_ROUGH_CONSTANT_VALUE", "file_name": "src/test/java/com/zipcodewilmington/scientific_calculator/TestMainApplication.java", "commit_sha": "239a1dfa76f1a5b5f93488a91f49cc04e9a56953", "line_no": 119, "priority": 2, "description": "Rough value of Math.PI/2 found: 1.5708", "line_content": "        assertEquals(Double.valueOf(-1.5708), myCalc.inverseSine(-1), 0.00001);\n", "constant": 1.5708, "replacement": "Math.PI/2"}, {"type": "CNT_ROUGH_CONSTANT_VALUE", "file_name": "src/test/java/com/zipcodewilmington/scientific_calculator/TestMainApplication.java", "commit_sha": "239a1dfa76f1a5b5f93488a91f49cc04e9a56953", "line_no": 121, "priority": 2, "description": "Rough value of Math.PI/2 found: 1.5708", "line_content": "        assertEquals(Double.valueOf(1.5708), myCalc.inverseSine(1), 0.00001);\n", "constant": 1.5708, "replacement": "Math.PI/2"}, {"type": "CNT_ROUGH_CONSTANT_VALUE", "file_name": "src/test/java/com/zipcodewilmington/scientific_calculator/TestMainApplication.java", "commit_sha": "239a1dfa76f1a5b5f93488a91f49cc04e9a56953", "line_no": 127, "priority": 1, "description": "Rough value of Math.PI found: 3.14159", "line_content": "        assertEquals(Double.valueOf(3.14159), myCalc.inverseCosine(-1), 0.00001);\n", "constant": 3.14159, "replacement": "Math.PI"}, {"type": "CNT_ROUGH_CONSTANT_VALUE", "file_name": "src/test/java/com/zipcodewilmington/scientific_calculator/TestMainApplication.java", "commit_sha": "239a1dfa76f1a5b5f93488a91f49cc04e9a56953", "line_no": 128, "priority": 2, "description": "Rough value of Math.PI/2 found: 1.5708", "line_content": "        assertEquals(Double.valueOf(1.5708), myCalc.inverseCosine(0), 0.00001);\n", "constant": 1.5708, "replacement": "Math.PI/2"}, {"type": "CNT_ROUGH_CONSTANT_VALUE", "file_name": "src/test/java/com/zipcodewilmington/scientific_calculator/TestMainApplication.java", "commit_sha": "239a1dfa76f1a5b5f93488a91f49cc04e9a56953", "line_no": 135, "priority": 3, "description": "Rough value of Math.PI/4 found: 0.7854", "line_content": "        assertEquals(Double.valueOf(-0.7854), myCalc.inverseTangent(-1), 0.00001);\n", "constant": 0.7854, "replacement": "Math.PI/4"}, {"type": "CNT_ROUGH_CONSTANT_VALUE", "file_name": "src/test/java/com/zipcodewilmington/scientific_calculator/TestMainApplication.java", "commit_sha": "239a1dfa76f1a5b5f93488a91f49cc04e9a56953", "line_no": 137, "priority": 3, "description": "Rough value of Math.PI/4 found: 0.7854", "line_content": "        assertEquals(Double.valueOf(0.7854), myCalc.inverseTangent(1), 0.00001);\n", "constant": 0.7854, "replacement": "Math.PI/4"}, {"type": "CNT_ROUGH_CONSTANT_VALUE", "file_name": "src/test/java/com/zipcodewilmington/scientific_calculator/TestMainApplication.java", "commit_sha": "239a1dfa76f1a5b5f93488a91f49cc04e9a56953", "line_no": 216, "priority": 2, "description": "Rough value of Math.PI/2 found: 1.5708", "line_content": "        assertEquals(Double.valueOf(1.5708), myCalc.toRadians(90), 0.0001);\n", "constant": 1.5708, "replacement": "Math.PI/2"}, {"type": "CNT_ROUGH_CONSTANT_VALUE", "file_name": "src/test/java/com/zipcodewilmington/scientific_calculator/TestMainApplication.java", "commit_sha": "239a1dfa76f1a5b5f93488a91f49cc04e9a56953", "line_no": 217, "priority": 1, "description": "Rough value of Math.PI found: 3.14159", "line_content": "        assertEquals(Double.valueOf(3.14159), myCalc.toRadians(180), 0.0001);\n", "constant": 3.14159, "replacement": "Math.PI"}, {"type": "CNT_ROUGH_CONSTANT_VALUE", "file_name": "src/test/java/com/zipcodewilmington/scientific_calculator/TestMainApplication.java", "commit_sha": "239a1dfa76f1a5b5f93488a91f49cc04e9a56953", "line_no": 224, "priority": 2, "description": "Rough value of Math.PI/2 found: 1.5708", "line_content": "        assertEquals(Double.valueOf(90), myCalc.toDegrees(1.5708), 0.001);\n", "constant": 1.5708, "replacement": "Math.PI/2"}, {"type": "CNT_ROUGH_CONSTANT_VALUE", "file_name": "src/test/java/com/zipcodewilmington/scientific_calculator/TestMainApplication.java", "commit_sha": "239a1dfa76f1a5b5f93488a91f49cc04e9a56953", "line_no": 225, "priority": 1, "description": "Rough value of Math.PI found: 3.14159", "line_content": "        assertEquals(Double.valueOf(180), myCalc.toDegrees(3.14159), 0.001);\n", "constant": 3.14159, "replacement": "Math.PI"}]}