{"repo": "IDoGeEeeeI/Dz-1", "id": "1", "total": 2, "items": [{"type": "CNT_ROUGH_CONSTANT_VALUE", "file_name": "Rain1/src/main/java/Less1.java", "commit_sha": "f80a70c3b25ab4f9a5ac593196e13233e50e08b0", "line_no": 9, "priority": 1, "description": "Rough value of Math.PI found: 3.1415", "line_content": "        float ee = 3.1415f;\n", "constant": 3.1415, "replacement": "Math.PI"}, {"type": "CNT_ROUGH_CONSTANT_VALUE", "file_name": "src/main/java/Naf.java", "commit_sha": "f80a70c3b25ab4f9a5ac593196e13233e50e08b0", "line_no": 9, "priority": 1, "description": "Rough value of Math.PI found: 3.1415", "line_content": "        float ee = 3.1415f;\n", "constant": 3.1415, "replacement": "Math.PI"}]}