{"repo": "thesamebox/Lesson_7_8", "id": "4", "total": 5, "items": [{"type": "UI_INHERITANCE_UNSAFE_GETRESOURCE", "file_name": "client/src/main/java/client/Controller.java", "commit_sha": "67dcedba0e08a9a5a3e501697b74980e04067791", "line_no": 224, "priority": 3, "description": "Usage of GetResource may be unsafe if class is extended", "line_content": "            FXMLLoader fxmlLoader = new FXMLLoader(getClass().getResource(\"/reg.fxml\"));\n"}, {"type": "NM_METHOD_NAMING_CONVENTION", "file_name": "server/src/main/java/AuthService.java", "commit_sha": "67dcedba0e08a9a5a3e501697b74980e04067791", "line_no": 2, "priority": 3, "description": "Nm: Method names should start with a lower case letter", "line_content": "    String GetNicknameByLogAndPass(String login, String password);\n"}, {"type": "NM_METHOD_NAMING_CONVENTION", "file_name": "server/src/main/java/AuthServiceSQLite.java", "commit_sha": "67dcedba0e08a9a5a3e501697b74980e04067791", "line_no": 6, "priority": 3, "description": "Nm: Method names should start with a lower case letter", "line_content": "    String GetNicknameByLogAndPass(String login, String password) throws SQLException, ClassNotFoundException;\n"}, {"type": "NM_METHOD_NAMING_CONVENTION", "file_name": "server/src/main/java/ClientHandler.java", "commit_sha": "67dcedba0e08a9a5a3e501697b74980e04067791", "line_no": 48, "priority": 5, "description": "Nm: Method names should start with a lower case letter", "line_content": "                                String newNick = server.getAuthService().GetNicknameByLogAndPass(token[1], token[2]);\n"}, {"type": "NM_METHOD_NAMING_CONVENTION", "file_name": "server/src/main/java/SimpleAuthServiceSQLite.java", "commit_sha": "67dcedba0e08a9a5a3e501697b74980e04067791", "line_no": 40, "priority": 2, "description": "Nm: Method names should start with a lower case letter", "line_content": "    public String GetNicknameByLogAndPass(String login, String password) throws SQLException, ClassNotFoundException {\n"}]}