{"repo": "pubrrr/manfred", "id": "14", "total": 1, "items": [{"type": "UI_INHERITANCE_UNSAFE_GETRESOURCE", "file_name": "Manfreditor/src/test/java/componentTests/map/SaveMapComponentTest.java", "commit_sha": "aebfa835609262750644a0a63f07cb4a4759bbd5", "line_no": 56, "priority": 3, "description": "Usage of GetResource may be unsafe if class is extended", "line_content": "        temporaryFile = File.createTempFile(\n            \"testMap\",\n            \".yaml\",\n            new File(getClass().getResource(\"/map/emptyMap.yaml\").getFile()).getParentFile()\n        );\n"}]}