{"repo": "salyan4u/hw2", "id": "3", "total": 2, "items": [{"type": "VA_FORMAT_STRING_USES_NEWLINE", "file_name": "src/main/java/common/Cart.java", "commit_sha": "c3c02c102e625e15143e1803b08e0a7b2c709331", "line_no": 32, "priority": 2, "description": "Format string should use %n rather than \\n", "line_content": "        System.out.printf(\"\u0422\u043e\u0432\u0430\u0440 \u0441 id %d \u0434\u043e\u0431\u0430\u0432\u043b\u0435\u043d!\\n\", id);\n"}, {"type": "VA_FORMAT_STRING_USES_NEWLINE", "file_name": "src/main/java/common/Cart.java", "commit_sha": "c3c02c102e625e15143e1803b08e0a7b2c709331", "line_no": 37, "priority": 2, "description": "Format string should use %n rather than \\n", "line_content": "        System.out.printf(\"\u0422\u043e\u0432\u0430\u0440 \u0441 id %d \u0443\u0434\u0430\u043b\u0435\u043d!\\n\", id);\n"}]}