{"repo": "openjdk/jdk", "id": "2899", "total": 45, "items": [{"type": "NM_METHOD_NAMING_CONVENTION", "file_name": "test/hotspot/jtreg/serviceability/jvmti/SuspendWithObjectMonitorEnter/SuspendWithObjectMonitorEnter.java", "commit_sha": "3e719713da75b2a51ffa23f142c95cf77dd52cff", "line_no": 90, "priority": 5, "description": "Nm: Method names should start with a lower case letter", "line_content": "    native static int GetResult();\n"}, {"type": "NM_METHOD_NAMING_CONVENTION", "file_name": "test/hotspot/jtreg/serviceability/jvmti/SuspendWithObjectMonitorEnter/SuspendWithObjectMonitorEnter.java", "commit_sha": "3e719713da75b2a51ffa23f142c95cf77dd52cff", "line_no": 91, "priority": 5, "description": "Nm: Method names should start with a lower case letter", "line_content": "    native static void SetPrintDebug();\n"}, {"type": "NM_METHOD_NAMING_CONVENTION", "file_name": "test/hotspot/jtreg/serviceability/jvmti/SuspendWithObjectMonitorEnter/SuspendWithObjectMonitorEnter.java", "commit_sha": "3e719713da75b2a51ffa23f142c95cf77dd52cff", "line_no": 92, "priority": 3, "description": "Nm: Method names should start with a lower case letter", "line_content": "    native static void SuspendThread(int id, SuspendWithObjectMonitorEnterWorker thr);\n"}, {"type": "NM_METHOD_NAMING_CONVENTION", "file_name": "test/hotspot/jtreg/serviceability/jvmti/SuspendWithObjectMonitorEnter/SuspendWithObjectMonitorEnter.java", "commit_sha": "3e719713da75b2a51ffa23f142c95cf77dd52cff", "line_no": 93, "priority": 3, "description": "Nm: Method names should start with a lower case letter", "line_content": "    native static void Wait4ContendedEnter(int id, SuspendWithObjectMonitorEnterWorker thr);\n"}, {"type": "NM_METHOD_NAMING_CONVENTION", "file_name": "test/hotspot/jtreg/serviceability/jvmti/SuspendWithObjectMonitorEnter/SuspendWithObjectMonitorEnter.java", "commit_sha": "3e719713da75b2a51ffa23f142c95cf77dd52cff", "line_no": 138, "priority": 5, "description": "Nm: Method names should start with a lower case letter", "line_content": "                SetPrintDebug();\n"}, {"type": "NM_METHOD_NAMING_CONVENTION", "file_name": "test/hotspot/jtreg/serviceability/jvmti/SuspendWithObjectMonitorEnter/SuspendWithObjectMonitorEnter.java", "commit_sha": "3e719713da75b2a51ffa23f142c95cf77dd52cff", "line_no": 208, "priority": 5, "description": "Nm: Method names should start with a lower case letter", "line_content": "            Wait4ContendedEnter(THR_MAIN, contender);\n"}, {"type": "NM_METHOD_NAMING_CONVENTION", "file_name": "test/hotspot/jtreg/serviceability/jvmti/SuspendWithObjectMonitorEnter/SuspendWithObjectMonitorEnter.java", "commit_sha": "3e719713da75b2a51ffa23f142c95cf77dd52cff", "line_no": 212, "priority": 5, "description": "Nm: Method names should start with a lower case letter", "line_content": "            SuspendThread(THR_MAIN, contender);\n"}, {"type": "NM_METHOD_NAMING_CONVENTION", "file_name": "test/hotspot/jtreg/serviceability/jvmti/SuspendWithObjectMonitorEnter/SuspendWithObjectMonitorEnter.java", "commit_sha": "3e719713da75b2a51ffa23f142c95cf77dd52cff", "line_no": 263, "priority": 5, "description": "Nm: Method names should start with a lower case letter", "line_content": "        return GetResult();\n"}, {"type": "NM_METHOD_NAMING_CONVENTION", "file_name": "test/hotspot/jtreg/serviceability/jvmti/SuspendWithObjectMonitorEnter/SuspendWithObjectMonitorEnter.java", "commit_sha": "3e719713da75b2a51ffa23f142c95cf77dd52cff", "line_no": 279, "priority": 5, "description": "Nm: Method names should start with a lower case letter", "line_content": "    native static int GetPrintDebug();\n"}, {"type": "NM_METHOD_NAMING_CONVENTION", "file_name": "test/hotspot/jtreg/serviceability/jvmti/SuspendWithObjectMonitorEnter/SuspendWithObjectMonitorEnter.java", "commit_sha": "3e719713da75b2a51ffa23f142c95cf77dd52cff", "line_no": 280, "priority": 3, "description": "Nm: Method names should start with a lower case letter", "line_content": "    native static void ResumeThread(int id, SuspendWithObjectMonitorEnterWorker thr);\n"}, {"type": "NM_METHOD_NAMING_CONVENTION", "file_name": "test/hotspot/jtreg/serviceability/jvmti/SuspendWithObjectMonitorEnter/SuspendWithObjectMonitorEnter.java", "commit_sha": "3e719713da75b2a51ffa23f142c95cf77dd52cff", "line_no": 398, "priority": 5, "description": "Nm: Method names should start with a lower case letter", "line_content": "                ResumeThread(SuspendWithObjectMonitorEnter.THR_RESUMER, target);\n"}, {"type": "NM_METHOD_NAMING_CONVENTION", "file_name": "test/hotspot/jtreg/serviceability/jvmti/SuspendWithObjectMonitorWait/SuspendWithObjectMonitorWait.java", "commit_sha": "3e719713da75b2a51ffa23f142c95cf77dd52cff", "line_no": 89, "priority": 5, "description": "Nm: Method names should start with a lower case letter", "line_content": "    native static int GetResult();\n"}, {"type": "NM_METHOD_NAMING_CONVENTION", "file_name": "test/hotspot/jtreg/serviceability/jvmti/SuspendWithObjectMonitorWait/SuspendWithObjectMonitorWait.java", "commit_sha": "3e719713da75b2a51ffa23f142c95cf77dd52cff", "line_no": 90, "priority": 5, "description": "Nm: Method names should start with a lower case letter", "line_content": "    native static void SetPrintDebug();\n"}, {"type": "NM_METHOD_NAMING_CONVENTION", "file_name": "test/hotspot/jtreg/serviceability/jvmti/SuspendWithObjectMonitorWait/SuspendWithObjectMonitorWait.java", "commit_sha": "3e719713da75b2a51ffa23f142c95cf77dd52cff", "line_no": 91, "priority": 3, "description": "Nm: Method names should start with a lower case letter", "line_content": "    native static void SuspendThread(int id, SuspendWithObjectMonitorWaitWorker thr);\n"}, {"type": "NM_METHOD_NAMING_CONVENTION", "file_name": "test/hotspot/jtreg/serviceability/jvmti/SuspendWithObjectMonitorWait/SuspendWithObjectMonitorWait.java", "commit_sha": "3e719713da75b2a51ffa23f142c95cf77dd52cff", "line_no": 92, "priority": 3, "description": "Nm: Method names should start with a lower case letter", "line_content": "    native static void Wait4ContendedEnter(int id, SuspendWithObjectMonitorWaitWorker thr);\n"}, {"type": "NM_METHOD_NAMING_CONVENTION", "file_name": "test/hotspot/jtreg/serviceability/jvmti/SuspendWithObjectMonitorWait/SuspendWithObjectMonitorWait.java", "commit_sha": "3e719713da75b2a51ffa23f142c95cf77dd52cff", "line_no": 137, "priority": 5, "description": "Nm: Method names should start with a lower case letter", "line_content": "                SetPrintDebug();\n"}, {"type": "NM_METHOD_NAMING_CONVENTION", "file_name": "test/hotspot/jtreg/serviceability/jvmti/SuspendWithObjectMonitorWait/SuspendWithObjectMonitorWait.java", "commit_sha": "3e719713da75b2a51ffa23f142c95cf77dd52cff", "line_no": 204, "priority": 5, "description": "Nm: Method names should start with a lower case letter", "line_content": "                Wait4ContendedEnter(THR_MAIN, waiter);\n"}, {"type": "NM_METHOD_NAMING_CONVENTION", "file_name": "test/hotspot/jtreg/serviceability/jvmti/SuspendWithObjectMonitorWait/SuspendWithObjectMonitorWait.java", "commit_sha": "3e719713da75b2a51ffa23f142c95cf77dd52cff", "line_no": 208, "priority": 5, "description": "Nm: Method names should start with a lower case letter", "line_content": "                SuspendThread(THR_MAIN, waiter);\n"}, {"type": "NM_METHOD_NAMING_CONVENTION", "file_name": "test/hotspot/jtreg/serviceability/jvmti/SuspendWithObjectMonitorWait/SuspendWithObjectMonitorWait.java", "commit_sha": "3e719713da75b2a51ffa23f142c95cf77dd52cff", "line_no": 253, "priority": 5, "description": "Nm: Method names should start with a lower case letter", "line_content": "        return GetResult();\n"}, {"type": "NM_METHOD_NAMING_CONVENTION", "file_name": "test/hotspot/jtreg/serviceability/jvmti/SuspendWithObjectMonitorWait/SuspendWithObjectMonitorWait.java", "commit_sha": "3e719713da75b2a51ffa23f142c95cf77dd52cff", "line_no": 269, "priority": 5, "description": "Nm: Method names should start with a lower case letter", "line_content": "    native static int GetPrintDebug();\n"}, {"type": "NM_METHOD_NAMING_CONVENTION", "file_name": "test/hotspot/jtreg/serviceability/jvmti/SuspendWithObjectMonitorWait/SuspendWithObjectMonitorWait.java", "commit_sha": "3e719713da75b2a51ffa23f142c95cf77dd52cff", "line_no": 270, "priority": 3, "description": "Nm: Method names should start with a lower case letter", "line_content": "    native static void ResumeThread(int id, SuspendWithObjectMonitorWaitWorker thr);\n"}, {"type": "NM_METHOD_NAMING_CONVENTION", "file_name": "test/hotspot/jtreg/serviceability/jvmti/SuspendWithObjectMonitorWait/SuspendWithObjectMonitorWait.java", "commit_sha": "3e719713da75b2a51ffa23f142c95cf77dd52cff", "line_no": 365, "priority": 5, "description": "Nm: Method names should start with a lower case letter", "line_content": "                ResumeThread(SuspendWithObjectMonitorWait.THR_RESUMER, target);\n"}, {"type": "NM_METHOD_NAMING_CONVENTION", "file_name": "test/hotspot/jtreg/serviceability/jvmti/SuspendWithRawMonitorEnter/SuspendWithRawMonitorEnter.java", "commit_sha": "3e719713da75b2a51ffa23f142c95cf77dd52cff", "line_no": 89, "priority": 3, "description": "Nm: Method names should start with a lower case letter", "line_content": "    native static void CreateRawMonitor(int id);\n"}, {"type": "NM_METHOD_NAMING_CONVENTION", "file_name": "test/hotspot/jtreg/serviceability/jvmti/SuspendWithRawMonitorEnter/SuspendWithRawMonitorEnter.java", "commit_sha": "3e719713da75b2a51ffa23f142c95cf77dd52cff", "line_no": 90, "priority": 3, "description": "Nm: Method names should start with a lower case letter", "line_content": "    native static void DestroyRawMonitor(int id);\n"}, {"type": "NM_METHOD_NAMING_CONVENTION", "file_name": "test/hotspot/jtreg/serviceability/jvmti/SuspendWithRawMonitorEnter/SuspendWithRawMonitorEnter.java", "commit_sha": "3e719713da75b2a51ffa23f142c95cf77dd52cff", "line_no": 91, "priority": 5, "description": "Nm: Method names should start with a lower case letter", "line_content": "    native static int GetResult();\n"}, {"type": "NM_METHOD_NAMING_CONVENTION", "file_name": "test/hotspot/jtreg/serviceability/jvmti/SuspendWithRawMonitorEnter/SuspendWithRawMonitorEnter.java", "commit_sha": "3e719713da75b2a51ffa23f142c95cf77dd52cff", "line_no": 92, "priority": 5, "description": "Nm: Method names should start with a lower case letter", "line_content": "    native static void SetPrintDebug();\n"}, {"type": "NM_METHOD_NAMING_CONVENTION", "file_name": "test/hotspot/jtreg/serviceability/jvmti/SuspendWithRawMonitorEnter/SuspendWithRawMonitorEnter.java", "commit_sha": "3e719713da75b2a51ffa23f142c95cf77dd52cff", "line_no": 93, "priority": 3, "description": "Nm: Method names should start with a lower case letter", "line_content": "    native static void SuspendThread(int id, SuspendWithRawMonitorEnterWorker thr);\n"}, {"type": "NM_METHOD_NAMING_CONVENTION", "file_name": "test/hotspot/jtreg/serviceability/jvmti/SuspendWithRawMonitorEnter/SuspendWithRawMonitorEnter.java", "commit_sha": "3e719713da75b2a51ffa23f142c95cf77dd52cff", "line_no": 138, "priority": 5, "description": "Nm: Method names should start with a lower case letter", "line_content": "                SetPrintDebug();\n"}, {"type": "NM_METHOD_NAMING_CONVENTION", "file_name": "test/hotspot/jtreg/serviceability/jvmti/SuspendWithRawMonitorEnter/SuspendWithRawMonitorEnter.java", "commit_sha": "3e719713da75b2a51ffa23f142c95cf77dd52cff", "line_no": 161, "priority": 5, "description": "Nm: Method names should start with a lower case letter", "line_content": "        CreateRawMonitor(THR_MAIN);\n"}, {"type": "NM_METHOD_NAMING_CONVENTION", "file_name": "test/hotspot/jtreg/serviceability/jvmti/SuspendWithRawMonitorEnter/SuspendWithRawMonitorEnter.java", "commit_sha": "3e719713da75b2a51ffa23f142c95cf77dd52cff", "line_no": 226, "priority": 5, "description": "Nm: Method names should start with a lower case letter", "line_content": "            SuspendThread(THR_MAIN, contender);\n"}, {"type": "NM_METHOD_NAMING_CONVENTION", "file_name": "test/hotspot/jtreg/serviceability/jvmti/SuspendWithRawMonitorEnter/SuspendWithRawMonitorEnter.java", "commit_sha": "3e719713da75b2a51ffa23f142c95cf77dd52cff", "line_no": 273, "priority": 5, "description": "Nm: Method names should start with a lower case letter", "line_content": "        DestroyRawMonitor(THR_MAIN);\n"}, {"type": "NM_METHOD_NAMING_CONVENTION", "file_name": "test/hotspot/jtreg/serviceability/jvmti/SuspendWithRawMonitorEnter/SuspendWithRawMonitorEnter.java", "commit_sha": "3e719713da75b2a51ffa23f142c95cf77dd52cff", "line_no": 278, "priority": 5, "description": "Nm: Method names should start with a lower case letter", "line_content": "        return GetResult();\n"}, {"type": "NM_METHOD_NAMING_CONVENTION", "file_name": "test/hotspot/jtreg/serviceability/jvmti/SuspendWithRawMonitorEnter/SuspendWithRawMonitorEnter.java", "commit_sha": "3e719713da75b2a51ffa23f142c95cf77dd52cff", "line_no": 294, "priority": 5, "description": "Nm: Method names should start with a lower case letter", "line_content": "    native static int GetPrintDebug();\n"}, {"type": "NM_METHOD_NAMING_CONVENTION", "file_name": "test/hotspot/jtreg/serviceability/jvmti/SuspendWithRawMonitorEnter/SuspendWithRawMonitorEnter.java", "commit_sha": "3e719713da75b2a51ffa23f142c95cf77dd52cff", "line_no": 295, "priority": 3, "description": "Nm: Method names should start with a lower case letter", "line_content": "    native static void RawMonitorEnter(int id);\n"}, {"type": "NM_METHOD_NAMING_CONVENTION", "file_name": "test/hotspot/jtreg/serviceability/jvmti/SuspendWithRawMonitorEnter/SuspendWithRawMonitorEnter.java", "commit_sha": "3e719713da75b2a51ffa23f142c95cf77dd52cff", "line_no": 296, "priority": 3, "description": "Nm: Method names should start with a lower case letter", "line_content": "    native static void RawMonitorExit(int id);\n"}, {"type": "NM_METHOD_NAMING_CONVENTION", "file_name": "test/hotspot/jtreg/serviceability/jvmti/SuspendWithRawMonitorEnter/SuspendWithRawMonitorEnter.java", "commit_sha": "3e719713da75b2a51ffa23f142c95cf77dd52cff", "line_no": 297, "priority": 3, "description": "Nm: Method names should start with a lower case letter", "line_content": "    native static void ResumeThread(int id, SuspendWithRawMonitorEnterWorker thr);\n"}, {"type": "NM_METHOD_NAMING_CONVENTION", "file_name": "test/hotspot/jtreg/serviceability/jvmti/SuspendWithRawMonitorEnter/SuspendWithRawMonitorEnter.java", "commit_sha": "3e719713da75b2a51ffa23f142c95cf77dd52cff", "line_no": 312, "priority": 5, "description": "Nm: Method names should start with a lower case letter", "line_content": "            RawMonitorEnter(SuspendWithRawMonitorEnter.THR_BLOCKER);\n"}, {"type": "NM_METHOD_NAMING_CONVENTION", "file_name": "test/hotspot/jtreg/serviceability/jvmti/SuspendWithRawMonitorEnter/SuspendWithRawMonitorEnter.java", "commit_sha": "3e719713da75b2a51ffa23f142c95cf77dd52cff", "line_no": 317, "priority": 5, "description": "Nm: Method names should start with a lower case letter", "line_content": "            RawMonitorEnter(SuspendWithRawMonitorEnter.THR_BLOCKER);\n"}, {"type": "NM_METHOD_NAMING_CONVENTION", "file_name": "test/hotspot/jtreg/serviceability/jvmti/SuspendWithRawMonitorEnter/SuspendWithRawMonitorEnter.java", "commit_sha": "3e719713da75b2a51ffa23f142c95cf77dd52cff", "line_no": 318, "priority": 5, "description": "Nm: Method names should start with a lower case letter", "line_content": "            RawMonitorExit(SuspendWithRawMonitorEnter.THR_BLOCKER);\n"}, {"type": "NM_METHOD_NAMING_CONVENTION", "file_name": "test/hotspot/jtreg/serviceability/jvmti/SuspendWithRawMonitorEnter/SuspendWithRawMonitorEnter.java", "commit_sha": "3e719713da75b2a51ffa23f142c95cf77dd52cff", "line_no": 340, "priority": 5, "description": "Nm: Method names should start with a lower case letter", "line_content": "                RawMonitorExit(SuspendWithRawMonitorEnter.THR_BLOCKER);\n"}, {"type": "NM_METHOD_NAMING_CONVENTION", "file_name": "test/hotspot/jtreg/serviceability/jvmti/SuspendWithRawMonitorEnter/SuspendWithRawMonitorEnter.java", "commit_sha": "3e719713da75b2a51ffa23f142c95cf77dd52cff", "line_no": 356, "priority": 5, "description": "Nm: Method names should start with a lower case letter", "line_content": "            RawMonitorEnter(SuspendWithRawMonitorEnter.THR_CONTENDER);\n"}, {"type": "NM_METHOD_NAMING_CONVENTION", "file_name": "test/hotspot/jtreg/serviceability/jvmti/SuspendWithRawMonitorEnter/SuspendWithRawMonitorEnter.java", "commit_sha": "3e719713da75b2a51ffa23f142c95cf77dd52cff", "line_no": 361, "priority": 5, "description": "Nm: Method names should start with a lower case letter", "line_content": "            RawMonitorExit(SuspendWithRawMonitorEnter.THR_CONTENDER);\n"}, {"type": "NM_METHOD_NAMING_CONVENTION", "file_name": "test/hotspot/jtreg/serviceability/jvmti/SuspendWithRawMonitorEnter/SuspendWithRawMonitorEnter.java", "commit_sha": "3e719713da75b2a51ffa23f142c95cf77dd52cff", "line_no": 388, "priority": 5, "description": "Nm: Method names should start with a lower case letter", "line_content": "            RawMonitorEnter(SuspendWithRawMonitorEnter.THR_RESUMER);\n"}, {"type": "NM_METHOD_NAMING_CONVENTION", "file_name": "test/hotspot/jtreg/serviceability/jvmti/SuspendWithRawMonitorEnter/SuspendWithRawMonitorEnter.java", "commit_sha": "3e719713da75b2a51ffa23f142c95cf77dd52cff", "line_no": 394, "priority": 5, "description": "Nm: Method names should start with a lower case letter", "line_content": "            ResumeThread(SuspendWithRawMonitorEnter.THR_RESUMER, target);\n"}, {"type": "NM_METHOD_NAMING_CONVENTION", "file_name": "test/hotspot/jtreg/serviceability/jvmti/SuspendWithRawMonitorEnter/SuspendWithRawMonitorEnter.java", "commit_sha": "3e719713da75b2a51ffa23f142c95cf77dd52cff", "line_no": 396, "priority": 5, "description": "Nm: Method names should start with a lower case letter", "line_content": "            RawMonitorExit(SuspendWithRawMonitorEnter.THR_RESUMER);\n"}]}