{"repo": "eXist-db/exist", "id": "3757", "total": 7, "items": [{"type": "NM_METHOD_NAMING_CONVENTION", "file_name": "exist-core/src/test/java/org/exist/http/urlrewrite/ControllerTest.java", "commit_sha": "69301b28b3d78825c31ae996c7c2e7aa9bf95d5f", "line_no": 98, "priority": 5, "description": "Nm: Method names should start with a lower case letter", "line_content": "        final Request request = Request\n                .Put(getRestUri(existWebServer) + \"/db/apps/\" + testCollectionName + \"/\" + documentName)\n                .bodyString(documentContent, ContentType.create(documentMediaType));\n"}, {"type": "NM_METHOD_NAMING_CONVENTION", "file_name": "exist-core/src/test/java/org/exist/http/urlrewrite/ControllerTest.java", "commit_sha": "69301b28b3d78825c31ae996c7c2e7aa9bf95d5f", "line_no": 108, "priority": 5, "description": "Nm: Method names should start with a lower case letter", "line_content": "        final Request request = Request\n                .Get(getAppsUri(existWebServer) + \"/\" + testCollectionName + \"/\" + documentName);\n"}, {"type": "NM_METHOD_NAMING_CONVENTION", "file_name": "exist-core/src/test/java/org/exist/http/urlrewrite/ControllerTest.java", "commit_sha": "69301b28b3d78825c31ae996c7c2e7aa9bf95d5f", "line_no": 114, "priority": 5, "description": "Nm: Method names should start with a lower case letter", "line_content": "                return Tuple(sc, baos.toString(UTF_8));\n"}, {"type": "NM_METHOD_NAMING_CONVENTION", "file_name": "exist-core/src/test/java/org/exist/http/urlrewrite/URLRewritingTest.java", "commit_sha": "69301b28b3d78825c31ae996c7c2e7aa9bf95d5f", "line_no": 68, "priority": 5, "description": "Nm: Method names should start with a lower case letter", "line_content": "        final Request storeRequest = Request\n                .Put(storeDocUri)\n                .bodyString(testDocument, ContentType.APPLICATION_XML);\n"}, {"type": "NM_METHOD_NAMING_CONVENTION", "file_name": "exist-core/src/test/java/org/exist/http/urlrewrite/URLRewritingTest.java", "commit_sha": "69301b28b3d78825c31ae996c7c2e7aa9bf95d5f", "line_no": 75, "priority": 5, "description": "Nm: Method names should start with a lower case letter", "line_content": "        final Request retrieveRequest = Request\n                .Get(retrieveDocUri);\n"}, {"type": "NM_METHOD_NAMING_CONVENTION", "file_name": "exist-core/src/test/java/org/exist/http/urlrewrite/URLRewritingTest.java", "commit_sha": "69301b28b3d78825c31ae996c7c2e7aa9bf95d5f", "line_no": 92, "priority": 5, "description": "Nm: Method names should start with a lower case letter", "line_content": "        final Request request = Request\n                .Put(getRestUri(existWebServer) + TEST_COLLECTION + \"/\" + XQUERY_CONTROLLER_FILENAME)\n                .bodyString(TEST_CONTROLLER, ContentType.create(\"application/xquery\"));\n"}, {"type": "NM_METHOD_NAMING_CONVENTION", "file_name": "exist-core/src/test/java/org/exist/http/urlrewrite/URLRewritingTest.java", "commit_sha": "69301b28b3d78825c31ae996c7c2e7aa9bf95d5f", "line_no": 105, "priority": 5, "description": "Nm: Method names should start with a lower case letter", "line_content": "        final Request request = Request\n                .Delete(getRestUri(existWebServer) + TEST_COLLECTION);\n"}]}