{"repo": "qiniu/java-sdk", "id": "507", "total": 9, "items": [{"type": "VA_FORMAT_STRING_USES_NEWLINE", "file_name": "src/main/java/com/qiniu/storage/ResumeUploadPerformer.java", "commit_sha": "0a1086612aa530013a5bef8cf993f9f92a73da8a", "line_no": 63, "priority": 2, "description": "Format string should use %n rather than \\n", "line_content": "        System.out.printf(\"\u4e0a\u4f20\u5757\u5f00\u59cb\uff1aindex:%d offset:%d size:%d \\r\\n\", block.index, block.offset, block.size);\n"}, {"type": "VA_FORMAT_STRING_USES_NEWLINE", "file_name": "src/main/java/com/qiniu/storage/ResumeUploadPerformer.java", "commit_sha": "0a1086612aa530013a5bef8cf993f9f92a73da8a", "line_no": 74, "priority": 2, "description": "Format string should use %n rather than \\n", "line_content": "            System.out.printf(\"\u4e0a\u4f20\u5757\u7ed3\u675f\uff1aindex:%d offset:%d size:%d \\r\\n\", block.index, block.offset, block.size);\n"}, {"type": "VA_FORMAT_STRING_USES_NEWLINE", "file_name": "src/main/java/com/qiniu/storage/ResumeUploadPerformerV1.java", "commit_sha": "0a1086612aa530013a5bef8cf993f9f92a73da8a", "line_no": 55, "priority": 2, "description": "Format string should use %n rather than \\n", "line_content": "        System.out.printf(\"== make block:%d upload :%s \\n\", block.index, response);\n"}, {"type": "VA_FORMAT_STRING_USES_NEWLINE", "file_name": "src/main/java/com/qiniu/storage/ResumeUploader.java", "commit_sha": "0a1086612aa530013a5bef8cf993f9f92a73da8a", "line_no": 171, "priority": 2, "description": "Format string should use %n rather than \\n", "line_content": "        System.out.printf(\"\u4e0a\u4f20\u6b65\u9aa4 1: \u7ed3\u675f %s \\n\", response);\n"}, {"type": "VA_FORMAT_STRING_USES_NEWLINE", "file_name": "src/main/java/com/qiniu/storage/ResumeUploader.java", "commit_sha": "0a1086612aa530013a5bef8cf993f9f92a73da8a", "line_no": 181, "priority": 2, "description": "Format string should use %n rather than \\n", "line_content": "        System.out.printf(\"\u4e0a\u4f20\u6b65\u9aa4 2: \u7ed3\u675f %s \\n\", response);\n"}, {"type": "VA_FORMAT_STRING_USES_NEWLINE", "file_name": "src/main/java/com/qiniu/storage/ResumeUploader.java", "commit_sha": "0a1086612aa530013a5bef8cf993f9f92a73da8a", "line_no": 189, "priority": 2, "description": "Format string should use %n rather than \\n", "line_content": "        System.out.printf(\"\u4e0a\u4f20\u6b65\u9aa4 3: \u7ed3\u675f %s \\n\", response);\n"}, {"type": "VA_FORMAT_STRING_USES_NEWLINE", "file_name": "src/test/java/test/com/qiniu/storage/RecordUploadTest.java", "commit_sha": "0a1086612aa530013a5bef8cf993f9f92a73da8a", "line_no": 64, "priority": 2, "description": "Format string should use %n rather than \\n", "line_content": "            System.out.printf(\"bucket:%s zone:%s \\n\", bucket, zone.getRegion());\n"}, {"type": "VA_FORMAT_STRING_USES_NEWLINE", "file_name": "src/test/java/test/com/qiniu/storage/RecordUploadTest.java", "commit_sha": "0a1086612aa530013a5bef8cf993f9f92a73da8a", "line_no": 74, "priority": 2, "description": "Format string should use %n rather than \\n", "line_content": "            System.out.printf(\"key:%s \\n\", expectKey);\n"}, {"type": "VA_FORMAT_STRING_USES_NEWLINE", "file_name": "src/test/java/test/com/qiniu/storage/ResumeUploadTest.java", "commit_sha": "0a1086612aa530013a5bef8cf993f9f92a73da8a", "line_no": 132, "priority": 2, "description": "Format string should use %n rather than \\n", "line_content": "            System.out.printf(\"\\r\\nkey:%s zone:%s\\n\", expectKey, zone.getRegion());\n"}]}