{"repo": "rossco122005/FFJava", "id": "1", "total": 2, "items": [{"type": "DM_STRING_VOID_CTOR", "file_name": "src/main/java/com/mycompany/finalfantasyjava/Enemy.java", "commit_sha": "04079bd4f604f53aa2a604522138c63c237c55a6", "line_no": 49, "priority": 2, "description": "Method invokes inefficient new String() constructor", "line_content": "        String details = new String();\n"}, {"type": "DM_STRING_VOID_CTOR", "file_name": "src/main/java/com/mycompany/finalfantasyjava/Hero.java", "commit_sha": "04079bd4f604f53aa2a604522138c63c237c55a6", "line_no": 57, "priority": 2, "description": "Method invokes inefficient new String() constructor", "line_content": "        String details = new String();\n"}]}