{"repo": "Alex-the-666/Ice_and_Fire", "id": "3691", "total": 2, "items": [{"type": "DMI_RANDOM_USED_ONLY_ONCE", "file_name": "src/main/java/com/github/alexthe666/iceandfire/entity/ai/MyrmexAIForage.java", "commit_sha": "3b6e8891b448b5d35405729a0e1bdd18391d3720", "line_no": 185, "priority": 1, "description": "Random object created and used only once", "line_content": "        this.myrmex.setWaitTicks(40+new Random().nextInt(40));\n"}, {"type": "DMI_RANDOM_USED_ONLY_ONCE", "file_name": "src/main/java/com/github/alexthe666/iceandfire/entity/ai/MyrmexAIStoreItems.java", "commit_sha": "3b6e8891b448b5d35405729a0e1bdd18391d3720", "line_no": 63, "priority": 1, "description": "Random object created and used only once", "line_content": "            this.myrmex.setWaitTicks(20 + new Random().nextInt(40));\n"}]}