{"repo": "Olga0103/algorithms", "id": "6", "total": 2, "items": [{"type": "NM_METHOD_NAMING_CONVENTION", "file_name": "src/Main.java", "commit_sha": "5543f4292e53621a0e545feb8779713e6b789dd0", "line_no": 34, "priority": 5, "description": "Nm: Method names should start with a lower case letter", "line_content": "        List<Runnable> tasks = of(\n                Timer(copyArr::sortBubble, \"Sort Bubble\"),\n                Timer(copyArr::sortSelect, \"Sort Select\"),\n                Timer(copyArr::sortInsert, \"Sort Insert\")\n        );\n"}, {"type": "NM_SAME_SIMPLE_NAME_AS_SUPERCLASS", "file_name": "src/lession_4/LinkedList.java", "commit_sha": "5543f4292e53621a0e545feb8779713e6b789dd0", "line_no": 5, "priority": 1, "description": "Class names shouldn\u2019t shadow simple name of superclass", "line_content": "public class LinkedList extends java.util.LinkedList {\n"}]}