{"repo": "LuisFelipe-P35/projetoIntegrador-07", "id": "8", "total": 2, "items": [{"type": "NM_METHOD_NAMING_CONVENTION", "file_name": "Dagle-Back/src/main/java/com/dagleProject/dagle/controller/UsuarioController.java", "commit_sha": "e4c07514787d3ab6f981da7f9637b453204cd998", "line_no": 46, "priority": 5, "description": "Nm: Method names should start with a lower case letter", "line_content": "\t\treturn usuarioService.Logar(user).map(resp -> ResponseEntity.ok(resp)).orElse(ResponseEntity.status(HttpStatus.UNAUTHORIZED).build());\n"}, {"type": "NM_METHOD_NAMING_CONVENTION", "file_name": "Dagle-Back/src/main/java/com/dagleProject/dagle/controller/UsuarioController.java", "commit_sha": "e4c07514787d3ab6f981da7f9637b453204cd998", "line_no": 50, "priority": 5, "description": "Nm: Method names should start with a lower case letter", "line_content": "\t\tOptional<Usuario> user = usuarioService.CadastrarUsuario(usuario);\n"}]}