{"repo": "ifpb-cz-ads/poo-2020-2-ac07-team-milenagabriel", "id": "1", "total": 6, "items": [{"type": "NM_CLASS_NAMING_CONVENTION", "file_name": "BMExercicio04.java", "commit_sha": "6effd228bae73ba02afc6f23e5736114624b635f", "line_no": 1, "priority": 2, "description": "Nm: Class names should start with an upper case letter", "line_content": "public class lampada {\n"}, {"type": "DM_STRING_CTOR", "file_name": "CBBExercicio01.java", "commit_sha": "6effd228bae73ba02afc6f23e5736114624b635f", "line_no": 5, "priority": 2, "description": "Method invokes inefficient new String(String) constructor", "line_content": "    frase1 = new String (\"Testando igualdade!\");\n"}, {"type": "DM_STRING_CTOR", "file_name": "CBBExercicio01.java", "commit_sha": "6effd228bae73ba02afc6f23e5736114624b635f", "line_no": 6, "priority": 2, "description": "Method invokes inefficient new String(String) constructor", "line_content": "    frase2 = new String (\"Testando igualdade!\");\n"}, {"type": "DM_STRING_CTOR", "file_name": "CBBExercicio02.java", "commit_sha": "6effd228bae73ba02afc6f23e5736114624b635f", "line_no": 5, "priority": 2, "description": "Method invokes inefficient new String(String) constructor", "line_content": "    frase3 = new String (\"Testando igualdade!\");\n"}, {"type": "DM_STRING_CTOR", "file_name": "CBBExercicio03.java", "commit_sha": "6effd228bae73ba02afc6f23e5736114624b635f", "line_no": 5, "priority": 2, "description": "Method invokes inefficient new String(String) constructor", "line_content": "    frase1 = new String (\"Testando igualdade!\");\n"}, {"type": "DM_STRING_CTOR", "file_name": "CBBExercicio03.java", "commit_sha": "6effd228bae73ba02afc6f23e5736114624b635f", "line_no": 6, "priority": 2, "description": "Method invokes inefficient new String(String) constructor", "line_content": "    frase2 = new String (\"Testando igualdade!\");\n"}]}