{"repo": "JabRef/jabref", "id": "7542", "total": 2, "items": [{"type": "NM_METHOD_NAMING_CONVENTION", "file_name": "src/test/java/org/jabref/logic/integrity/CitationKeyCheckerTest.java", "commit_sha": "d29cfea036a6a39f1e8ee30c8aaf21cdf31d653b", "line_no": 28, "priority": 3, "description": "Nm: Method names should start with a lower case letter", "line_content": "    void KeyFromAuthorAndTitle() {\n"}, {"type": "NM_METHOD_NAMING_CONVENTION", "file_name": "src/test/java/org/jabref/logic/integrity/CitationKeyCheckerTest.java", "commit_sha": "d29cfea036a6a39f1e8ee30c8aaf21cdf31d653b", "line_no": 36, "priority": 3, "description": "Nm: Method names should start with a lower case letter", "line_content": "    void KeyFromTitleAndYear() {\n"}]}