{"repo": "confluentinc/kafka-tutorials", "id": "741", "total": 8, "items": [{"type": "VA_FORMAT_STRING_USES_NEWLINE", "file_name": "_includes/tutorials/error-handling/kstreams/code/src/main/java/io/confluent/developer/StreamsUncaughtExceptionHandling.java", "commit_sha": "00a95730609a35e5ec37a40b25c73385a551e263", "line_no": 149, "priority": 2, "description": "Format string should use %n rather than \\n", "line_content": "                            System.out.printf(\"Produced record at offset %d to topic %s \\n\", metadata.offset(), metadata.topic());\n"}, {"type": "NM_METHOD_NAMING_CONVENTION", "file_name": "_includes/tutorials/error-handling/kstreams/code/src/main/java/io/confluent/developer/StreamsUncaughtExceptionHandling.java", "commit_sha": "00a95730609a35e5ec37a40b25c73385a551e263", "line_no": 36, "priority": 5, "description": "Nm: Method names should start with a lower case letter", "line_content": "        props.put(StreamsConfig.DEFAULT_KEY_SERDE_CLASS_CONFIG, Serdes.String().getClass());\n"}, {"type": "NM_METHOD_NAMING_CONVENTION", "file_name": "_includes/tutorials/error-handling/kstreams/code/src/main/java/io/confluent/developer/StreamsUncaughtExceptionHandling.java", "commit_sha": "00a95730609a35e5ec37a40b25c73385a551e263", "line_no": 37, "priority": 5, "description": "Nm: Method names should start with a lower case letter", "line_content": "        props.put(StreamsConfig.DEFAULT_VALUE_SERDE_CLASS_CONFIG, Serdes.String().getClass());\n"}, {"type": "NM_METHOD_NAMING_CONVENTION", "file_name": "_includes/tutorials/error-handling/kstreams/code/src/main/java/io/confluent/developer/StreamsUncaughtExceptionHandling.java", "commit_sha": "00a95730609a35e5ec37a40b25c73385a551e263", "line_no": 54, "priority": 5, "description": "Nm: Method names should start with a lower case letter", "line_content": "                })\n                .to(outputTopic, Produced.with(Serdes.String(), Serdes.String()));\n"}, {"type": "NM_METHOD_NAMING_CONVENTION", "file_name": "_includes/tutorials/error-handling/kstreams/code/src/test/java/io/confluent/developer/StreamsUncaughtExceptionHandlingTest.java", "commit_sha": "00a95730609a35e5ec37a40b25c73385a551e263", "line_no": 46, "priority": 5, "description": "Nm: Method names should start with a lower case letter", "line_content": "        final Serializer<String> keySerializer = Serdes.String().serializer();\n"}, {"type": "NM_METHOD_NAMING_CONVENTION", "file_name": "_includes/tutorials/error-handling/kstreams/code/src/test/java/io/confluent/developer/StreamsUncaughtExceptionHandlingTest.java", "commit_sha": "00a95730609a35e5ec37a40b25c73385a551e263", "line_no": 47, "priority": 5, "description": "Nm: Method names should start with a lower case letter", "line_content": "        final Serializer<String> exampleSerializer = Serdes.String().serializer();\n"}, {"type": "NM_METHOD_NAMING_CONVENTION", "file_name": "_includes/tutorials/error-handling/kstreams/code/src/test/java/io/confluent/developer/StreamsUncaughtExceptionHandlingTest.java", "commit_sha": "00a95730609a35e5ec37a40b25c73385a551e263", "line_no": 48, "priority": 5, "description": "Nm: Method names should start with a lower case letter", "line_content": "        final Deserializer<String> valueDeserializer = Serdes.String().deserializer();\n"}, {"type": "NM_METHOD_NAMING_CONVENTION", "file_name": "_includes/tutorials/error-handling/kstreams/code/src/test/java/io/confluent/developer/StreamsUncaughtExceptionHandlingTest.java", "commit_sha": "00a95730609a35e5ec37a40b25c73385a551e263", "line_no": 49, "priority": 5, "description": "Nm: Method names should start with a lower case letter", "line_content": "        final Deserializer<String> keyDeserializer = Serdes.String().deserializer();\n"}]}