{"repo": "techflash/core-java", "id": "5", "total": 2, "items": [{"type": "NM_METHOD_NAMING_CONVENTION", "file_name": "src/test/java/rough/FileTests.java", "commit_sha": "febf94b0fd145d5407e3959cb56165e402d086f1", "line_no": 15, "priority": 2, "description": "Nm: Method names should start with a lower case letter", "line_content": "  public void TestArrayStream() {\n"}, {"type": "NM_METHOD_NAMING_CONVENTION", "file_name": "src/test/java/rough/FileTests.java", "commit_sha": "febf94b0fd145d5407e3959cb56165e402d086f1", "line_no": 26, "priority": 2, "description": "Nm: Method names should start with a lower case letter", "line_content": "  public void TestStreamChaining() throws IOException {\n"}]}