{"repo": "Khabutdinov-Arslan/smart-home-2021", "id": "2", "total": 6, "items": [{"type": "NM_METHOD_NAMING_CONVENTION", "file_name": "src/test/java/ru/sbt/mipt/oop/EventHandlersTest.java", "commit_sha": "52c46b84781b39bff62bbde7b38aac37c30c3d9c", "line_no": 19, "priority": 2, "description": "Nm: Method names should start with a lower case letter", "line_content": "    public void HandleDoorOpenTest(){\n"}, {"type": "NM_METHOD_NAMING_CONVENTION", "file_name": "src/test/java/ru/sbt/mipt/oop/EventHandlersTest.java", "commit_sha": "52c46b84781b39bff62bbde7b38aac37c30c3d9c", "line_no": 26, "priority": 2, "description": "Nm: Method names should start with a lower case letter", "line_content": "    public void HandleDoorCloseTest(){\n"}, {"type": "NM_METHOD_NAMING_CONVENTION", "file_name": "src/test/java/ru/sbt/mipt/oop/EventHandlersTest.java", "commit_sha": "52c46b84781b39bff62bbde7b38aac37c30c3d9c", "line_no": 33, "priority": 2, "description": "Nm: Method names should start with a lower case letter", "line_content": "    public void HandleHallDoorOpenTest(){\n"}, {"type": "NM_METHOD_NAMING_CONVENTION", "file_name": "src/test/java/ru/sbt/mipt/oop/EventHandlersTest.java", "commit_sha": "52c46b84781b39bff62bbde7b38aac37c30c3d9c", "line_no": 40, "priority": 2, "description": "Nm: Method names should start with a lower case letter", "line_content": "    public void HandleHallDoorCloseTest(){\n"}, {"type": "NM_METHOD_NAMING_CONVENTION", "file_name": "src/test/java/ru/sbt/mipt/oop/EventHandlersTest.java", "commit_sha": "52c46b84781b39bff62bbde7b38aac37c30c3d9c", "line_no": 50, "priority": 2, "description": "Nm: Method names should start with a lower case letter", "line_content": "    public void HandleLightOnTest(){\n"}, {"type": "NM_METHOD_NAMING_CONVENTION", "file_name": "src/test/java/ru/sbt/mipt/oop/EventHandlersTest.java", "commit_sha": "52c46b84781b39bff62bbde7b38aac37c30c3d9c", "line_no": 57, "priority": 2, "description": "Nm: Method names should start with a lower case letter", "line_content": "    public void HandleLightOffTest(){\n"}]}