{"repo": "ftsrg-retelab/base", "id": "57", "total": 3, "items": [{"type": "NM_METHOD_NAMING_CONVENTION", "file_name": "train-tachograph/src/main/java/hu/bme/mit/train/tachograph/TrainTachograph.java", "commit_sha": "f96f5823d9510d2562f61da31164d56225a230fe", "line_no": 24, "priority": 2, "description": "Nm: Method names should start with a lower case letter", "line_content": "    public boolean TableIsEmpty(){\n"}, {"type": "NM_METHOD_NAMING_CONVENTION", "file_name": "train-tachograph/src/test/java/hu/bme/mit/train/system/TrainTachographTest.java", "commit_sha": "f96f5823d9510d2562f61da31164d56225a230fe", "line_no": 18, "priority": 2, "description": "Nm: Method names should start with a lower case letter", "line_content": "    public void TableHasElements() {\n"}, {"type": "NM_METHOD_NAMING_CONVENTION", "file_name": "train-tachograph/src/test/java/hu/bme/mit/train/system/TrainTachographTest.java", "commit_sha": "f96f5823d9510d2562f61da31164d56225a230fe", "line_no": 19, "priority": 5, "description": "Nm: Method names should start with a lower case letter", "line_content": "        Assert.assertFalse(tachograph.TableIsEmpty());\n"}]}