{"repo": "adaptris/interlok-installer", "id": "1", "total": 1, "items": [{"type": "UI_INHERITANCE_UNSAFE_GETRESOURCE", "file_name": "src/test/java/com/adaptris/installer/utils/ResourceUtilsTest.java", "commit_sha": "f5efa9286b027ad3d9b91e0a1b6533843a9f3ca4", "line_no": 20, "priority": 3, "description": "Usage of GetResource may be unsafe if class is extended", "line_content": "    assertEquals(Files.readString(Paths.get(getClass().getResource(\"/installer.properties\").toURI())).substring(0, 10),\n        fileContent.substring(0, 10));\n"}]}