{"repo": "kit-sdq/Smart-Grid-ICT-Resilience-Framework", "id": "20", "total": 5, "items": [{"type": "NM_METHOD_NAMING_CONVENTION", "file_name": "smartgrid.newsimcontrol.rcp.test/src/smartgrid/newsimcontrol/tests/rcp/TestRCPCall.java", "commit_sha": "738483fabcb0923a80a288a0742ccd7e162edc11", "line_no": 85, "priority": 5, "description": "Nm: Method names should start with a lower case letter", "line_content": "\t\tTestHelper.WriteObjectToFile(powerSpec, powerSpecFilepath);\t\n"}, {"type": "NM_METHOD_NAMING_CONVENTION", "file_name": "smartgrid.newsimcontrol.rcp.test/src/smartgrid/newsimcontrol/tests/rcp/TestRCPCall.java", "commit_sha": "738483fabcb0923a80a288a0742ccd7e162edc11", "line_no": 86, "priority": 5, "description": "Nm: Method names should start with a lower case letter", "line_content": "\t\tTestHelper.WriteObjectToFile(topoContainer, topoContainerFilepath);\n"}, {"type": "NM_METHOD_NAMING_CONVENTION", "file_name": "smartgrid.newsimcontrol.rcp.test/src/smartgrid/newsimcontrol/tests/rcp/TestRCPCall.java", "commit_sha": "738483fabcb0923a80a288a0742ccd7e162edc11", "line_no": 132, "priority": 5, "description": "Nm: Method names should start with a lower case letter", "line_content": "\t\tictElements = (Collection<ICTElement>) TestHelper.ReadObjectFromFile(ictElementsFilePath);\n"}, {"type": "NM_METHOD_NAMING_CONVENTION", "file_name": "smartgrid.newsimcontrol.rcp.test/src/smartgrid/newsimcontrol/tests/rcp/TestRCPCall.java", "commit_sha": "738483fabcb0923a80a288a0742ccd7e162edc11", "line_no": 133, "priority": 5, "description": "Nm: Method names should start with a lower case letter", "line_content": "\t\tpowerSpecModified = (PowerSpecContainer) TestHelper.ReadObjectFromFile(powerSpecModifiedFilePath);\n"}, {"type": "NM_METHOD_NAMING_CONVENTION", "file_name": "smartgrid.newsimcontrol.rcp.test/src/smartgrid/newsimcontrol/tests/rcp/TestRCPCall.java", "commit_sha": "738483fabcb0923a80a288a0742ccd7e162edc11", "line_no": 134, "priority": 5, "description": "Nm: Method names should start with a lower case letter", "line_content": "\t\tsmartCompStateContainer = (SmartComponentStateContainer) TestHelper.ReadObjectFromFile(smartCompStateContainerFilePath);\n"}]}