{"repo": "ArturSidelnikovs/TMS_110121", "id": "4", "total": 4, "items": [{"type": "NM_METHOD_NAMING_CONVENTION", "file_name": "Lesson11/src/Tasks/task2/Payment.java", "commit_sha": "88dca1a1bcc6068c1e9f0e845c99659a7563102a", "line_no": 22, "priority": 3, "description": "Nm: Method names should start with a lower case letter", "line_content": "        void Calculation () {\n"}, {"type": "NM_METHOD_NAMING_CONVENTION", "file_name": "Lesson11/src/Tasks/task2/Payment.java", "commit_sha": "88dca1a1bcc6068c1e9f0e845c99659a7563102a", "line_no": 31, "priority": 3, "description": "Nm: Method names should start with a lower case letter", "line_content": "    void BuyIt () {\n"}, {"type": "NM_METHOD_NAMING_CONVENTION", "file_name": "Lesson11/src/Tasks/task2/Payment.java", "commit_sha": "88dca1a1bcc6068c1e9f0e845c99659a7563102a", "line_no": 32, "priority": 5, "description": "Nm: Method names should start with a lower case letter", "line_content": "        purchase.Calculation();\n"}, {"type": "NM_METHOD_NAMING_CONVENTION", "file_name": "Lesson11/src/Tasks/task2/Runner.java", "commit_sha": "88dca1a1bcc6068c1e9f0e845c99659a7563102a", "line_no": 8, "priority": 5, "description": "Nm: Method names should start with a lower case letter", "line_content": "        payment.BuyIt();\n"}]}