{"repo": "prateekpatel-divergent/Clinic-Managment-System", "id": "1", "total": 6, "items": [{"type": "VA_FORMAT_STRING_USES_NEWLINE", "file_name": "src/com/divergent/clinicmanagmentsystem/Appoinment.java", "commit_sha": "7ff128110dc388a785eb2e3d24cacbefe2f1f77b", "line_no": 111, "priority": 2, "description": "Format string should use %n rather than \\n", "line_content": "\t\t\t\tSystem.out.printf(\"%6s  %15s  %15s  %20s  %12s  %12s  %5s  %5s\\n\", appoinid, pname, dname, problem,\n\t\t\t\t\t\tappinDate, currentDate, did, pid);\n"}, {"type": "VA_FORMAT_STRING_USES_NEWLINE", "file_name": "src/com/divergent/clinicmanagmentsystem/Drug.java", "commit_sha": "7ff128110dc388a785eb2e3d24cacbefe2f1f77b", "line_no": 180, "priority": 2, "description": "Format string should use %n rather than \\n", "line_content": "\t\t\t\tSystem.out.printf(\"%5s  %20s  %25s  \\n\", did, dname, rate);\n"}, {"type": "VA_FORMAT_STRING_USES_NEWLINE", "file_name": "src/com/divergent/clinicmanagmentsystem/LabTest.java", "commit_sha": "7ff128110dc388a785eb2e3d24cacbefe2f1f77b", "line_no": 212, "priority": 2, "description": "Format string should use %n rather than \\n", "line_content": "\t\t\t\tSystem.out.printf(\"%5s  %5s  %25s  %12s  %10s\\n\", ltid, pid, testname, date, rate);\n"}, {"type": "VA_FORMAT_STRING_USES_NEWLINE", "file_name": "src/com/divergent/clinicmanagmentsystem/Patient.java", "commit_sha": "7ff128110dc388a785eb2e3d24cacbefe2f1f77b", "line_no": 232, "priority": 2, "description": "Format string should use %n rather than \\n", "line_content": "\t\t\t\tSystem.out.printf(\"%5s  %15s  %15s  %3s  %4s  %6s  %12s  %12s  %12s  %20s\\n\", pid, pname, paddress,\n\t\t\t\t\t\tpage, pweight, pgender, pcontactno, pcurrentdate, pappoinment, pproblem);\n"}, {"type": "VA_FORMAT_STRING_USES_NEWLINE", "file_name": "src/com/divergent/clinicmanagmentsystem/PrescriptionAndNotes.java", "commit_sha": "7ff128110dc388a785eb2e3d24cacbefe2f1f77b", "line_no": 113, "priority": 2, "description": "Format string should use %n rather than \\n", "line_content": "\t\t\t\tSystem.out.printf(\"%5s  %20s  %5s  %7s  %5s  %20s  %3s  %15s  %15s  %25s  %25s\\n\", pid, pname, page,\n\t\t\t\t\t\tpgender, doctorId, doctorname, appoinId, pproblem, appoindate, prescription, note);\n"}, {"type": "NM_CLASS_NAMING_CONVENTION", "file_name": "src/com/divergent/clinicmanagmentsystem/test/listofdrug.java", "commit_sha": "7ff128110dc388a785eb2e3d24cacbefe2f1f77b", "line_no": 13, "priority": 2, "description": "Nm: Class names should start with an upper case letter", "line_content": "public class listofdrug {\n"}]}