{"repo": "Khmelov/PISL2021-02-01", "id": "81", "total": 8, "items": [{"type": "VA_FORMAT_STRING_USES_NEWLINE", "file_name": "src/by/it/group873602/martirosov/lesson01/FiboA.java", "commit_sha": "2c85cdf7d84fa8a0c22049a8c795760967763e49", "line_no": 20, "priority": 2, "description": "Format string should use %n rather than \\n", "line_content": "        System.out.printf(\"calc(%d)=%d \\n\\t time=%d \\n\\n\", n, fibo.calc(n), fibo.time());\n"}, {"type": "VA_FORMAT_STRING_USES_NEWLINE", "file_name": "src/by/it/group873602/martirosov/lesson01/FiboA.java", "commit_sha": "2c85cdf7d84fa8a0c22049a8c795760967763e49", "line_no": 25, "priority": 2, "description": "Format string should use %n rather than \\n", "line_content": "        System.out.printf(\"slowA(%d)=%d \\n\\t time=%d \\n\\n\", n, fibo.slowA(n), fibo.time());\n"}, {"type": "VA_FORMAT_STRING_USES_NEWLINE", "file_name": "src/by/it/group873602/martirosov/lesson01/FiboB.java", "commit_sha": "2c85cdf7d84fa8a0c22049a8c795760967763e49", "line_no": 22, "priority": 2, "description": "Format string should use %n rather than \\n", "line_content": "        System.out.printf(\"fastB(%d)=%d \\n\\t time=%d \\n\\n\", n, fibo.fastB(n), fibo.time());\n"}, {"type": "VA_FORMAT_STRING_USES_NEWLINE", "file_name": "src/by/it/group873602/martirosov/lesson01/FiboC.java", "commit_sha": "2c85cdf7d84fa8a0c22049a8c795760967763e49", "line_no": 22, "priority": 2, "description": "Format string should use %n rather than \\n", "line_content": "        System.out.printf(\"fasterC(%d)=%d \\n\\t time=%d \\n\\n\", n, fibo.fasterC(n, m), fibo.time());\n"}, {"type": "VA_FORMAT_STRING_USES_NEWLINE", "file_name": "src/by/it/group873602/martirosov/lesson02/C_GreedyKnapsack.java", "commit_sha": "2c85cdf7d84fa8a0c22049a8c795760967763e49", "line_no": 58, "priority": 2, "description": "Format string should use %n rather than \\n", "line_content": "        System.out.printf(\"\u0412\u0441\u0435\u0433\u043e \u043f\u0440\u0435\u0434\u043c\u0435\u0442\u043e\u0432: %d. \u0420\u044e\u043a\u0437\u0430\u043a \u0432\u043c\u0435\u0449\u0430\u0435\u0442 %d \u043a\u0433.\\n\",n,W);\n"}, {"type": "VA_FORMAT_STRING_USES_NEWLINE", "file_name": "src/by/it/group873602/martirosov/lesson02/C_GreedyKnapsack.java", "commit_sha": "2c85cdf7d84fa8a0c22049a8c795760967763e49", "line_no": 87, "priority": 2, "description": "Format string should use %n rather than \\n", "line_content": "        System.out.printf(\"\u0423\u0434\u0430\u043b\u043e\u0441\u044c \u0441\u043e\u0431\u0440\u0430\u0442\u044c \u0440\u044e\u043a\u0437\u0430\u043a \u043d\u0430 \u0441\u0443\u043c\u043c\u0443 %f\\n\",result);\n"}, {"type": "VA_FORMAT_STRING_USES_NEWLINE", "file_name": "src/by/it/group873602/martirosov/lesson03/A_Huffman.java", "commit_sha": "2c85cdf7d84fa8a0c22049a8c795760967763e49", "line_no": 174, "priority": 2, "description": "Format string should use %n rather than \\n", "line_content": "        System.out.printf(\"%d %d\\n\", codes.size(), result.length());\n"}, {"type": "VA_FORMAT_STRING_USES_NEWLINE", "file_name": "src/by/it/group873602/martirosov/lesson03/A_Huffman.java", "commit_sha": "2c85cdf7d84fa8a0c22049a8c795760967763e49", "line_no": 176, "priority": 2, "description": "Format string should use %n rather than \\n", "line_content": "            System.out.printf(\"%s: %s\\n\", entry.getKey(), entry.getValue());\n"}]}