{"repo": "Batkaev/Java", "id": "3", "total": 8, "items": [{"type": "NM_METHOD_NAMING_CONVENTION", "file_name": "src/GeekLesson/src/GeekLesson/Name.java", "commit_sha": "5e68dcd6c54c167caf528c1922dfb58022cdbfeb", "line_no": 5, "priority": 5, "description": "Nm: Method names should start with a lower case letter", "line_content": "        Imya();\n"}, {"type": "NM_METHOD_NAMING_CONVENTION", "file_name": "src/GeekLesson/src/GeekLesson/Name.java", "commit_sha": "5e68dcd6c54c167caf528c1922dfb58022cdbfeb", "line_no": 8, "priority": 2, "description": "Nm: Method names should start with a lower case letter", "line_content": "    public static void Imya(){\n"}, {"type": "NM_METHOD_NAMING_CONVENTION", "file_name": "src/GeekLesson/src/GeekLesson/PlusMinus2.java", "commit_sha": "5e68dcd6c54c167caf528c1922dfb58022cdbfeb", "line_no": 9, "priority": 5, "description": "Nm: Method names should start with a lower case letter", "line_content": "        System.out.println(PlusIliMinus());\n"}, {"type": "NM_METHOD_NAMING_CONVENTION", "file_name": "src/GeekLesson/src/GeekLesson/PlusMinus2.java", "commit_sha": "5e68dcd6c54c167caf528c1922dfb58022cdbfeb", "line_no": 12, "priority": 2, "description": "Nm: Method names should start with a lower case letter", "line_content": "    public static boolean PlusIliMinus() throws IOException {\n"}, {"type": "NM_METHOD_NAMING_CONVENTION", "file_name": "src/GeekLesson/src/GeekLesson/Solution.java", "commit_sha": "5e68dcd6c54c167caf528c1922dfb58022cdbfeb", "line_no": 9, "priority": 5, "description": "Nm: Method names should start with a lower case letter", "line_content": "        System.out.println(PlusMinus());\n"}, {"type": "NM_METHOD_NAMING_CONVENTION", "file_name": "src/GeekLesson/src/GeekLesson/Solution.java", "commit_sha": "5e68dcd6c54c167caf528c1922dfb58022cdbfeb", "line_no": 12, "priority": 2, "description": "Nm: Method names should start with a lower case letter", "line_content": "    public static int PlusMinus() throws IOException {\n"}, {"type": "NM_METHOD_NAMING_CONVENTION", "file_name": "src/GeekLesson/src/GeekLesson/VysokosniyGod.java", "commit_sha": "5e68dcd6c54c167caf528c1922dfb58022cdbfeb", "line_no": 9, "priority": 5, "description": "Nm: Method names should start with a lower case letter", "line_content": "        VisGod();\n"}, {"type": "NM_METHOD_NAMING_CONVENTION", "file_name": "src/GeekLesson/src/GeekLesson/VysokosniyGod.java", "commit_sha": "5e68dcd6c54c167caf528c1922dfb58022cdbfeb", "line_no": 12, "priority": 2, "description": "Nm: Method names should start with a lower case letter", "line_content": "    public static void VisGod() throws IOException {\n"}]}