{"repo": "mishabartone/LessonOne", "id": "13", "total": 1, "items": [{"type": "VA_FORMAT_STRING_USES_NEWLINE", "file_name": "src/main/java/HomeWork11/Main.java", "commit_sha": "9786e350d1e63e957eb3931b9694475028872ed0", "line_no": 27, "priority": 2, "description": "Format string should use %n rather than \\n", "line_content": "            System.out.printf(\"\u0421\u043b\u043e\u0432\u043e: %s \u041f\u043e\u0432\u0442\u043e\u0440\u0435\u043d\u0438\u0439: %d \\n\", item.getKey(), item.getValue());\n"}]}