{"repo": "Zaytsev-Andrey/java_3_hw_02032021", "id": "1", "total": 9, "items": [{"type": "VA_FORMAT_STRING_USES_NEWLINE", "file_name": "src/hw1/Main.java", "commit_sha": "5e56b88c7bbcca06244d9efdae8283fcf33cd069", "line_no": 17, "priority": 2, "description": "Format string should use %n rather than \\n", "line_content": "        System.out.printf(\"\u0418\u0441\u0445\u043e\u0434\u043d\u044b\u0439 \u043c\u0430\u0441\u0441\u0438\u0432 \u0442\u0438\u043f\u0430 %s: %s\\n\", intArray.getClass().getSimpleName(), Arrays.toString(intArray));\n"}, {"type": "VA_FORMAT_STRING_USES_NEWLINE", "file_name": "src/hw1/Main.java", "commit_sha": "5e56b88c7bbcca06244d9efdae8283fcf33cd069", "line_no": 19, "priority": 2, "description": "Format string should use %n rather than \\n", "line_content": "        System.out.printf(\"\u041f\u043e\u043c\u0435\u043d\u044f\u043d\u044b \u043c\u0435\u0441\u0442\u0430\u043c\u0438 \u044d\u043b\u0435\u043c\u0435\u043d\u0442 %s \u0441 \u044d\u043b\u0435\u043c\u0435\u043d\u0442\u043e\u043c %s: %s\\n\", firstIndex, secondIndex, Arrays.toString(intArray));\n"}, {"type": "VA_FORMAT_STRING_USES_NEWLINE", "file_name": "src/hw1/Main.java", "commit_sha": "5e56b88c7bbcca06244d9efdae8283fcf33cd069", "line_no": 21, "priority": 2, "description": "Format string should use %n rather than \\n", "line_content": "        System.out.printf(\"\u0418\u0441\u0445\u043e\u0434\u043d\u044b\u0439 \u043c\u0430\u0441\u0441\u0438\u0432 \u0442\u0438\u043f\u0430 %s: %s\\n\", strArray.getClass().getSimpleName(), Arrays.toString(strArray));\n"}, {"type": "VA_FORMAT_STRING_USES_NEWLINE", "file_name": "src/hw1/Main.java", "commit_sha": "5e56b88c7bbcca06244d9efdae8283fcf33cd069", "line_no": 23, "priority": 2, "description": "Format string should use %n rather than \\n", "line_content": "        System.out.printf(\"\u041f\u043e\u043c\u0435\u043d\u044f\u043d\u044b \u043c\u0435\u0441\u0442\u0430\u043c\u0438 \u044d\u043b\u0435\u043c\u0435\u043d\u0442 %s \u0441 \u044d\u043b\u0435\u043c\u0435\u043d\u0442\u043e\u043c %s: %s\\n\", firstIndex, secondIndex, Arrays.toString(strArray));\n"}, {"type": "VA_FORMAT_STRING_USES_NEWLINE", "file_name": "src/hw1/boxes/boxApp.java", "commit_sha": "5e56b88c7bbcca06244d9efdae8283fcf33cd069", "line_no": 17, "priority": 2, "description": "Format string should use %n rather than \\n", "line_content": "        System.out.printf(\"\u041a\u043e\u0440\u043e\u0431\u043a\u0430 \u2116 1 \u0440\u0430\u0432\u043d\u0430 \u043a\u043e\u0440\u043e\u0431\u043a\u0435 \u2116 2? - %b\\n\", firstBox.compare(secondBox));\n"}, {"type": "VA_FORMAT_STRING_USES_NEWLINE", "file_name": "src/hw1/boxes/boxApp.java", "commit_sha": "5e56b88c7bbcca06244d9efdae8283fcf33cd069", "line_no": 18, "priority": 2, "description": "Format string should use %n rather than \\n", "line_content": "        System.out.printf(\"\u041a\u043e\u0440\u043e\u0431\u043a\u0430 \u2116 1 \u0440\u0430\u0432\u043d\u0430 \u043a\u043e\u0440\u043e\u0431\u043a\u0435 \u2116 3? - %b\\n\", firstBox.compare(thirdBox));\n"}, {"type": "VA_FORMAT_STRING_USES_NEWLINE", "file_name": "src/hw1/boxes/boxApp.java", "commit_sha": "5e56b88c7bbcca06244d9efdae8283fcf33cd069", "line_no": 19, "priority": 2, "description": "Format string should use %n rather than \\n", "line_content": "        System.out.printf(\"\u041a\u043e\u0440\u043e\u0431\u043a\u0430 \u2116 2 \u0440\u0430\u0432\u043d\u0430 \u043a\u043e\u0440\u043e\u0431\u043a\u0435 \u2116 3? - %b\\n\", secondBox.compare(thirdBox));\n"}, {"type": "VA_FORMAT_STRING_USES_NEWLINE", "file_name": "src/hw1/boxes/boxApp.java", "commit_sha": "5e56b88c7bbcca06244d9efdae8283fcf33cd069", "line_no": 50, "priority": 2, "description": "Format string should use %n rather than \\n", "line_content": "            System.out.printf(\"\u0412\u0435\u0441 \u043a\u043e\u0440\u043e\u0431\u043a\u0438 \u2116 %d: %.3f\\n\", i + 1, boxes[i].getWeight());\n"}, {"type": "NM_CLASS_NAMING_CONVENTION", "file_name": "src/hw1/boxes/boxApp.java", "commit_sha": "5e56b88c7bbcca06244d9efdae8283fcf33cd069", "line_no": 3, "priority": 2, "description": "Nm: Class names should start with an upper case letter", "line_content": "public class boxApp {\n"}]}