{"repo": "super30admin/Linked-List-1", "id": "454", "total": 2, "items": [{"type": "NM_CLASS_NAMING_CONVENTION", "file_name": "removeNthNode.java", "commit_sha": "4150b43c781df44cde2102d7a27fd8a75bed2294", "line_no": 5, "priority": 2, "description": "Nm: Class names should start with an upper case letter", "line_content": "public class removeNthNode {\n"}, {"type": "NM_CLASS_NAMING_CONVENTION", "file_name": "reverseLinkList.java", "commit_sha": "4150b43c781df44cde2102d7a27fd8a75bed2294", "line_no": 4, "priority": 2, "description": "Nm: Class names should start with an upper case letter", "line_content": "public class reverseLinkList {\n"}]}