{"repo": "ArturSidelnikovs/TMS_110121", "id": "3", "total": 90, "items": [{"type": "NM_METHOD_NAMING_CONVENTION", "file_name": "Lesson9/src/tasks/AbstractsClasessTask30/Air/Civil.java", "commit_sha": "d93afdf358d3f867956f83bc7053f353f96dcedb", "line_no": 32, "priority": 2, "description": "Nm: Method names should start with a lower case letter", "line_content": "        public void Capacity (int capacity) {\n"}, {"type": "NM_METHOD_NAMING_CONVENTION", "file_name": "Lesson9/src/tasks/AbstractsClasessTask30/Air/Civil.java", "commit_sha": "d93afdf358d3f867956f83bc7053f353f96dcedb", "line_no": 41, "priority": 2, "description": "Nm: Method names should start with a lower case letter", "line_content": "    public void TypeCivil () {\n"}, {"type": "QBA_QUESTIONABLE_BOOLEAN_ASSIGNMENT", "file_name": "Lesson9/src/tasks/AbstractsClasessTask30/Air/Military.java", "commit_sha": "d93afdf358d3f867956f83bc7053f353f96dcedb", "line_no": 51, "priority": 1, "description": "Method assigns boolean literal in boolean expression", "line_content": "        if (ejection = true) {\n"}, {"type": "NM_METHOD_NAMING_CONVENTION", "file_name": "Lesson9/src/tasks/AbstractsClasessTask30/Air/Military.java", "commit_sha": "d93afdf358d3f867956f83bc7053f353f96dcedb", "line_no": 41, "priority": 2, "description": "Nm: Method names should start with a lower case letter", "line_content": "    public int Shot () {\n"}, {"type": "NM_METHOD_NAMING_CONVENTION", "file_name": "Lesson9/src/tasks/AbstractsClasessTask30/Air/Military.java", "commit_sha": "d93afdf358d3f867956f83bc7053f353f96dcedb", "line_no": 50, "priority": 2, "description": "Nm: Method names should start with a lower case letter", "line_content": "    public boolean Ejection () {\n"}, {"type": "NM_METHOD_NAMING_CONVENTION", "file_name": "Lesson9/src/tasks/AbstractsClasessTask30/Air/Military.java", "commit_sha": "d93afdf358d3f867956f83bc7053f353f96dcedb", "line_no": 59, "priority": 2, "description": "Nm: Method names should start with a lower case letter", "line_content": "    public void TypeMilitary () {\n"}, {"type": "NM_METHOD_NAMING_CONVENTION", "file_name": "Lesson9/src/tasks/AbstractsClasessTask30/Ground/CargoTrucks.java", "commit_sha": "d93afdf358d3f867956f83bc7053f353f96dcedb", "line_no": 49, "priority": 2, "description": "Nm: Method names should start with a lower case letter", "line_content": "    public void Capacity(int cargo) {\n"}, {"type": "NM_METHOD_NAMING_CONVENTION", "file_name": "Lesson9/src/tasks/AbstractsClasessTask30/Ground/CargoTrucks.java", "commit_sha": "d93afdf358d3f867956f83bc7053f353f96dcedb", "line_no": 57, "priority": 2, "description": "Nm: Method names should start with a lower case letter", "line_content": "    public void TypeCargo() {\n"}, {"type": "NM_METHOD_NAMING_CONVENTION", "file_name": "Lesson9/src/tasks/AbstractsClasessTask30/Ground/Passenger\u0421ar.java", "commit_sha": "d93afdf358d3f867956f83bc7053f353f96dcedb", "line_no": 36, "priority": 2, "description": "Nm: Method names should start with a lower case letter", "line_content": "    public void FullStr (double time) {\n"}, {"type": "NM_METHOD_NAMING_CONVENTION", "file_name": "Lesson9/src/tasks/AbstractsClasessTask30/Ground/Passenger\u0421ar.java", "commit_sha": "d93afdf358d3f867956f83bc7053f353f96dcedb", "line_no": 39, "priority": 5, "description": "Nm: Method names should start with a lower case letter", "line_content": "        System.out.println(\"\u0417\u0430 \u0432\u0440\u0435\u043c\u044f \" + time + \" \u0447\u0430\u0441\u043e\u0432 \" + getBodytype() + \" \" + getBrand() +\n                \"  \u0434\u0432\u0438\u0433\u0430\u044f\u0441\u044c \u0441 \u043c\u0430\u043a\u0441\u0438\u043c\u0430\u043b\u044c\u043d\u043e\u0439 \u0441\u043a\u0440\u043e\u0441\u0442\u044c\u044e \" + getMaxSpeed() + \"\u043a\u043c/\u0447 \u0438\u0437\u0440\u0430\u0441\u0445\u043e\u0434\u0443\u0435\u0442 \" + Fuel\u0421onsumption (distance) + \" \u043b\u0438\u0442\u0440\u043e\u0432 \u0442\u043e\u043f\u043b\u0438\u0432\u0430 \u0438 \u043f\u0440\u043e\u0435\u0434\u0435\u0442\" +\n                \" \u0440\u0430\u0441\u0441\u0442\u043e\u044f\u043d\u0438\u0435 \" + distance + \"\u043a\u043c.\");\n"}, {"type": "NM_METHOD_NAMING_CONVENTION", "file_name": "Lesson9/src/tasks/AbstractsClasessTask30/Ground/Passenger\u0421ar.java", "commit_sha": "d93afdf358d3f867956f83bc7053f353f96dcedb", "line_no": 43, "priority": 2, "description": "Nm: Method names should start with a lower case letter", "line_content": "    public void TypePasCar () {\n"}, {"type": "NM_METHOD_NAMING_CONVENTION", "file_name": "Lesson9/src/tasks/AbstractsClasessTask30/Ground/Passenger\u0421ar.java", "commit_sha": "d93afdf358d3f867956f83bc7053f353f96dcedb", "line_no": 50, "priority": 2, "description": "Nm: Method names should start with a lower case letter", "line_content": "    public double Fuel\u0421onsumption (double distance) {\n"}, {"type": "NM_METHOD_NAMING_CONVENTION", "file_name": "Lesson9/src/tasks/AbstractsClasessTask30/TransportRunner.java", "commit_sha": "d93afdf358d3f867956f83bc7053f353f96dcedb", "line_no": 16, "priority": 5, "description": "Nm: Method names should start with a lower case letter", "line_content": "        passenger\u0421ar.TypePasCar();\n"}, {"type": "NM_METHOD_NAMING_CONVENTION", "file_name": "Lesson9/src/tasks/AbstractsClasessTask30/TransportRunner.java", "commit_sha": "d93afdf358d3f867956f83bc7053f353f96dcedb", "line_no": 17, "priority": 5, "description": "Nm: Method names should start with a lower case letter", "line_content": "        passenger\u0421ar.FullStr (10);\n"}, {"type": "NM_METHOD_NAMING_CONVENTION", "file_name": "Lesson9/src/tasks/AbstractsClasessTask30/TransportRunner.java", "commit_sha": "d93afdf358d3f867956f83bc7053f353f96dcedb", "line_no": 21, "priority": 5, "description": "Nm: Method names should start with a lower case letter", "line_content": "        cargoTruck.TypeCargo();\n"}, {"type": "NM_METHOD_NAMING_CONVENTION", "file_name": "Lesson9/src/tasks/AbstractsClasessTask30/TransportRunner.java", "commit_sha": "d93afdf358d3f867956f83bc7053f353f96dcedb", "line_no": 25, "priority": 5, "description": "Nm: Method names should start with a lower case letter", "line_content": "        civil.TypeCivil();\n"}, {"type": "NM_METHOD_NAMING_CONVENTION", "file_name": "Lesson9/src/tasks/AbstractsClasessTask30/TransportRunner.java", "commit_sha": "d93afdf358d3f867956f83bc7053f353f96dcedb", "line_no": 26, "priority": 5, "description": "Nm: Method names should start with a lower case letter", "line_content": "        civil.Capacity(150);\n"}, {"type": "NM_METHOD_NAMING_CONVENTION", "file_name": "Lesson9/src/tasks/AbstractsClasessTask30/TransportRunner.java", "commit_sha": "d93afdf358d3f867956f83bc7053f353f96dcedb", "line_no": 30, "priority": 5, "description": "Nm: Method names should start with a lower case letter", "line_content": "        military.TypeMilitary();\n"}, {"type": "NM_METHOD_NAMING_CONVENTION", "file_name": "Lesson9/src/tasks/AbstractsClasessTask30/TransportRunner.java", "commit_sha": "d93afdf358d3f867956f83bc7053f353f96dcedb", "line_no": 31, "priority": 5, "description": "Nm: Method names should start with a lower case letter", "line_content": "        military.Shot();\n"}, {"type": "NM_METHOD_NAMING_CONVENTION", "file_name": "Lesson9/src/tasks/AbstractsClasessTask30/TransportRunner.java", "commit_sha": "d93afdf358d3f867956f83bc7053f353f96dcedb", "line_no": 32, "priority": 5, "description": "Nm: Method names should start with a lower case letter", "line_content": "        military.Ejection();\n"}, {"type": "NM_METHOD_NAMING_CONVENTION", "file_name": "Lesson9/src/tasks/InerfaceTask29/Cosmodrome.java", "commit_sha": "d93afdf358d3f867956f83bc7053f353f96dcedb", "line_no": 17, "priority": 2, "description": "Nm: Method names should start with a lower case letter", "line_content": "    public static void StartShattle (IStart shattle) {\n"}, {"type": "NM_METHOD_NAMING_CONVENTION", "file_name": "Lesson9/src/tasks/InerfaceTask29/Cosmodrome.java", "commit_sha": "d93afdf358d3f867956f83bc7053f353f96dcedb", "line_no": 21, "priority": 5, "description": "Nm: Method names should start with a lower case letter", "line_content": "            shattle.StartingTheEngine();\n"}, {"type": "NM_METHOD_NAMING_CONVENTION", "file_name": "Lesson9/src/tasks/InerfaceTask29/Cosmodrome.java", "commit_sha": "d93afdf358d3f867956f83bc7053f353f96dcedb", "line_no": 27, "priority": 5, "description": "Nm: Method names should start with a lower case letter", "line_content": "            shattle.Start();\n"}, {"type": "NM_METHOD_NAMING_CONVENTION", "file_name": "Lesson9/src/tasks/InerfaceTask29/IStart.java", "commit_sha": "d93afdf358d3f867956f83bc7053f353f96dcedb", "line_no": 15, "priority": 5, "description": "Nm: Method names should start with a lower case letter", "line_content": "    void StartingTheEngine ();\n"}, {"type": "NM_METHOD_NAMING_CONVENTION", "file_name": "Lesson9/src/tasks/InerfaceTask29/IStart.java", "commit_sha": "d93afdf358d3f867956f83bc7053f353f96dcedb", "line_no": 16, "priority": 5, "description": "Nm: Method names should start with a lower case letter", "line_content": "    void Start();\n"}, {"type": "NM_METHOD_NAMING_CONVENTION", "file_name": "Lesson9/src/tasks/InerfaceTask29/IStart.java", "commit_sha": "d93afdf358d3f867956f83bc7053f353f96dcedb", "line_no": 17, "priority": 5, "description": "Nm: Method names should start with a lower case letter", "line_content": "    boolean PreLaunchCheck ();\n"}, {"type": "NM_METHOD_NAMING_CONVENTION", "file_name": "Lesson9/src/tasks/InerfaceTask29/Runner.java", "commit_sha": "d93afdf358d3f867956f83bc7053f353f96dcedb", "line_no": 7, "priority": 5, "description": "Nm: Method names should start with a lower case letter", "line_content": "        Cosmodrome.StartShattle(shattle);\n"}, {"type": "NM_METHOD_NAMING_CONVENTION", "file_name": "Lesson9/src/tasks/InerfaceTask29/Shattle.java", "commit_sha": "d93afdf358d3f867956f83bc7053f353f96dcedb", "line_no": 18, "priority": 2, "description": "Nm: Method names should start with a lower case letter", "line_content": "    public boolean PreLaunchCheck() {\n"}, {"type": "NM_METHOD_NAMING_CONVENTION", "file_name": "Lesson9/src/tasks/InerfaceTask29/Shattle.java", "commit_sha": "d93afdf358d3f867956f83bc7053f353f96dcedb", "line_no": 25, "priority": 2, "description": "Nm: Method names should start with a lower case letter", "line_content": "    public void StartingTheEngine() {\n"}, {"type": "NM_METHOD_NAMING_CONVENTION", "file_name": "Lesson9/src/tasks/InerfaceTask29/Shattle.java", "commit_sha": "d93afdf358d3f867956f83bc7053f353f96dcedb", "line_no": 30, "priority": 2, "description": "Nm: Method names should start with a lower case letter", "line_content": "    public void Start() {\n"}, {"type": "NM_METHOD_NAMING_CONVENTION", "file_name": "Lesson9/src/tasks/InterfaceTask28/Human.java", "commit_sha": "d93afdf358d3f867956f83bc7053f353f96dcedb", "line_no": 18, "priority": 2, "description": "Nm: Method names should start with a lower case letter", "line_content": "    public  void PutOnHuman () {\n"}, {"type": "NM_METHOD_NAMING_CONVENTION", "file_name": "Lesson9/src/tasks/InterfaceTask28/Human.java", "commit_sha": "d93afdf358d3f867956f83bc7053f353f96dcedb", "line_no": 19, "priority": 5, "description": "Nm: Method names should start with a lower case letter", "line_content": "        PutOnJacket ();\n"}, {"type": "NM_METHOD_NAMING_CONVENTION", "file_name": "Lesson9/src/tasks/InterfaceTask28/Human.java", "commit_sha": "d93afdf358d3f867956f83bc7053f353f96dcedb", "line_no": 20, "priority": 5, "description": "Nm: Method names should start with a lower case letter", "line_content": "        PutOnPants ();\n"}, {"type": "NM_METHOD_NAMING_CONVENTION", "file_name": "Lesson9/src/tasks/InterfaceTask28/Human.java", "commit_sha": "d93afdf358d3f867956f83bc7053f353f96dcedb", "line_no": 21, "priority": 5, "description": "Nm: Method names should start with a lower case letter", "line_content": "        PutOnShoes();\n"}, {"type": "NM_METHOD_NAMING_CONVENTION", "file_name": "Lesson9/src/tasks/InterfaceTask28/Human.java", "commit_sha": "d93afdf358d3f867956f83bc7053f353f96dcedb", "line_no": 24, "priority": 2, "description": "Nm: Method names should start with a lower case letter", "line_content": "    public  void TakeOffHuman () {\n"}, {"type": "NM_METHOD_NAMING_CONVENTION", "file_name": "Lesson9/src/tasks/InterfaceTask28/Human.java", "commit_sha": "d93afdf358d3f867956f83bc7053f353f96dcedb", "line_no": 25, "priority": 5, "description": "Nm: Method names should start with a lower case letter", "line_content": "        TakeOffJacket ();\n"}, {"type": "NM_METHOD_NAMING_CONVENTION", "file_name": "Lesson9/src/tasks/InterfaceTask28/Human.java", "commit_sha": "d93afdf358d3f867956f83bc7053f353f96dcedb", "line_no": 26, "priority": 5, "description": "Nm: Method names should start with a lower case letter", "line_content": "        TakeOffPants ();\n"}, {"type": "NM_METHOD_NAMING_CONVENTION", "file_name": "Lesson9/src/tasks/InterfaceTask28/Human.java", "commit_sha": "d93afdf358d3f867956f83bc7053f353f96dcedb", "line_no": 27, "priority": 5, "description": "Nm: Method names should start with a lower case letter", "line_content": "        TakeOffShoes();\n"}, {"type": "NM_METHOD_NAMING_CONVENTION", "file_name": "Lesson9/src/tasks/InterfaceTask28/Human.java", "commit_sha": "d93afdf358d3f867956f83bc7053f353f96dcedb", "line_no": 32, "priority": 2, "description": "Nm: Method names should start with a lower case letter", "line_content": "    public void PutOnJacket() {System.out.println(name + \" \u041d\u0430\u043f\u0435\u0440 \u043d\u0430 \u0441\u0435\u0431\u044f \" + jacket);}\n"}, {"type": "NM_METHOD_NAMING_CONVENTION", "file_name": "Lesson9/src/tasks/InterfaceTask28/Human.java", "commit_sha": "d93afdf358d3f867956f83bc7053f353f96dcedb", "line_no": 35, "priority": 2, "description": "Nm: Method names should start with a lower case letter", "line_content": "    public void TakeOffJacket() {System.out.println(name + \" C\u043d\u044f\u043b \u0441 \u0441\u0435\u0431\u044f \" + jacket);}\n"}, {"type": "NM_METHOD_NAMING_CONVENTION", "file_name": "Lesson9/src/tasks/InterfaceTask28/Human.java", "commit_sha": "d93afdf358d3f867956f83bc7053f353f96dcedb", "line_no": 38, "priority": 2, "description": "Nm: Method names should start with a lower case letter", "line_content": "    public void PutOnPants() {System.out.println(name + \" \u041d\u0430\u043f\u0435\u0440 \u043d\u0430 \u0441\u0435\u0431\u044f \" + pants); }\n"}, {"type": "NM_METHOD_NAMING_CONVENTION", "file_name": "Lesson9/src/tasks/InterfaceTask28/Human.java", "commit_sha": "d93afdf358d3f867956f83bc7053f353f96dcedb", "line_no": 41, "priority": 2, "description": "Nm: Method names should start with a lower case letter", "line_content": "    public void TakeOffPants() {System.out.println(name + \" C\u043d\u044f\u043b \u0441 \u0441\u0435\u0431\u044f \" + pants);}\n"}, {"type": "NM_METHOD_NAMING_CONVENTION", "file_name": "Lesson9/src/tasks/InterfaceTask28/Human.java", "commit_sha": "d93afdf358d3f867956f83bc7053f353f96dcedb", "line_no": 44, "priority": 2, "description": "Nm: Method names should start with a lower case letter", "line_content": "    public void PutOnShoes() {System.out.println(name + \" \u041d\u0430\u043f\u0435\u0440 \u043d\u0430 \u0441\u0435\u0431\u044f \" + shoes);}\n"}, {"type": "NM_METHOD_NAMING_CONVENTION", "file_name": "Lesson9/src/tasks/InterfaceTask28/Human.java", "commit_sha": "d93afdf358d3f867956f83bc7053f353f96dcedb", "line_no": 47, "priority": 2, "description": "Nm: Method names should start with a lower case letter", "line_content": "    public void TakeOffShoes() {System.out.println(name + \" C\u043d\u044f\u043b \u0441 \u0441\u0435\u0431\u044f \" + shoes);}\n"}, {"type": "NM_METHOD_NAMING_CONVENTION", "file_name": "Lesson9/src/tasks/InterfaceTask28/HumanRunner.java", "commit_sha": "d93afdf358d3f867956f83bc7053f353f96dcedb", "line_no": 14, "priority": 5, "description": "Nm: Method names should start with a lower case letter", "line_content": "        human.PutOnHuman();\n"}, {"type": "NM_METHOD_NAMING_CONVENTION", "file_name": "Lesson9/src/tasks/InterfaceTask28/HumanRunner.java", "commit_sha": "d93afdf358d3f867956f83bc7053f353f96dcedb", "line_no": 16, "priority": 5, "description": "Nm: Method names should start with a lower case letter", "line_content": "        human.TakeOffHuman();\n"}, {"type": "NM_METHOD_NAMING_CONVENTION", "file_name": "Lesson9/src/tasks/InterfaceTask28/Jacket.java", "commit_sha": "d93afdf358d3f867956f83bc7053f353f96dcedb", "line_no": 5, "priority": 5, "description": "Nm: Method names should start with a lower case letter", "line_content": "    void PutOnJacket ();\n"}, {"type": "NM_METHOD_NAMING_CONVENTION", "file_name": "Lesson9/src/tasks/InterfaceTask28/Jacket.java", "commit_sha": "d93afdf358d3f867956f83bc7053f353f96dcedb", "line_no": 6, "priority": 5, "description": "Nm: Method names should start with a lower case letter", "line_content": "    void TakeOffJacket();\n"}, {"type": "NM_METHOD_NAMING_CONVENTION", "file_name": "Lesson9/src/tasks/InterfaceTask28/Pants.java", "commit_sha": "d93afdf358d3f867956f83bc7053f353f96dcedb", "line_no": 5, "priority": 5, "description": "Nm: Method names should start with a lower case letter", "line_content": "    void PutOnPants ();\n"}, {"type": "NM_METHOD_NAMING_CONVENTION", "file_name": "Lesson9/src/tasks/InterfaceTask28/Pants.java", "commit_sha": "d93afdf358d3f867956f83bc7053f353f96dcedb", "line_no": 6, "priority": 5, "description": "Nm: Method names should start with a lower case letter", "line_content": "    void TakeOffPants();\n"}, {"type": "NM_METHOD_NAMING_CONVENTION", "file_name": "Lesson9/src/tasks/InterfaceTask28/Shoes.java", "commit_sha": "d93afdf358d3f867956f83bc7053f353f96dcedb", "line_no": 5, "priority": 5, "description": "Nm: Method names should start with a lower case letter", "line_content": "     void PutOnShoes ();\n"}, {"type": "NM_METHOD_NAMING_CONVENTION", "file_name": "Lesson9/src/tasks/InterfaceTask28/Shoes.java", "commit_sha": "d93afdf358d3f867956f83bc7053f353f96dcedb", "line_no": 6, "priority": 5, "description": "Nm: Method names should start with a lower case letter", "line_content": "     void TakeOffShoes ();\n"}, {"type": "NM_METHOD_NAMING_CONVENTION", "file_name": "Lesson9/src/tasks/Task24/PeriodOfTime.java", "commit_sha": "d93afdf358d3f867956f83bc7053f353f96dcedb", "line_no": 42, "priority": 3, "description": "Nm: Method names should start with a lower case letter", "line_content": "    int SumSec() {\n"}, {"type": "NM_METHOD_NAMING_CONVENTION", "file_name": "Lesson9/src/tasks/Task24/PeriodOfTime.java", "commit_sha": "d93afdf358d3f867956f83bc7053f353f96dcedb", "line_no": 46, "priority": 3, "description": "Nm: Method names should start with a lower case letter", "line_content": "    void Conclusion () {\n"}, {"type": "NM_METHOD_NAMING_CONVENTION", "file_name": "Lesson9/src/tasks/Task24/PeriodOfTime.java", "commit_sha": "d93afdf358d3f867956f83bc7053f353f96dcedb", "line_no": 47, "priority": 5, "description": "Nm: Method names should start with a lower case letter", "line_content": "        System.out.println(\"\u041e\u0431\u0449\u0435\u0435 \u043a\u043e\u043b\u0438\u0447\u0435\u0441\u0442\u0432\u043e \u0441\u0435\u043a\u0443\u043d\u0434 \u0432 \u043e\u0431\u044a\u0435\u043a\u0442\u0435 \" +SumSec());\n"}, {"type": "NM_METHOD_NAMING_CONVENTION", "file_name": "Lesson9/src/tasks/Task24/TimeRunner.java", "commit_sha": "d93afdf358d3f867956f83bc7053f353f96dcedb", "line_no": 9, "priority": 5, "description": "Nm: Method names should start with a lower case letter", "line_content": "        p1.Conclusion();\n"}, {"type": "NM_METHOD_NAMING_CONVENTION", "file_name": "Lesson9/src/tasks/Task24/TimeRunner.java", "commit_sha": "d93afdf358d3f867956f83bc7053f353f96dcedb", "line_no": 10, "priority": 5, "description": "Nm: Method names should start with a lower case letter", "line_content": "        p2.Conclusion();\n"}, {"type": "NM_METHOD_NAMING_CONVENTION", "file_name": "Lesson9/src/tasks/Task25/Bankomat.java", "commit_sha": "d93afdf358d3f867956f83bc7053f353f96dcedb", "line_no": 25, "priority": 2, "description": "Nm: Method names should start with a lower case letter", "line_content": "    public boolean PutTheMoney(int sum, boolean put) {\n"}, {"type": "NM_METHOD_NAMING_CONVENTION", "file_name": "Lesson9/src/tasks/Task25/Bankomat.java", "commit_sha": "d93afdf358d3f867956f83bc7053f353f96dcedb", "line_no": 46, "priority": 2, "description": "Nm: Method names should start with a lower case letter", "line_content": "    public boolean WithdrawalOfFunds(int money, boolean withdrawal) {\n"}, {"type": "NM_METHOD_NAMING_CONVENTION", "file_name": "Lesson9/src/tasks/Task25/BankomatRunner.java", "commit_sha": "d93afdf358d3f867956f83bc7053f353f96dcedb", "line_no": 16, "priority": 5, "description": "Nm: Method names should start with a lower case letter", "line_content": "        System.out.println(bank.PutTheMoney(300, bank.put));\n"}, {"type": "NM_METHOD_NAMING_CONVENTION", "file_name": "Lesson9/src/tasks/Task25/BankomatRunner.java", "commit_sha": "d93afdf358d3f867956f83bc7053f353f96dcedb", "line_no": 17, "priority": 5, "description": "Nm: Method names should start with a lower case letter", "line_content": "        System.out.println(bank.WithdrawalOfFunds(500, bank.withdrawal));\n"}, {"type": "NM_METHOD_NAMING_CONVENTION", "file_name": "Lesson9/src/tasks/Task26/Appliances.java", "commit_sha": "d93afdf358d3f867956f83bc7053f353f96dcedb", "line_no": 18, "priority": 2, "description": "Nm: Method names should start with a lower case letter", "line_content": "    public void TurnOn() {\n"}, {"type": "NM_METHOD_NAMING_CONVENTION", "file_name": "Lesson9/src/tasks/Task26/AppliancesRunner.java", "commit_sha": "d93afdf358d3f867956f83bc7053f353f96dcedb", "line_no": 11, "priority": 5, "description": "Nm: Method names should start with a lower case letter", "line_content": "        appliances.TurnOn();\n"}, {"type": "NM_METHOD_NAMING_CONVENTION", "file_name": "Lesson9/src/tasks/Task26/AppliancesRunner.java", "commit_sha": "d93afdf358d3f867956f83bc7053f353f96dcedb", "line_no": 12, "priority": 5, "description": "Nm: Method names should start with a lower case letter", "line_content": "        microvave.TurnOn();\n"}, {"type": "NM_METHOD_NAMING_CONVENTION", "file_name": "Lesson9/src/tasks/Task26/AppliancesRunner.java", "commit_sha": "d93afdf358d3f867956f83bc7053f353f96dcedb", "line_no": 13, "priority": 5, "description": "Nm: Method names should start with a lower case letter", "line_content": "        washer.TurnOn();\n"}, {"type": "NM_METHOD_NAMING_CONVENTION", "file_name": "Lesson9/src/tasks/Task26/Microvave.java", "commit_sha": "d93afdf358d3f867956f83bc7053f353f96dcedb", "line_no": 24, "priority": 2, "description": "Nm: Method names should start with a lower case letter", "line_content": "    public void TurnOn() {\n"}, {"type": "NM_METHOD_NAMING_CONVENTION", "file_name": "Lesson9/src/tasks/Task26/Washer.java", "commit_sha": "d93afdf358d3f867956f83bc7053f353f96dcedb", "line_no": 27, "priority": 2, "description": "Nm: Method names should start with a lower case letter", "line_content": "    public void TurnOn() {\n"}, {"type": "NM_METHOD_NAMING_CONVENTION", "file_name": "Lesson9/src/tasks/Task27/BankCards.java", "commit_sha": "d93afdf358d3f867956f83bc7053f353f96dcedb", "line_no": 22, "priority": 2, "description": "Nm: Method names should start with a lower case letter", "line_content": "    public void ToWithdrawMoney () {\n"}, {"type": "NM_METHOD_NAMING_CONVENTION", "file_name": "Lesson9/src/tasks/Task27/BankCards.java", "commit_sha": "d93afdf358d3f867956f83bc7053f353f96dcedb", "line_no": 27, "priority": 2, "description": "Nm: Method names should start with a lower case letter", "line_content": "    public void PutTheMoney() {\n"}, {"type": "NM_METHOD_NAMING_CONVENTION", "file_name": "Lesson9/src/tasks/Task27/BankCards.java", "commit_sha": "d93afdf358d3f867956f83bc7053f353f96dcedb", "line_no": 32, "priority": 2, "description": "Nm: Method names should start with a lower case letter", "line_content": "    public void Payment() {\n"}, {"type": "NM_METHOD_NAMING_CONVENTION", "file_name": "Lesson9/src/tasks/Task27/BankCardsRunner.java", "commit_sha": "d93afdf358d3f867956f83bc7053f353f96dcedb", "line_no": 10, "priority": 5, "description": "Nm: Method names should start with a lower case letter", "line_content": "        luxuryBankParitetCard.ToWithdrawMoney();\n"}, {"type": "NM_METHOD_NAMING_CONVENTION", "file_name": "Lesson9/src/tasks/Task27/BankCardsRunner.java", "commit_sha": "d93afdf358d3f867956f83bc7053f353f96dcedb", "line_no": 11, "priority": 5, "description": "Nm: Method names should start with a lower case letter", "line_content": "        luxuryBankParitetCard.Opportunities();\n"}, {"type": "NM_METHOD_NAMING_CONVENTION", "file_name": "Lesson9/src/tasks/Task27/BankCardsRunner.java", "commit_sha": "d93afdf358d3f867956f83bc7053f353f96dcedb", "line_no": 12, "priority": 5, "description": "Nm: Method names should start with a lower case letter", "line_content": "        luxuryBankParitetCard.Payment();\n"}, {"type": "NM_METHOD_NAMING_CONVENTION", "file_name": "Lesson9/src/tasks/Task27/BankCardsRunner.java", "commit_sha": "d93afdf358d3f867956f83bc7053f353f96dcedb", "line_no": 13, "priority": 5, "description": "Nm: Method names should start with a lower case letter", "line_content": "        luxuryBankParitetCard.\u0421hargeForCredit();\n"}, {"type": "NM_METHOD_NAMING_CONVENTION", "file_name": "Lesson9/src/tasks/Task27/BankCardsRunner.java", "commit_sha": "d93afdf358d3f867956f83bc7053f353f96dcedb", "line_no": 14, "priority": 5, "description": "Nm: Method names should start with a lower case letter", "line_content": "        luxuryBankParitetCard.PutTheMoney();\n"}, {"type": "NM_METHOD_NAMING_CONVENTION", "file_name": "Lesson9/src/tasks/Task27/CardParitretBank.java", "commit_sha": "d93afdf358d3f867956f83bc7053f353f96dcedb", "line_no": 18, "priority": 2, "description": "Nm: Method names should start with a lower case letter", "line_content": "    public void PutTheMoney() {\n"}, {"type": "NM_METHOD_NAMING_CONVENTION", "file_name": "Lesson9/src/tasks/Task27/CardParitretBank.java", "commit_sha": "d93afdf358d3f867956f83bc7053f353f96dcedb", "line_no": 19, "priority": 5, "description": "Nm: Method names should start with a lower case letter", "line_content": "        super.PutTheMoney();\n"}, {"type": "NM_METHOD_NAMING_CONVENTION", "file_name": "Lesson9/src/tasks/Task27/CardParitretBank.java", "commit_sha": "d93afdf358d3f867956f83bc7053f353f96dcedb", "line_no": 23, "priority": 2, "description": "Nm: Method names should start with a lower case letter", "line_content": "    public void Payment() {\n"}, {"type": "NM_METHOD_NAMING_CONVENTION", "file_name": "Lesson9/src/tasks/Task27/CardParitretBank.java", "commit_sha": "d93afdf358d3f867956f83bc7053f353f96dcedb", "line_no": 24, "priority": 5, "description": "Nm: Method names should start with a lower case letter", "line_content": "        super.Payment();\n"}, {"type": "NM_METHOD_NAMING_CONVENTION", "file_name": "Lesson9/src/tasks/Task27/CardParitretBank.java", "commit_sha": "d93afdf358d3f867956f83bc7053f353f96dcedb", "line_no": 28, "priority": 2, "description": "Nm: Method names should start with a lower case letter", "line_content": "    public void ToWithdrawMoney() {\n"}, {"type": "NM_METHOD_NAMING_CONVENTION", "file_name": "Lesson9/src/tasks/Task27/CardParitretBank.java", "commit_sha": "d93afdf358d3f867956f83bc7053f353f96dcedb", "line_no": 29, "priority": 5, "description": "Nm: Method names should start with a lower case letter", "line_content": "        super.ToWithdrawMoney();\n"}, {"type": "NM_METHOD_NAMING_CONVENTION", "file_name": "Lesson9/src/tasks/Task27/LuxuryBankParitetCard.java", "commit_sha": "d93afdf358d3f867956f83bc7053f353f96dcedb", "line_no": 17, "priority": 2, "description": "Nm: Method names should start with a lower case letter", "line_content": "    public void Currency () {\n"}, {"type": "NM_METHOD_NAMING_CONVENTION", "file_name": "Lesson9/src/tasks/Task27/LuxuryBankParitetCard.java", "commit_sha": "d93afdf358d3f867956f83bc7053f353f96dcedb", "line_no": 21, "priority": 2, "description": "Nm: Method names should start with a lower case letter", "line_content": "    public void Opportunities () {\n"}, {"type": "NM_METHOD_NAMING_CONVENTION", "file_name": "Lesson9/src/tasks/Task27/LuxuryBankParitetCard.java", "commit_sha": "d93afdf358d3f867956f83bc7053f353f96dcedb", "line_no": 25, "priority": 2, "description": "Nm: Method names should start with a lower case letter", "line_content": "    public void \u0421hargeForCredit () {\n"}, {"type": "NM_METHOD_NAMING_CONVENTION", "file_name": "Lesson9/src/tasks/Task27/LuxuryBankParitetCard.java", "commit_sha": "d93afdf358d3f867956f83bc7053f353f96dcedb", "line_no": 30, "priority": 2, "description": "Nm: Method names should start with a lower case letter", "line_content": "    public void ToWithdrawMoney() {\n"}, {"type": "NM_METHOD_NAMING_CONVENTION", "file_name": "Lesson9/src/tasks/Task27/LuxuryBankParitetCard.java", "commit_sha": "d93afdf358d3f867956f83bc7053f353f96dcedb", "line_no": 31, "priority": 5, "description": "Nm: Method names should start with a lower case letter", "line_content": "        super.ToWithdrawMoney();\n"}, {"type": "NM_METHOD_NAMING_CONVENTION", "file_name": "Lesson9/src/tasks/Task27/LuxuryBankParitetCard.java", "commit_sha": "d93afdf358d3f867956f83bc7053f353f96dcedb", "line_no": 35, "priority": 2, "description": "Nm: Method names should start with a lower case letter", "line_content": "    public void PutTheMoney() {\n"}, {"type": "NM_METHOD_NAMING_CONVENTION", "file_name": "Lesson9/src/tasks/Task27/LuxuryBankParitetCard.java", "commit_sha": "d93afdf358d3f867956f83bc7053f353f96dcedb", "line_no": 36, "priority": 5, "description": "Nm: Method names should start with a lower case letter", "line_content": "        super.PutTheMoney();\n"}, {"type": "NM_METHOD_NAMING_CONVENTION", "file_name": "Lesson9/src/tasks/Task27/LuxuryBankParitetCard.java", "commit_sha": "d93afdf358d3f867956f83bc7053f353f96dcedb", "line_no": 40, "priority": 2, "description": "Nm: Method names should start with a lower case letter", "line_content": "    public void Payment() {\n"}, {"type": "NM_METHOD_NAMING_CONVENTION", "file_name": "Lesson9/src/tasks/Task27/LuxuryBankParitetCard.java", "commit_sha": "d93afdf358d3f867956f83bc7053f353f96dcedb", "line_no": 41, "priority": 5, "description": "Nm: Method names should start with a lower case letter", "line_content": "        super.Payment();\n"}]}