{"repo": "apache/zookeeper", "id": "1637", "total": 2, "items": [{"type": "UI_INHERITANCE_UNSAFE_GETRESOURCE", "file_name": "zookeeper-server/src/test/java/org/apache/zookeeper/log/Log4jConfigWatcherTest.java", "commit_sha": "06c69ca2a6960f845204a74709d6f5315684e43a", "line_no": 96, "priority": 3, "description": "Usage of GetResource may be unsafe if class is extended", "line_content": "            inputStream = getClass().getResourceAsStream(log4jConfigurationFile);\n"}, {"type": "UI_INHERITANCE_UNSAFE_GETRESOURCE", "file_name": "zookeeper-server/src/test/java/org/apache/zookeeper/log/Log4jConfigWatcherTest.java", "commit_sha": "06c69ca2a6960f845204a74709d6f5315684e43a", "line_no": 99, "priority": 3, "description": "Usage of GetResource may be unsafe if class is extended", "line_content": "            FileWriter fileWriter =\n                new FileWriter(getClass().getResource(log4jConfigurationFile).getPath());\n"}]}