{"repo": "JonnySPb127778/geekBrainsJava-repo", "id": "13", "total": 6, "items": [{"type": "NM_METHOD_NAMING_CONVENTION", "file_name": "Java3_HW_7/Tests.java", "commit_sha": "0cf9515a37ff1f300f8640decdaeade684839d2e", "line_no": 6, "priority": 2, "description": "Nm: Method names should start with a lower case letter", "line_content": "    public static void Test2Lvl(){\n"}, {"type": "NM_METHOD_NAMING_CONVENTION", "file_name": "Java3_HW_7/Tests.java", "commit_sha": "0cf9515a37ff1f300f8640decdaeade684839d2e", "line_no": 21, "priority": 2, "description": "Nm: Method names should start with a lower case letter", "line_content": "    public static void TestLowestLvl(){\n"}, {"type": "NM_METHOD_NAMING_CONVENTION", "file_name": "Java3_HW_7/Tests.java", "commit_sha": "0cf9515a37ff1f300f8640decdaeade684839d2e", "line_no": 28, "priority": 2, "description": "Nm: Method names should start with a lower case letter", "line_content": "    public static void TestDefaultLvl(){\n"}, {"type": "NM_METHOD_NAMING_CONVENTION", "file_name": "Java3_HW_7/Tests.java", "commit_sha": "0cf9515a37ff1f300f8640decdaeade684839d2e", "line_no": 35, "priority": 2, "description": "Nm: Method names should start with a lower case letter", "line_content": "    public static void TestHighestLvl(){\n"}, {"type": "NM_METHOD_NAMING_CONVENTION", "file_name": "Java3_HW_7/Tests.java", "commit_sha": "0cf9515a37ff1f300f8640decdaeade684839d2e", "line_no": 42, "priority": 2, "description": "Nm: Method names should start with a lower case letter", "line_content": "    public static void TestLvl6(){\n"}, {"type": "NM_METHOD_NAMING_CONVENTION", "file_name": "Java3_HW_7/Tests.java", "commit_sha": "0cf9515a37ff1f300f8640decdaeade684839d2e", "line_no": 56, "priority": 2, "description": "Nm: Method names should start with a lower case letter", "line_content": "    public static void Test8Lvl(){\n"}]}