{"repo": "apache/flink", "id": "15091", "total": 1, "items": [{"type": "NM_METHOD_NAMING_CONVENTION", "file_name": "flink-state-backends/flink-statebackend-rocksdb/src/main/java/org/apache/flink/contrib/streaming/state/RocksDBMapState.java", "commit_sha": "c3d268b3dfcb4037f99d148b70e005832dd00c44", "line_no": 453, "priority": 5, "description": "Nm: Method names should start with a lower case letter", "line_content": "        RocksDBMapEntry(\n                @Nonnull final RocksDBWrapper db,\n                @Nonnegative final int userKeyOffset,\n                @Nonnull final byte[] rawKeyBytes,\n                @Nonnull final byte[] rawValueBytes,\n"}]}