{"repo": "Codechef-SRM-NCR-Chapter/30-DaysOfCode-March-2021", "id": "145", "total": 2, "items": [{"type": "NM_CLASS_NAMING_CONVENTION", "file_name": "answers/Akshay Shukla/Day3/ques1.java", "commit_sha": "87ac47acd4915d65e201e3fcd9bc61d21e7ac5e3", "line_no": 3, "priority": 3, "description": "Nm: Class names should start with an upper case letter", "line_content": "class ques1d3\n{\n"}, {"type": "NM_CLASS_NAMING_CONVENTION", "file_name": "answers/Akshay Shukla/Day3/ques2.java", "commit_sha": "87ac47acd4915d65e201e3fcd9bc61d21e7ac5e3", "line_no": 3, "priority": 3, "description": "Nm: Class names should start with an upper case letter", "line_content": "class ques2d3\n{\n"}]}