{"repo": "NathanFleming26/P6-GroupProject", "id": "6", "total": 2, "items": [{"type": "UI_INHERITANCE_UNSAFE_GETRESOURCE", "file_name": "Timer.java", "commit_sha": "562b536d2fdff5d678f72696060469f203d807d7", "line_no": 22, "priority": 3, "description": "Usage of GetResource may be unsafe if class is extended", "line_content": "        Parent root = FXMLLoader.load(getClass().getResource(\"timerfrontend.fxml\"));\r\n"}, {"type": "NM_CLASS_NAMING_CONVENTION", "file_name": "timerfrontendController.java", "commit_sha": "562b536d2fdff5d678f72696060469f203d807d7", "line_no": 26, "priority": 2, "description": "Nm: Class names should start with an upper case letter", "line_content": "public class timerfrontendController implements Initializable {\n"}]}