{"repo": "VVO202089/myChat_maven", "id": "8", "total": 3, "items": [{"type": "ES_COMPARING_STRINGS_WITH_EQ", "file_name": "src/main/java/client/MyClient.java", "commit_sha": "69530d9fbd8ab622b4d684dd4b92e74a9c0b8653", "line_no": 174, "priority": 2, "description": "Suspicious reference comparison of String objects", "line_content": "                if (reg.getMessageUser() != \"\") {\n"}, {"type": "ES_COMPARING_STRINGS_WITH_EQ", "file_name": "src/main/java/client/MyClient.java", "commit_sha": "69530d9fbd8ab622b4d684dd4b92e74a9c0b8653", "line_no": 201, "priority": 2, "description": "Suspicious reference comparison of String objects", "line_content": "                    if (authorization.getMessageUser() != \"\") {\n"}, {"type": "ES_COMPARING_STRINGS_WITH_EQ", "file_name": "src/main/java/client/MyClient.java", "commit_sha": "69530d9fbd8ab622b4d684dd4b92e74a9c0b8653", "line_no": 263, "priority": 2, "description": "Suspicious reference comparison of String objects", "line_content": "                if (swap.getMessageUser() != \"\") {\n"}]}