{"repo": "nightscout/AndroidAPS", "id": "397", "total": 2, "items": [{"type": "NM_METHOD_NAMING_CONVENTION", "file_name": "core/src/main/java/info/nightscout/androidaps/plugins/pump/common/defs/PumpCapability.java", "commit_sha": "05aa3cf0f65b51c4fadb07581a2bdfa64c22a9fc", "line_no": 26, "priority": 5, "description": "Nm: Method names should start with a lower case letter", "line_content": "    MedtronicCapabilities(Bolus, TempBasal, BasalProfileSet, Refill, ReplaceBattery, TDD),     OmnipodCapabilities(Bolus, TempBasal, BasalProfileSet, BasalRate30min),     YpsomedCapabilities(Bolus, ExtendedBolus, TempBasal, BasalProfileSet, Refill, ReplaceBattery, TDD, ManualTDDLoad),\n    BasalRate_Duration15minAllowed, "}, {"type": "NM_METHOD_NAMING_CONVENTION", "file_name": "core/src/main/java/info/nightscout/androidaps/plugins/pump/common/defs/PumpCapability.java", "commit_sha": "05aa3cf0f65b51c4fadb07581a2bdfa64c22a9fc", "line_no": 26, "priority": 5, "description": "Nm: Method names should start with a lower case letter", "line_content": "    MedtronicCapabilities(Bolus, TempBasal, BasalProfileSet, Refill, ReplaceBattery, TDD),     OmnipodCapabilities(Bolus, TempBasal, BasalProfileSet, BasalRate30min),     YpsomedCapabilities(Bolus, ExtendedBolus, TempBasal, BasalProfileSet, Refill, ReplaceBattery, TDD, ManualTDDLoad),\n    MDICapabilities(Bolus),\n    BasalRate_Duration15minAllowed, "}]}