{"repo": "WillemMBotha20/PRG381Project", "id": "14", "total": 4, "items": [{"type": "NM_METHOD_NAMING_CONVENTION", "file_name": "BusinessLogicLayer/Menu.java", "commit_sha": "9292f63ab26286f327d318016971efea98b36a0e", "line_no": 15, "priority": 2, "description": "Nm: Method names should start with a lower case letter", "line_content": "    public void MainMenuDisplay(){\n"}, {"type": "NM_METHOD_NAMING_CONVENTION", "file_name": "BusinessLogicLayer/Menu.java", "commit_sha": "9292f63ab26286f327d318016971efea98b36a0e", "line_no": 56, "priority": 2, "description": "Nm: Method names should start with a lower case letter", "line_content": "    public static void AddClient(){\n"}, {"type": "NM_METHOD_NAMING_CONVENTION", "file_name": "BusinessLogicLayer/Menu.java", "commit_sha": "9292f63ab26286f327d318016971efea98b36a0e", "line_no": 71, "priority": 2, "description": "Nm: Method names should start with a lower case letter", "line_content": "    public static void ViewClients(){\n"}, {"type": "NM_METHOD_NAMING_CONVENTION", "file_name": "DataAccesLayer/FileHandeler.java", "commit_sha": "9292f63ab26286f327d318016971efea98b36a0e", "line_no": 29, "priority": 2, "description": "Nm: Method names should start with a lower case letter", "line_content": "    public void WriteClient(ClientClass clientC) throws FileNotFoundException{\n"}]}