{"repo": "Yerke16/NurbazarovaYerkezhan", "id": "1", "total": 5, "items": [{"type": "NM_METHOD_NAMING_CONVENTION", "file_name": "Builder.java", "commit_sha": "047cd8b9dc32f0231dc3f8734165a2f03b027eb8", "line_no": 6, "priority": 3, "description": "Nm: Method names should start with a lower case letter", "line_content": "   void HouseBuilder() {\n"}, {"type": "NM_METHOD_NAMING_CONVENTION", "file_name": "Director.java", "commit_sha": "047cd8b9dc32f0231dc3f8734165a2f03b027eb8", "line_no": 13, "priority": 2, "description": "Nm: Method names should start with a lower case letter", "line_content": "    public void Mansion() {\n"}, {"type": "NM_METHOD_NAMING_CONVENTION", "file_name": "Director.java", "commit_sha": "047cd8b9dc32f0231dc3f8734165a2f03b027eb8", "line_no": 23, "priority": 2, "description": "Nm: Method names should start with a lower case letter", "line_content": "    public void Brick() {\n"}, {"type": "NM_METHOD_NAMING_CONVENTION", "file_name": "Main.java", "commit_sha": "047cd8b9dc32f0231dc3f8734165a2f03b027eb8", "line_no": 8, "priority": 5, "description": "Nm: Method names should start with a lower case letter", "line_content": "\t\tdirector.Mansion();\n"}, {"type": "NM_METHOD_NAMING_CONVENTION", "file_name": "Main.java", "commit_sha": "047cd8b9dc32f0231dc3f8734165a2f03b027eb8", "line_no": 16, "priority": 5, "description": "Nm: Method names should start with a lower case letter", "line_content": "\t\tdirector.Brick();\n"}]}