{"repo": "Byron-MN-FRC/OC", "id": "1", "total": 4, "items": [{"type": "NM_CLASS_NAMING_CONVENTION", "file_name": "src/main/java/frc/robot/commands/startGateMotor.java", "commit_sha": "1f17a95b5865f726bf31bb0a501864a7ded357ab", "line_no": 23, "priority": 2, "description": "Nm: Class names should start with an upper case letter", "line_content": "public class startGateMotor extends CommandBase {\n"}, {"type": "NM_CLASS_NAMING_CONVENTION", "file_name": "src/main/java/frc/robot/commands/startShootMotor.java", "commit_sha": "1f17a95b5865f726bf31bb0a501864a7ded357ab", "line_no": 23, "priority": 2, "description": "Nm: Class names should start with an upper case letter", "line_content": "public class startShootMotor extends CommandBase {\n"}, {"type": "NM_CLASS_NAMING_CONVENTION", "file_name": "src/main/java/frc/robot/commands/stopGateMotor.java", "commit_sha": "1f17a95b5865f726bf31bb0a501864a7ded357ab", "line_no": 23, "priority": 2, "description": "Nm: Class names should start with an upper case letter", "line_content": "public class stopGateMotor extends CommandBase {\n"}, {"type": "NM_CLASS_NAMING_CONVENTION", "file_name": "src/main/java/frc/robot/commands/stopShootMotor.java", "commit_sha": "1f17a95b5865f726bf31bb0a501864a7ded357ab", "line_no": 23, "priority": 2, "description": "Nm: Class names should start with an upper case letter", "line_content": "public class stopShootMotor extends CommandBase {\n"}]}