{"repo": "kermitt2/grobid", "id": "729", "total": 2, "items": [{"type": "UI_INHERITANCE_UNSAFE_GETRESOURCE", "file_name": "grobid-core/src/test/java/org/grobid/core/sax/PDFALTOOutlineSaxHandlerTest.java", "commit_sha": "300efd318157817afce26c06cef0ee87bdc30e4d", "line_no": 39, "priority": 3, "description": "Usage of GetResource may be unsafe if class is extended", "line_content": "        InputStream is = this.getClass().getResourceAsStream(\"pdfalto.xml_outline.xml\");\n"}, {"type": "UI_INHERITANCE_UNSAFE_GETRESOURCE", "file_name": "grobid-core/src/test/java/org/grobid/core/sax/PDFALTOOutlineSaxHandlerTest.java", "commit_sha": "300efd318157817afce26c06cef0ee87bdc30e4d", "line_no": 51, "priority": 3, "description": "Usage of GetResource may be unsafe if class is extended", "line_content": "        InputStream is = this.getClass().getResourceAsStream(\"test_outline.xml\");\n"}]}