{"repo": "apache/flink", "id": "15157", "total": 1, "items": [{"type": "NM_METHOD_NAMING_CONVENTION", "file_name": "flink-connectors/flink-connector-kinesis/src/main/java/org/apache/flink/streaming/connectors/kinesis/internals/publisher/polling/AdaptivePollingRecordPublisher.java", "commit_sha": "a932fc2f5948ac184d5de4d9e610ff91b101493d", "line_no": 49, "priority": 5, "description": "Nm: Method names should start with a lower case letter", "line_content": "    AdaptivePollingRecordPublisher(\n"}]}