{"repo": "AY2021S2-CS2103T-W15-4/tp", "id": "33", "total": 4, "items": [{"type": "EC_NULL_ARG", "file_name": "src/test/java/seedu/address/logic/commands/EditCommandTest.java", "commit_sha": "dcc6c22771942eced6c62381f39e2e643eef4710", "line_no": 254, "priority": 2, "description": "Call to equals(null)", "line_content": "        assertFalse(standardCommand.equals(null));\n"}, {"type": "SA_SELF_COMPARISON", "file_name": "src/test/java/seedu/address/logic/commands/EditCommandTest.java", "commit_sha": "dcc6c22771942eced6c62381f39e2e643eef4710", "line_no": 251, "priority": 2, "description": "Self comparison of value or field with itself", "line_content": "        assertTrue(standardCommand.equals(standardCommand));\n"}, {"type": "EC_NULL_ARG", "file_name": "src/test/java/seedu/address/logic/commands/EditEventDescriptorTest.java", "commit_sha": "dcc6c22771942eced6c62381f39e2e643eef4710", "line_no": 30, "priority": 2, "description": "Call to equals(null)", "line_content": "        assertFalse(DESC_CS2030.equals(null));\n"}, {"type": "SA_SELF_COMPARISON", "file_name": "src/test/java/seedu/address/logic/commands/EditEventDescriptorTest.java", "commit_sha": "dcc6c22771942eced6c62381f39e2e643eef4710", "line_no": 27, "priority": 2, "description": "Self comparison of value or field with itself", "line_content": "        assertTrue(DESC_CS2030.equals(DESC_CS2030));\n"}]}