{"repo": "ifpb-cz-ads/poo-2020-2-ac07-team-alanjoaoemanuel", "id": "1", "total": 5, "items": [{"type": "DM_STRING_CTOR", "file_name": "CBBAtividadePratica1.java", "commit_sha": "d6207c53ab7c8c6250db51e672435e798ece218d", "line_no": 7, "priority": 2, "description": "Method invokes inefficient new String(String) constructor", "line_content": "        frase1 = new String(\"Testando igualdade!\");\n"}, {"type": "DM_STRING_CTOR", "file_name": "CBBAtividadePratica1.java", "commit_sha": "d6207c53ab7c8c6250db51e672435e798ece218d", "line_no": 8, "priority": 2, "description": "Method invokes inefficient new String(String) constructor", "line_content": "        frase2 = new String(\"Testando igualdade!\");\n"}, {"type": "DM_STRING_CTOR", "file_name": "CBBAtividadePratica2.java", "commit_sha": "d6207c53ab7c8c6250db51e672435e798ece218d", "line_no": 7, "priority": 2, "description": "Method invokes inefficient new String(String) constructor", "line_content": "        frase3 = new String(\"Testando igualdade!\");\n"}, {"type": "DM_STRING_CTOR", "file_name": "CBBAtividadePratica3.java", "commit_sha": "d6207c53ab7c8c6250db51e672435e798ece218d", "line_no": 7, "priority": 2, "description": "Method invokes inefficient new String(String) constructor", "line_content": "        frase1 = new String(\"Testando igualdade!\");\n"}, {"type": "DM_STRING_CTOR", "file_name": "CBBAtividadePratica3.java", "commit_sha": "d6207c53ab7c8c6250db51e672435e798ece218d", "line_no": 8, "priority": 2, "description": "Method invokes inefficient new String(String) constructor", "line_content": "        frase2 = new String(\"Testando igualdade!\");;\n"}]}