{"repo": "SubNato/TOC-Project", "id": "2", "total": 3, "items": [{"type": "NM_METHOD_NAMING_CONVENTION", "file_name": "Project Program/TOC Project/src/com/car/Car.java", "commit_sha": "8c5b3790128459025171ef4931224442b8342569", "line_no": 184, "priority": 5, "description": "Nm: Method names should start with a lower case letter", "line_content": "\t\t\tStateChanger(signal);\r\n"}, {"type": "NM_METHOD_NAMING_CONVENTION", "file_name": "Project Program/TOC Project/src/com/car/Car.java", "commit_sha": "8c5b3790128459025171ef4931224442b8342569", "line_no": 194, "priority": 2, "description": "Nm: Method names should start with a lower case letter", "line_content": "public  void StateChanger(String signal) \t{\r\n"}, {"type": "NM_CLASS_NAMING_CONVENTION", "file_name": "Project Program/TOC Project/src/com/gui/gui.java", "commit_sha": "8c5b3790128459025171ef4931224442b8342569", "line_no": 12, "priority": 2, "description": "Nm: Class names should start with an upper case letter", "line_content": "public class gui extends JFrame implements ActionListener {\n"}]}