{"repo": "ArturioBoss/SpringJava", "id": "1", "total": 1, "items": [{"type": "VA_FORMAT_STRING_USES_NEWLINE", "file_name": "src/main/java/ru/arturios/Commands.java", "commit_sha": "c0790cd1a9b66bad5813d05f1df6981ac1ae2725", "line_no": 29, "priority": 2, "description": "Format string should use %n rather than \\n", "line_content": "                System.out.printf(\"id: %s \u0418\u043c\u044f: %s \u0426\u0435\u043d\u0430: %s\\n\",productRepository.getById(String.valueOf(i)).getId(),\n                        productRepository.getById(String.valueOf(i)).getName(),\n                        productRepository.getById(String.valueOf(i)).getPrice());\n"}]}