{"repo": "clean-code-craft-tcq-1/function-ext-java-ARULPRIYAM30", "id": "1", "total": 12, "items": [{"type": "NM_METHOD_NAMING_CONVENTION", "file_name": "vitals/BatteryCheck.java", "commit_sha": "e5a9f31cf4a76af5858166936108770a79af2fed", "line_no": 13, "priority": 2, "description": "Nm: Method names should start with a lower case letter", "line_content": "    public static void CheckLowBreach(BatteryConstants battery)\r\n    {\r\n"}, {"type": "NM_METHOD_NAMING_CONVENTION", "file_name": "vitals/BatteryCheck.java", "commit_sha": "e5a9f31cf4a76af5858166936108770a79af2fed", "line_no": 20, "priority": 2, "description": "Nm: Method names should start with a lower case letter", "line_content": "    public static void CheckHighBreach(BatteryConstants battery)\r\n    {\r\n"}, {"type": "NM_METHOD_NAMING_CONVENTION", "file_name": "vitals/BatteryCheck.java", "commit_sha": "e5a9f31cf4a76af5858166936108770a79af2fed", "line_no": 28, "priority": 2, "description": "Nm: Method names should start with a lower case letter", "line_content": "\tpublic static boolean EvaluateBatteryMeasure(BatteryConstants battery) {\r\n"}, {"type": "NM_METHOD_NAMING_CONVENTION", "file_name": "vitals/BatteryLimit.java", "commit_sha": "e5a9f31cf4a76af5858166936108770a79af2fed", "line_no": 35, "priority": 5, "description": "Nm: Method names should start with a lower case letter", "line_content": "\t\tBatteryCheck.CheckLowBreach(btemp);\r\n"}, {"type": "NM_METHOD_NAMING_CONVENTION", "file_name": "vitals/BatteryLimit.java", "commit_sha": "e5a9f31cf4a76af5858166936108770a79af2fed", "line_no": 36, "priority": 5, "description": "Nm: Method names should start with a lower case letter", "line_content": "\t\tBatteryCheck.CheckHighBreach(btemp);\r\n"}, {"type": "NM_METHOD_NAMING_CONVENTION", "file_name": "vitals/BatteryLimit.java", "commit_sha": "e5a9f31cf4a76af5858166936108770a79af2fed", "line_no": 38, "priority": 5, "description": "Nm: Method names should start with a lower case letter", "line_content": "\t\treturn BatteryCheck.EvaluateBatteryMeasure(btemp);\r\n"}, {"type": "NM_METHOD_NAMING_CONVENTION", "file_name": "vitals/BatteryLimit.java", "commit_sha": "e5a9f31cf4a76af5858166936108770a79af2fed", "line_no": 51, "priority": 5, "description": "Nm: Method names should start with a lower case letter", "line_content": "\t\tBatteryCheck.CheckLowBreach(limitCharge);\r\n"}, {"type": "NM_METHOD_NAMING_CONVENTION", "file_name": "vitals/BatteryLimit.java", "commit_sha": "e5a9f31cf4a76af5858166936108770a79af2fed", "line_no": 52, "priority": 5, "description": "Nm: Method names should start with a lower case letter", "line_content": "\t\tBatteryCheck.CheckHighBreach(limitCharge);\r\n"}, {"type": "NM_METHOD_NAMING_CONVENTION", "file_name": "vitals/BatteryLimit.java", "commit_sha": "e5a9f31cf4a76af5858166936108770a79af2fed", "line_no": 53, "priority": 5, "description": "Nm: Method names should start with a lower case letter", "line_content": "\t\treturn BatteryCheck.EvaluateBatteryMeasure(limitCharge);\r\n"}, {"type": "NM_METHOD_NAMING_CONVENTION", "file_name": "vitals/BatteryLimit.java", "commit_sha": "e5a9f31cf4a76af5858166936108770a79af2fed", "line_no": 59, "priority": 5, "description": "Nm: Method names should start with a lower case letter", "line_content": "\t\tBatteryCheck.CheckLowBreach(limitSoc);\r\n"}, {"type": "NM_METHOD_NAMING_CONVENTION", "file_name": "vitals/BatteryLimit.java", "commit_sha": "e5a9f31cf4a76af5858166936108770a79af2fed", "line_no": 60, "priority": 5, "description": "Nm: Method names should start with a lower case letter", "line_content": "\t\tBatteryCheck.CheckHighBreach(limitSoc);\r\n"}, {"type": "NM_METHOD_NAMING_CONVENTION", "file_name": "vitals/BatteryLimit.java", "commit_sha": "e5a9f31cf4a76af5858166936108770a79af2fed", "line_no": 61, "priority": 5, "description": "Nm: Method names should start with a lower case letter", "line_content": "\t\treturn BatteryCheck.EvaluateBatteryMeasure(limitSoc);\r\n"}]}