{"repo": "Aditeya/NineMensMorris", "id": "2", "total": 11, "items": [{"type": "NM_METHOD_NAMING_CONVENTION", "file_name": "src/ninemensmorris/BoardComp.java", "commit_sha": "a5b94aa5710131c13909d52fde67993ffdfd7fa0", "line_no": 45, "priority": 2, "description": "Nm: Method names should start with a lower case letter", "line_content": "      public void PlaceCoin(Pane root,CoinType ct,double [] xy){\n"}, {"type": "NM_METHOD_NAMING_CONVENTION", "file_name": "src/ninemensmorris/BoardComp.java", "commit_sha": "a5b94aa5710131c13909d52fde67993ffdfd7fa0", "line_no": 48, "priority": 5, "description": "Nm: Method names should start with a lower case letter", "line_content": "         root.getChildren().addAll(c.ReturnCoin());\n"}, {"type": "NM_METHOD_NAMING_CONVENTION", "file_name": "src/ninemensmorris/BoardComp.java", "commit_sha": "a5b94aa5710131c13909d52fde67993ffdfd7fa0", "line_no": 50, "priority": 2, "description": "Nm: Method names should start with a lower case letter", "line_content": "   public void GenerateBoard(Pane root){\n"}, {"type": "NM_METHOD_NAMING_CONVENTION", "file_name": "src/ninemensmorris/BoardComp.java", "commit_sha": "a5b94aa5710131c13909d52fde67993ffdfd7fa0", "line_no": 73, "priority": 5, "description": "Nm: Method names should start with a lower case letter", "line_content": "        CreateSlots(posX,posY,root);\n"}, {"type": "NM_METHOD_NAMING_CONVENTION", "file_name": "src/ninemensmorris/BoardComp.java", "commit_sha": "a5b94aa5710131c13909d52fde67993ffdfd7fa0", "line_no": 74, "priority": 5, "description": "Nm: Method names should start with a lower case letter", "line_content": "        CreateSlots(posX1,posY1,root);\n"}, {"type": "NM_METHOD_NAMING_CONVENTION", "file_name": "src/ninemensmorris/BoardComp.java", "commit_sha": "a5b94aa5710131c13909d52fde67993ffdfd7fa0", "line_no": 75, "priority": 5, "description": "Nm: Method names should start with a lower case letter", "line_content": "        CreateSlots(posX2,posY2,root);\n"}, {"type": "NM_METHOD_NAMING_CONVENTION", "file_name": "src/ninemensmorris/BoardComp.java", "commit_sha": "a5b94aa5710131c13909d52fde67993ffdfd7fa0", "line_no": 76, "priority": 5, "description": "Nm: Method names should start with a lower case letter", "line_content": "        CreateSlots(posX3,posY3,root);\n"}, {"type": "NM_METHOD_NAMING_CONVENTION", "file_name": "src/ninemensmorris/BoardComp.java", "commit_sha": "a5b94aa5710131c13909d52fde67993ffdfd7fa0", "line_no": 186, "priority": 2, "description": "Nm: Method names should start with a lower case letter", "line_content": "  public void CreateSlots(int[] posX,int[] posY,Pane root){\n"}, {"type": "UI_INHERITANCE_UNSAFE_GETRESOURCE", "file_name": "src/ninemensmorris/NMMLogic.java", "commit_sha": "a5b94aa5710131c13909d52fde67993ffdfd7fa0", "line_no": 75, "priority": 3, "description": "Usage of GetResource may be unsafe if class is extended", "line_content": "                        new InputStreamReader(\n                                getClass().getResourceAsStream(\"/ninemensmorris/resources/slot_index_ref.json\")));\n"}, {"type": "NM_METHOD_NAMING_CONVENTION", "file_name": "src/ninemensmorris/SaMPLENMM.java", "commit_sha": "a5b94aa5710131c13909d52fde67993ffdfd7fa0", "line_no": 30, "priority": 5, "description": "Nm: Method names should start with a lower case letter", "line_content": "          bc.GenerateBoard(root);\n"}, {"type": "NM_METHOD_NAMING_CONVENTION", "file_name": "src/ninemensmorris/SaMPLENMM.java", "commit_sha": "a5b94aa5710131c13909d52fde67993ffdfd7fa0", "line_no": 53, "priority": 5, "description": "Nm: Method names should start with a lower case letter", "line_content": "         bc.PlaceCoin(root, nc.getCoinType(),bc.getSlot(nc.getCoinSlot()));\n"}]}