{"repo": "Nakamura0527/RaiseTech", "id": "2", "total": 5, "items": [{"type": "NM_CLASS_NAMING_CONVENTION", "file_name": "kadai2/kadai1.java", "commit_sha": "89c97b4b4ec0be9b821bff1f684d1c72ac71ef74", "line_no": 3, "priority": 2, "description": "Nm: Class names should start with an upper case letter", "line_content": "public class kadai1 {\n"}, {"type": "NM_CLASS_NAMING_CONVENTION", "file_name": "kadai2/kadai2.java", "commit_sha": "89c97b4b4ec0be9b821bff1f684d1c72ac71ef74", "line_no": 3, "priority": 2, "description": "Nm: Class names should start with an upper case letter", "line_content": "public class kadai2 {\n"}, {"type": "NM_CLASS_NAMING_CONVENTION", "file_name": "kadai2/kadai3.java", "commit_sha": "89c97b4b4ec0be9b821bff1f684d1c72ac71ef74", "line_no": 5, "priority": 2, "description": "Nm: Class names should start with an upper case letter", "line_content": "public class kadai3 {\n"}, {"type": "NM_CLASS_NAMING_CONVENTION", "file_name": "kadai2/kadai4.java", "commit_sha": "89c97b4b4ec0be9b821bff1f684d1c72ac71ef74", "line_no": 3, "priority": 2, "description": "Nm: Class names should start with an upper case letter", "line_content": "public class kadai4 {\n"}, {"type": "NM_CLASS_NAMING_CONVENTION", "file_name": "kadai2/kadai5.java", "commit_sha": "89c97b4b4ec0be9b821bff1f684d1c72ac71ef74", "line_no": 6, "priority": 2, "description": "Nm: Class names should start with an upper case letter", "line_content": "public class kadai5 {\n"}]}