{"repo": "titusmoldovan/java-training", "id": "60", "total": 31, "items": [{"type": "NM_METHOD_NAMING_CONVENTION", "file_name": "Project_2/src/main/java/clean/code/chess/requirements/ChessBoard.java", "commit_sha": "9c0748664112eb0599984f2c3acc1944533d161e", "line_no": 15, "priority": 2, "description": "Nm: Method names should start with a lower case letter", "line_content": "    public void Add(Pawn pawn, int xCoordinate, int yCoordinate, PieceColor pieceColor) {\n"}, {"type": "NM_METHOD_NAMING_CONVENTION", "file_name": "Project_2/src/main/java/clean/code/chess/requirements/ChessBoard.java", "commit_sha": "9c0748664112eb0599984f2c3acc1944533d161e", "line_no": 31, "priority": 2, "description": "Nm: Method names should start with a lower case letter", "line_content": "    public boolean IsLegalBoardPosition(int xCoordinate, int yCoordinate) {\n"}, {"type": "NM_METHOD_NAMING_CONVENTION", "file_name": "Project_2/src/main/java/clean/code/chess/requirements/ChessBoard.java", "commit_sha": "9c0748664112eb0599984f2c3acc1944533d161e", "line_no": 40, "priority": 2, "description": "Nm: Method names should start with a lower case letter", "line_content": "    public void MoveChess(Pawn pawn, int X, int Y) {\n"}, {"type": "NM_METHOD_NAMING_CONVENTION", "file_name": "Project_2/src/main/java/clean/code/chess/requirements/ChessBoard.java", "commit_sha": "9c0748664112eb0599984f2c3acc1944533d161e", "line_no": 42, "priority": 5, "description": "Nm: Method names should start with a lower case letter", "line_content": "        if(!IsLegalBoardPosition(X, Y))\n            return;\n"}, {"type": "NM_METHOD_NAMING_CONVENTION", "file_name": "Project_2/src/main/java/clean/code/chess/requirements/Pawn.java", "commit_sha": "9c0748664112eb0599984f2c3acc1944533d161e", "line_no": 46, "priority": 2, "description": "Nm: Method names should start with a lower case letter", "line_content": "    public void Move(MovementType movementType, int newX, int newY) {\n"}, {"type": "NM_METHOD_NAMING_CONVENTION", "file_name": "Project_2/src/main/java/clean/code/chess/requirements/Pawn.java", "commit_sha": "9c0748664112eb0599984f2c3acc1944533d161e", "line_no": 49, "priority": 5, "description": "Nm: Method names should start with a lower case letter", "line_content": "            if(!chessBoard.IsLegalBoardPosition(newX, newY))\n                return;\n"}, {"type": "NM_METHOD_NAMING_CONVENTION", "file_name": "Project_2/src/main/java/clean/code/chess/requirements/Pawn.java", "commit_sha": "9c0748664112eb0599984f2c3acc1944533d161e", "line_no": 58, "priority": 5, "description": "Nm: Method names should start with a lower case letter", "line_content": "                            chessBoard.MoveChess(this, newX, newY);\n"}, {"type": "NM_METHOD_NAMING_CONVENTION", "file_name": "Project_2/src/main/java/clean/code/chess/requirements/Pawn.java", "commit_sha": "9c0748664112eb0599984f2c3acc1944533d161e", "line_no": 64, "priority": 5, "description": "Nm: Method names should start with a lower case letter", "line_content": "                                chessBoard.MoveChess(this, newX, newY);\n"}, {"type": "NM_METHOD_NAMING_CONVENTION", "file_name": "Project_2/src/main/java/clean/code/chess/requirements/Pawn.java", "commit_sha": "9c0748664112eb0599984f2c3acc1944533d161e", "line_no": 74, "priority": 5, "description": "Nm: Method names should start with a lower case letter", "line_content": "                            chessBoard.MoveChess(this, newX, newY);\n"}, {"type": "NM_METHOD_NAMING_CONVENTION", "file_name": "Project_2/src/main/java/clean/code/chess/requirements/Pawn.java", "commit_sha": "9c0748664112eb0599984f2c3acc1944533d161e", "line_no": 88, "priority": 5, "description": "Nm: Method names should start with a lower case letter", "line_content": "                        chessBoard.MoveChess(this, newX, newY);\n"}, {"type": "NM_METHOD_NAMING_CONVENTION", "file_name": "Project_2/src/main/java/clean/code/chess/requirements/Pawn.java", "commit_sha": "9c0748664112eb0599984f2c3acc1944533d161e", "line_no": 94, "priority": 5, "description": "Nm: Method names should start with a lower case letter", "line_content": "                        chessBoard.MoveChess(this, newX, newY);\n"}, {"type": "NM_METHOD_NAMING_CONVENTION", "file_name": "Project_2/src/main/java/clean/code/chess/requirements/Pawn.java", "commit_sha": "9c0748664112eb0599984f2c3acc1944533d161e", "line_no": 105, "priority": 5, "description": "Nm: Method names should start with a lower case letter", "line_content": "                        chessBoard.MoveChess(this, newX, newY);\n"}, {"type": "NM_METHOD_NAMING_CONVENTION", "file_name": "Project_2/src/main/java/clean/code/chess/requirements/Pawn.java", "commit_sha": "9c0748664112eb0599984f2c3acc1944533d161e", "line_no": 117, "priority": 5, "description": "Nm: Method names should start with a lower case letter", "line_content": "        return CurrentPositionAsString();\n"}, {"type": "NM_METHOD_NAMING_CONVENTION", "file_name": "Project_2/src/main/java/clean/code/chess/requirements/Pawn.java", "commit_sha": "9c0748664112eb0599984f2c3acc1944533d161e", "line_no": 120, "priority": 2, "description": "Nm: Method names should start with a lower case letter", "line_content": "    protected String CurrentPositionAsString() {\n"}, {"type": "NM_METHOD_NAMING_CONVENTION", "file_name": "Project_2/src/test/java/clean/code/chess/requirements/ChessBoardTest.java", "commit_sha": "9c0748664112eb0599984f2c3acc1944533d161e", "line_no": 29, "priority": 5, "description": "Nm: Method names should start with a lower case letter", "line_content": "        boolean isValidPosition = testSubject.IsLegalBoardPosition(0, 0);\n"}, {"type": "NM_METHOD_NAMING_CONVENTION", "file_name": "Project_2/src/test/java/clean/code/chess/requirements/ChessBoardTest.java", "commit_sha": "9c0748664112eb0599984f2c3acc1944533d161e", "line_no": 35, "priority": 5, "description": "Nm: Method names should start with a lower case letter", "line_content": "        boolean isValidPosition = testSubject.IsLegalBoardPosition(5, 5);\n"}, {"type": "NM_METHOD_NAMING_CONVENTION", "file_name": "Project_2/src/test/java/clean/code/chess/requirements/ChessBoardTest.java", "commit_sha": "9c0748664112eb0599984f2c3acc1944533d161e", "line_no": 41, "priority": 5, "description": "Nm: Method names should start with a lower case letter", "line_content": "        boolean isValidPosition = testSubject.IsLegalBoardPosition(11, 5);\n"}, {"type": "NM_METHOD_NAMING_CONVENTION", "file_name": "Project_2/src/test/java/clean/code/chess/requirements/ChessBoardTest.java", "commit_sha": "9c0748664112eb0599984f2c3acc1944533d161e", "line_no": 47, "priority": 5, "description": "Nm: Method names should start with a lower case letter", "line_content": "        boolean isValidPosition = testSubject.IsLegalBoardPosition(0, 9);\n"}, {"type": "NM_METHOD_NAMING_CONVENTION", "file_name": "Project_2/src/test/java/clean/code/chess/requirements/ChessBoardTest.java", "commit_sha": "9c0748664112eb0599984f2c3acc1944533d161e", "line_no": 53, "priority": 5, "description": "Nm: Method names should start with a lower case letter", "line_content": "        boolean isValidPosition = testSubject.IsLegalBoardPosition(11, 0);\n"}, {"type": "NM_METHOD_NAMING_CONVENTION", "file_name": "Project_2/src/test/java/clean/code/chess/requirements/ChessBoardTest.java", "commit_sha": "9c0748664112eb0599984f2c3acc1944533d161e", "line_no": 59, "priority": 5, "description": "Nm: Method names should start with a lower case letter", "line_content": "        boolean isValidPosition = testSubject.IsLegalBoardPosition(5, -1);\n"}, {"type": "NM_METHOD_NAMING_CONVENTION", "file_name": "Project_2/src/test/java/clean/code/chess/requirements/ChessBoardTest.java", "commit_sha": "9c0748664112eb0599984f2c3acc1944533d161e", "line_no": 67, "priority": 5, "description": "Nm: Method names should start with a lower case letter", "line_content": "        testSubject.Add(firstPawn, 6, 3, PieceColor.BLACK);\n"}, {"type": "NM_METHOD_NAMING_CONVENTION", "file_name": "Project_2/src/test/java/clean/code/chess/requirements/ChessBoardTest.java", "commit_sha": "9c0748664112eb0599984f2c3acc1944533d161e", "line_no": 68, "priority": 5, "description": "Nm: Method names should start with a lower case letter", "line_content": "        testSubject.Add(secondPawn, 6, 3, PieceColor.BLACK);\n"}, {"type": "NM_METHOD_NAMING_CONVENTION", "file_name": "Project_2/src/test/java/clean/code/chess/requirements/ChessBoardTest.java", "commit_sha": "9c0748664112eb0599984f2c3acc1944533d161e", "line_no": 82, "priority": 5, "description": "Nm: Method names should start with a lower case letter", "line_content": "            testSubject.Add(pawn, 6 + row, i % ChessBoard.MAX_BOARD_WIDTH, PieceColor.BLACK);\n"}, {"type": "NM_METHOD_NAMING_CONVENTION", "file_name": "Project_2/src/test/java/clean/code/chess/requirements/PawnTest.java", "commit_sha": "9c0748664112eb0599984f2c3acc1944533d161e", "line_no": 22, "priority": 5, "description": "Nm: Method names should start with a lower case letter", "line_content": "        this.chessBoard.Add(testSubject, 6, 3, PieceColor.BLACK);\n"}, {"type": "NM_METHOD_NAMING_CONVENTION", "file_name": "Project_2/src/test/java/clean/code/chess/requirements/PawnTest.java", "commit_sha": "9c0748664112eb0599984f2c3acc1944533d161e", "line_no": 28, "priority": 5, "description": "Nm: Method names should start with a lower case letter", "line_content": "        this.chessBoard.Add(testSubject, 6, 3, PieceColor.BLACK);\n"}, {"type": "NM_METHOD_NAMING_CONVENTION", "file_name": "Project_2/src/test/java/clean/code/chess/requirements/PawnTest.java", "commit_sha": "9c0748664112eb0599984f2c3acc1944533d161e", "line_no": 35, "priority": 5, "description": "Nm: Method names should start with a lower case letter", "line_content": "        chessBoard.Add(testSubject, 6, 3, PieceColor.BLACK);\n"}, {"type": "NM_METHOD_NAMING_CONVENTION", "file_name": "Project_2/src/test/java/clean/code/chess/requirements/PawnTest.java", "commit_sha": "9c0748664112eb0599984f2c3acc1944533d161e", "line_no": 36, "priority": 5, "description": "Nm: Method names should start with a lower case letter", "line_content": "        testSubject.Move(MovementType.MOVE, 7, 3);\n"}, {"type": "NM_METHOD_NAMING_CONVENTION", "file_name": "Project_2/src/test/java/clean/code/chess/requirements/PawnTest.java", "commit_sha": "9c0748664112eb0599984f2c3acc1944533d161e", "line_no": 43, "priority": 5, "description": "Nm: Method names should start with a lower case letter", "line_content": "        chessBoard.Add(testSubject, 6, 3, PieceColor.BLACK);\n"}, {"type": "NM_METHOD_NAMING_CONVENTION", "file_name": "Project_2/src/test/java/clean/code/chess/requirements/PawnTest.java", "commit_sha": "9c0748664112eb0599984f2c3acc1944533d161e", "line_no": 44, "priority": 5, "description": "Nm: Method names should start with a lower case letter", "line_content": "        testSubject.Move(MovementType.MOVE, 4, 3);\n"}, {"type": "NM_METHOD_NAMING_CONVENTION", "file_name": "Project_2/src/test/java/clean/code/chess/requirements/PawnTest.java", "commit_sha": "9c0748664112eb0599984f2c3acc1944533d161e", "line_no": 51, "priority": 5, "description": "Nm: Method names should start with a lower case letter", "line_content": "        chessBoard.Add(testSubject, 6, 3, PieceColor.BLACK);\n"}, {"type": "NM_METHOD_NAMING_CONVENTION", "file_name": "Project_2/src/test/java/clean/code/chess/requirements/PawnTest.java", "commit_sha": "9c0748664112eb0599984f2c3acc1944533d161e", "line_no": 52, "priority": 5, "description": "Nm: Method names should start with a lower case letter", "line_content": "        testSubject.Move(MovementType.MOVE, 6, 2);\n"}]}