{"repo": "meta-abhishek-dawer/GETA2021-Core", "id": "13", "total": 2, "items": [{"type": "CNT_ROUGH_CONSTANT_VALUE", "file_name": "GET 2021/src/GraphicsLibrary/Circle.java", "commit_sha": "1d73613c29d9f1a746b90a2f4f407c02b5edb4e4", "line_no": 37, "priority": 2, "description": "Rough value of Math.PI found: 3.14", "line_content": "\t\tdouble pi = 3.14;;\r\n", "constant": 3.14, "replacement": "Math.PI"}, {"type": "CNT_ROUGH_CONSTANT_VALUE", "file_name": "GET 2021/src/GraphicsLibrary/Circle.java", "commit_sha": "1d73613c29d9f1a746b90a2f4f407c02b5edb4e4", "line_no": 45, "priority": 2, "description": "Rough value of Math.PI found: 3.14", "line_content": "\t\tdouble pi = 3.14;\r\n", "constant": 3.14, "replacement": "Math.PI"}]}