{"repo": "atp-mipt/ljv", "id": "31", "total": 1, "items": [{"type": "RC_REF_COMPARISON_BAD_PRACTICE_BOOLEAN", "file_name": "ljv/src/main/java/org/atpfivt/ljv/GraphBuilder.java", "commit_sha": "d75cc45dc0fb0bace01035a4d73bfbc3749be5ba", "line_no": 301, "priority": 2, "description": "Suspicious reference comparison of Boolean values", "line_content": "        return pairs.stream()\n                .filter(p -> p.getValue() == Boolean.FALSE)\n                .filter(p -> p.getKey() == pair.getKey())\n                .peek(p -> p.setValue(Boolean.TRUE)\n                )\n                .collect(Collectors.toList());\n"}]}