{"repo": "JabRef/jabref", "id": "7543", "total": 3, "items": [{"type": "SA_SELF_COMPARISON", "file_name": "src/test/java/org/jabref/logic/journals/AbbreviationTest.java", "commit_sha": "4ea42edc2acdd8e3ddd09924a642646b4eadb428", "line_no": 116, "priority": 2, "description": "Self comparison of value or field with itself", "line_content": "      assertTrue(abbreviation.equals(abbreviation));\n"}, {"type": "SA_SELF_COMPARISON", "file_name": "src/test/java/org/jabref/model/FieldChangeTest.java", "commit_sha": "4ea42edc2acdd8e3ddd09924a642646b4eadb428", "line_no": 43, "priority": 2, "description": "Self comparison of value or field with itself", "line_content": "    assertTrue(fc.equals(fc));\n"}, {"type": "SA_SELF_COMPARISON", "file_name": "src/test/java/org/jabref/model/FieldChangeTest.java", "commit_sha": "4ea42edc2acdd8e3ddd09924a642646b4eadb428", "line_no": 49, "priority": 2, "description": "Self comparison of value or field with itself", "line_content": "    assertTrue(fcBlankAll.equals(fcBlankAll));\n"}]}