{"repo": "shamileldarov/java001-feb", "id": "7", "total": 1, "items": [{"type": "VA_FORMAT_STRING_USES_NEWLINE", "file_name": "src/HW5.java", "commit_sha": "5f053b099dfe6ec0bd57879ceea815a14c1c83bb", "line_no": 21, "priority": 2, "description": "Format string should use %n rather than \\n", "line_content": "        return String.format(\"\u0418\u043c\u044f: %s \\t\u0414\u043e\u043b\u0436\u043d\u043e\u0441\u0442\u044c: %s \\nEmail: %s \\t \u041d\u043e\u043c\u0435\u0440 \u0442\u0435\u043b\u0435\u0444\u043e\u043d\u0430: %s \\n \u0417\u0430\u0440\u043f\u043b\u0430\u0442\u0430: %d \\t \u0412\u043e\u0437\u0440\u0430\u0441\u0442: %d \\n\",\n                name, position, email, phone_number, salary, age);}\n"}]}