{"repo": "framzik/java_chat", "id": "4", "total": 2, "items": [{"type": "UI_INHERITANCE_UNSAFE_GETRESOURCE", "file_name": "client/src/main/java/client/Controller.java", "commit_sha": "58766d61501830a1d5bcb89461fb0b66674e1b6c", "line_no": 251, "priority": 3, "description": "Usage of GetResource may be unsafe if class is extended", "line_content": "            FXMLLoader fxmlLoader = new FXMLLoader(getClass().getResource(\"/updNickName.fxml\"));\n"}, {"type": "UI_INHERITANCE_UNSAFE_GETRESOURCE", "file_name": "client/src/main/java/client/Controller.java", "commit_sha": "58766d61501830a1d5bcb89461fb0b66674e1b6c", "line_no": 269, "priority": 3, "description": "Usage of GetResource may be unsafe if class is extended", "line_content": "            FXMLLoader fxmlLoader = new FXMLLoader(getClass().getResource(\"/reg.fxml\"));\n"}]}