{"repo": "Bizmatek/chat", "id": "2", "total": 2, "items": [{"type": "UI_INHERITANCE_UNSAFE_GETRESOURCE", "file_name": "src/client/Controller.java", "commit_sha": "4ede47aeae7a39f828f5f7de0009abb160b57c8c", "line_no": 130, "priority": 3, "description": "Usage of GetResource may be unsafe if class is extended", "line_content": "            FXMLLoader fxmlLoader = new FXMLLoader(getClass().getResource(\"reg.fxml\"));\n"}, {"type": "VA_FORMAT_STRING_USES_NEWLINE", "file_name": "src/server/ClientHandler.java", "commit_sha": "4ede47aeae7a39f828f5f7de0009abb160b57c8c", "line_no": 39, "priority": 2, "description": "Format string should use %n rather than \\n", "line_content": "                        System.out.printf(\"Client %s has been authorized \\n\", nickName);\n"}]}