{"repo": "AY2021S2-CS2103-T16-3/tp", "id": "62", "total": 4, "items": [{"type": "EC_NULL_ARG", "file_name": "src/test/java/seedu/address/logic/commands/RemarkCommandTest.java", "commit_sha": "828ee5615aff76409d16cac9cf57d6e91f20004c", "line_no": 119, "priority": 2, "description": "Call to equals(null)", "line_content": "        assertFalse(standardCommand.equals(null));\n"}, {"type": "SA_SELF_COMPARISON", "file_name": "src/test/java/seedu/address/logic/commands/RemarkCommandTest.java", "commit_sha": "828ee5615aff76409d16cac9cf57d6e91f20004c", "line_no": 116, "priority": 2, "description": "Self comparison of value or field with itself", "line_content": "        assertTrue(standardCommand.equals(standardCommand));\n"}, {"type": "EC_NULL_ARG", "file_name": "src/test/java/seedu/address/model/person/RemarkTest.java", "commit_sha": "828ee5615aff76409d16cac9cf57d6e91f20004c", "line_no": 25, "priority": 2, "description": "Call to equals(null)", "line_content": "        assertFalse(remark.equals(null));\n"}, {"type": "SA_SELF_COMPARISON", "file_name": "src/test/java/seedu/address/model/person/RemarkTest.java", "commit_sha": "828ee5615aff76409d16cac9cf57d6e91f20004c", "line_no": 15, "priority": 2, "description": "Self comparison of value or field with itself", "line_content": "        assertTrue(remark.equals(remark));\n"}]}