{"repo": "super30admin/Trees-3", "id": "394", "total": 2, "items": [{"type": "NM_CLASS_NAMING_CONVENTION", "file_name": "pathsum2.java", "commit_sha": "0dc3ee83a0828afdf2d3a17c25a1af4c7ba44ca4", "line_no": 4, "priority": 2, "description": "Nm: Class names should start with an upper case letter", "line_content": "public class pathsum2 {\n"}, {"type": "NM_CLASS_NAMING_CONVENTION", "file_name": "symmetricTree.java", "commit_sha": "0dc3ee83a0828afdf2d3a17c25a1af4c7ba44ca4", "line_no": 4, "priority": 2, "description": "Nm: Class names should start with an upper case letter", "line_content": "public class symmetricTree {\n"}]}