{"repo": "ArturioBoss/SpringJava", "id": "2", "total": 2, "items": [{"type": "VA_FORMAT_STRING_USES_NEWLINE", "file_name": "src/main/java/ru/arturios/Commands.java", "commit_sha": "78a44ff6790a63e4e6a9a79f89f60aa511cfd83a", "line_no": 29, "priority": 2, "description": "Format string should use %n rather than \\n", "line_content": "                System.out.printf(\"id: %s \u0418\u043c\u044f: %s \u0426\u0435\u043d\u0430: %s\\n\",productRepository.getById(String.valueOf(i)).getId(),\n                        productRepository.getById(String.valueOf(i)).getName(),\n                        productRepository.getById(String.valueOf(i)).getPrice());\n"}, {"type": "VA_FORMAT_STRING_USES_NEWLINE", "file_name": "src/main/java/ru/arturios/controller/HomeController.java", "commit_sha": "78a44ff6790a63e4e6a9a79f89f60aa511cfd83a", "line_no": 38, "priority": 2, "description": "Format string should use %n rather than \\n", "line_content": "            s = s + String.format(\" <recipe id=\\\"%s\\\">\\n\" +\n                            \"   <title>\\n\" +\n                            \"      %S\\n\" +\n                            \"   </title>\\n\" +\n                            \"   <price>\\n\" +\n                            \"      %s \u0440\u0443\u0431.\\n\" +\n                            \"   </price>\\n\" +\n                            \"</recipe>\\n\",productRepository.getById(String.valueOf(i)).getId(),\n                    productRepository.getById(String.valueOf(i)).getName(),\n                    productRepository.getById(String.valueOf(i)).getPrice());\n"}]}