{"repo": "FarVoyager/Android1", "id": "4", "total": 5, "items": [{"type": "NM_METHOD_NAMING_CONVENTION", "file_name": "app/src/main/java/chvirov/com/example/work11/Calculations.java", "commit_sha": "8ae8fea7251b8559d969581ab59ff2e3931b5e2c", "line_no": 14, "priority": 2, "description": "Nm: Method names should start with a lower case letter", "line_content": "    public double Plus() {\n"}, {"type": "NM_METHOD_NAMING_CONVENTION", "file_name": "app/src/main/java/chvirov/com/example/work11/Calculations.java", "commit_sha": "8ae8fea7251b8559d969581ab59ff2e3931b5e2c", "line_no": 18, "priority": 2, "description": "Nm: Method names should start with a lower case letter", "line_content": "    public double Minus() {\n"}, {"type": "NM_METHOD_NAMING_CONVENTION", "file_name": "app/src/main/java/chvirov/com/example/work11/Calculations.java", "commit_sha": "8ae8fea7251b8559d969581ab59ff2e3931b5e2c", "line_no": 22, "priority": 2, "description": "Nm: Method names should start with a lower case letter", "line_content": "    public double Multi() {\n"}, {"type": "NM_METHOD_NAMING_CONVENTION", "file_name": "app/src/main/java/chvirov/com/example/work11/Calculations.java", "commit_sha": "8ae8fea7251b8559d969581ab59ff2e3931b5e2c", "line_no": 26, "priority": 2, "description": "Nm: Method names should start with a lower case letter", "line_content": "    public double Divide() {\n"}, {"type": "NM_METHOD_NAMING_CONVENTION", "file_name": "app/src/main/java/chvirov/com/example/work11/Calculations.java", "commit_sha": "8ae8fea7251b8559d969581ab59ff2e3931b5e2c", "line_no": 30, "priority": 2, "description": "Nm: Method names should start with a lower case letter", "line_content": "    public double Percent() {\n"}]}