{"repo": "amida-tech/saraswati-editofhir-converter", "id": "3", "total": 1, "items": [{"type": "VA_FORMAT_STRING_USES_NEWLINE", "file_name": "src/main/java/com/amida/saraswati/edifhir/controller/X12EDIController.java", "commit_sha": "1db452e78291a667f1ef3231caeb7fffc9889457", "line_no": 168, "priority": 2, "description": "Format string should use %n rather than \\n", "line_content": "            String headline = String.format(\"Total messages received from the topic, %s: %d\\n\",\n                    topic, result.size());\n"}]}