{"repo": "Phumelele-Mthimunye/PRG381_Project", "id": "16", "total": 6, "items": [{"type": "NM_METHOD_NAMING_CONVENTION", "file_name": "BusinessLogicLayer/Address.java", "commit_sha": "90ce8d2dbde46305453d5528205a09f40eaed2bb", "line_no": 83, "priority": 5, "description": "Nm: Method names should start with a lower case letter", "line_content": "        List<Address> aList = dh.GetAddress();\n"}, {"type": "NM_METHOD_NAMING_CONVENTION", "file_name": "BusinessLogicLayer/Address.java", "commit_sha": "90ce8d2dbde46305453d5528205a09f40eaed2bb", "line_no": 92, "priority": 2, "description": "Nm: Method names should start with a lower case letter", "line_content": "    public String ToString()\n    {\n"}, {"type": "NM_METHOD_NAMING_CONVENTION", "file_name": "BusinessLogicLayer/Decorations.java", "commit_sha": "90ce8d2dbde46305453d5528205a09f40eaed2bb", "line_no": 63, "priority": 5, "description": "Nm: Method names should start with a lower case letter", "line_content": "        List<Decorations> dList = dh.GetDecorations();\n"}, {"type": "NM_METHOD_NAMING_CONVENTION", "file_name": "BusinessLogicLayer/FoodSelection.java", "commit_sha": "90ce8d2dbde46305453d5528205a09f40eaed2bb", "line_no": 20, "priority": 2, "description": "Nm: Method names should start with a lower case letter", "line_content": "    public void SetCourses(String Courses)\n    {\n"}, {"type": "NM_METHOD_NAMING_CONVENTION", "file_name": "DataAccessLayer/DataHandler.java", "commit_sha": "90ce8d2dbde46305453d5528205a09f40eaed2bb", "line_no": 25, "priority": 2, "description": "Nm: Method names should start with a lower case letter", "line_content": "    public void AddAddress() throws IOException {\n"}, {"type": "NM_METHOD_NAMING_CONVENTION", "file_name": "DataAccessLayer/DataHandler.java", "commit_sha": "90ce8d2dbde46305453d5528205a09f40eaed2bb", "line_no": 84, "priority": 2, "description": "Nm: Method names should start with a lower case letter", "line_content": "    public void AddDecorations() throws IOException {\n"}]}