{"repo": "sudheer51/EzraMMP", "id": "2", "total": 3, "items": [{"type": "NM_METHOD_NAMING_CONVENTION", "file_name": "mmp/src/main/java/org/iit/healthcare/mmp/patientmodule/pages/ViewInformationPage.java", "commit_sha": "de2db3f9f72d89c1d699e9c0fbf4ef89629cc51d", "line_no": 26, "priority": 2, "description": "Nm: Method names should start with a lower case letter", "line_content": "\tpublic void ViewInformationContent() {\n"}, {"type": "NM_METHOD_NAMING_CONVENTION", "file_name": "mmp/src/test/java/org/iit/healthcare/mmp/patientmodule/tests/RegistrationPatientTests.java", "commit_sha": "de2db3f9f72d89c1d699e9c0fbf4ef89629cc51d", "line_no": 40, "priority": 2, "description": "Nm: Method names should start with a lower case letter", "line_content": "\t\tpublic void LisenceTextBoxValidation(String url) {\n"}, {"type": "NM_METHOD_NAMING_CONVENTION", "file_name": "mmp/src/test/java/org/iit/healthcare/mmp/patientmodule/tests/ViewInformationTests.java", "commit_sha": "de2db3f9f72d89c1d699e9c0fbf4ef89629cc51d", "line_no": 25, "priority": 5, "description": "Nm: Method names should start with a lower case letter", "line_content": "\t\tviPage.ViewInformationContent();\n"}]}