{"repo": "ssafy10-5-algo/whynotworking", "id": "24", "total": 8, "items": [{"type": "NM_METHOD_NAMING_CONVENTION", "file_name": "Baekjun16235.java", "commit_sha": "f3a587b891b6202c436c191b87cf277490eaf9ef", "line_no": 48, "priority": 5, "description": "Nm: Method names should start with a lower case letter", "line_content": "\t\tSpring();\r\n"}, {"type": "NM_METHOD_NAMING_CONVENTION", "file_name": "Baekjun16235.java", "commit_sha": "f3a587b891b6202c436c191b87cf277490eaf9ef", "line_no": 49, "priority": 5, "description": "Nm: Method names should start with a lower case letter", "line_content": "\t\tSummer();\r\n"}, {"type": "NM_METHOD_NAMING_CONVENTION", "file_name": "Baekjun16235.java", "commit_sha": "f3a587b891b6202c436c191b87cf277490eaf9ef", "line_no": 50, "priority": 5, "description": "Nm: Method names should start with a lower case letter", "line_content": "\t\tFall();\r\n"}, {"type": "NM_METHOD_NAMING_CONVENTION", "file_name": "Baekjun16235.java", "commit_sha": "f3a587b891b6202c436c191b87cf277490eaf9ef", "line_no": 51, "priority": 5, "description": "Nm: Method names should start with a lower case letter", "line_content": "\t\tWinter();\r\n"}, {"type": "NM_METHOD_NAMING_CONVENTION", "file_name": "Baekjun16235.java", "commit_sha": "f3a587b891b6202c436c191b87cf277490eaf9ef", "line_no": 54, "priority": 3, "description": "Nm: Method names should start with a lower case letter", "line_content": "\tprivate static void Spring() {\r\n"}, {"type": "NM_METHOD_NAMING_CONVENTION", "file_name": "Baekjun16235.java", "commit_sha": "f3a587b891b6202c436c191b87cf277490eaf9ef", "line_no": 67, "priority": 3, "description": "Nm: Method names should start with a lower case letter", "line_content": "\tprivate static void Summer() {\r\n"}, {"type": "NM_METHOD_NAMING_CONVENTION", "file_name": "Baekjun16235.java", "commit_sha": "f3a587b891b6202c436c191b87cf277490eaf9ef", "line_no": 74, "priority": 3, "description": "Nm: Method names should start with a lower case letter", "line_content": "\tprivate static void Fall() {\r\n"}, {"type": "NM_METHOD_NAMING_CONVENTION", "file_name": "Baekjun16235.java", "commit_sha": "f3a587b891b6202c436c191b87cf277490eaf9ef", "line_no": 96, "priority": 3, "description": "Nm: Method names should start with a lower case letter", "line_content": "\tprivate static void Winter() {\r\n"}]}