{"repo": "GitHubNJUPT528/ctontcm", "id": "6", "total": 13, "items": [{"type": "DM_STRING_CTOR", "file_name": "MatchAndPlan/src/transferCenterRoutePlanning/Util/LatLng.java", "commit_sha": "59703b589f3bfcb160d825be248a3d61d1f6dcfb", "line_no": 29, "priority": 2, "description": "Method invokes inefficient new String(String) constructor", "line_content": "        String var1 = new String(\"latitude: \");\n"}, {"type": "NM_METHOD_NAMING_CONVENTION", "file_name": "MatchAndPlan/src/transferCenterRoutePlanning/Util/RoutePlanByGreey.java", "commit_sha": "59703b589f3bfcb160d825be248a3d61d1f6dcfb", "line_no": 39, "priority": 5, "description": "Nm: Method names should start with a lower case letter", "line_content": "                double radLat1 = Rad(allPoints.get(i).latitude);\n"}, {"type": "NM_METHOD_NAMING_CONVENTION", "file_name": "MatchAndPlan/src/transferCenterRoutePlanning/Util/RoutePlanByGreey.java", "commit_sha": "59703b589f3bfcb160d825be248a3d61d1f6dcfb", "line_no": 40, "priority": 5, "description": "Nm: Method names should start with a lower case letter", "line_content": "                double radLat2 = Rad(allPoints.get(j).latitude);\n"}, {"type": "NM_METHOD_NAMING_CONVENTION", "file_name": "MatchAndPlan/src/transferCenterRoutePlanning/Util/RoutePlanByGreey.java", "commit_sha": "59703b589f3bfcb160d825be248a3d61d1f6dcfb", "line_no": 42, "priority": 5, "description": "Nm: Method names should start with a lower case letter", "line_content": "                double diffLng = Arith.sub(Rad(allPoints.get(i).longitude) , Rad(allPoints.get(j).longitude));\n"}, {"type": "NM_METHOD_NAMING_CONVENTION", "file_name": "MatchAndPlan/src/transferCenterRoutePlanning/Util/RoutePlanByGreey.java", "commit_sha": "59703b589f3bfcb160d825be248a3d61d1f6dcfb", "line_no": 63, "priority": 3, "description": "Nm: Method names should start with a lower case letter", "line_content": "    private double Rad(double latOrLng) {\n"}, {"type": "NM_METHOD_NAMING_CONVENTION", "file_name": "MatchAndPlan/src/transferCenterRoutePlanning/Util/RoutePlanByGreey.java", "commit_sha": "59703b589f3bfcb160d825be248a3d61d1f6dcfb", "line_no": 392, "priority": 5, "description": "Nm: Method names should start with a lower case letter", "line_content": "            System.arraycopy(PathPlanReturnIndex(changedId,firstUnSignedId,\n                    firstHalfLat,firstHalfLng),0,firstHalfIndexArray,0,cutNum);     "}, {"type": "NM_METHOD_NAMING_CONVENTION", "file_name": "MatchAndPlan/src/transferCenterRoutePlanning/Util/RoutePlanByGreey.java", "commit_sha": "59703b589f3bfcb160d825be248a3d61d1f6dcfb", "line_no": 410, "priority": 5, "description": "Nm: Method names should start with a lower case letter", "line_content": "            System.arraycopy(PathPlanReturnIndex(0),1,secondHalfIndexArray,\n                    0,PathPlanReturnIndex(0).length-1);\n"}, {"type": "NM_METHOD_NAMING_CONVENTION", "file_name": "MatchAndPlan/src/transferCenterRoutePlanning/Util/RoutePlanByGreey.java", "commit_sha": "59703b589f3bfcb160d825be248a3d61d1f6dcfb", "line_no": 427, "priority": 5, "description": "Nm: Method names should start with a lower case letter", "line_content": "            return PathPlanReturnIndex(changedId,firstUnSignedId,lat,lng);\n"}, {"type": "NM_METHOD_NAMING_CONVENTION", "file_name": "MatchAndPlan/src/transferCenterRoutePlanning/Util/RoutePlanByGreey.java", "commit_sha": "59703b589f3bfcb160d825be248a3d61d1f6dcfb", "line_no": 451, "priority": 5, "description": "Nm: Method names should start with a lower case letter", "line_content": "        System.arraycopy(PathPlanReturnIndex(firstUnSignedId,\n                firstHalfLat,firstHalfLng),0,firstHalfIndexArray,0,cutNum);     "}, {"type": "NM_METHOD_NAMING_CONVENTION", "file_name": "MatchAndPlan/src/transferCenterRoutePlanning/Util/RoutePlanByGreey.java", "commit_sha": "59703b589f3bfcb160d825be248a3d61d1f6dcfb", "line_no": 475, "priority": 5, "description": "Nm: Method names should start with a lower case letter", "line_content": "        System.arraycopy(PathPlanReturnIndex(prePointsArray1,changedId-cutNum),0,secondHalfIndexArray,\n                0,PathPlanReturnIndex(0).length);\n"}, {"type": "NM_METHOD_NAMING_CONVENTION", "file_name": "MatchAndPlan/src/transferCenterRoutePlanning/test/ServletTest.java", "commit_sha": "59703b589f3bfcb160d825be248a3d61d1f6dcfb", "line_no": 26, "priority": 5, "description": "Nm: Method names should start with a lower case letter", "line_content": "        List<LatLng> posList = rtp.PathPlan(preList,10);\n"}, {"type": "NM_METHOD_NAMING_CONVENTION", "file_name": "MatchAndPlan/src/transferCenterRoutePlanning/web/Servlet.java", "commit_sha": "59703b589f3bfcb160d825be248a3d61d1f6dcfb", "line_no": 29, "priority": 5, "description": "Nm: Method names should start with a lower case letter", "line_content": "        List<LatLng> posList = rtp.PathPlan(preList,10);\n"}, {"type": "NM_METHOD_NAMING_CONVENTION", "file_name": "MatchAndPlan/src/transferCenterRoutePlanning/web/Servlet.java", "commit_sha": "59703b589f3bfcb160d825be248a3d61d1f6dcfb", "line_no": 62, "priority": 5, "description": "Nm: Method names should start with a lower case letter", "line_content": "        List<LatLng> posList = rtp.PathPlan(preList,10);\n"}]}