{"repo": "Elgk/java2_chat", "id": "3", "total": 3, "items": [{"type": "UI_INHERITANCE_UNSAFE_GETRESOURCE", "file_name": "client/src/main/java/client/Controller.java", "commit_sha": "e7abdf084236417643fa3dd97109acfd04e44835", "line_no": 259, "priority": 3, "description": "Usage of GetResource may be unsafe if class is extended", "line_content": "            FXMLLoader fxmlLoader = new FXMLLoader(getClass().getResource(\"/regManager.fxml\"));\n"}, {"type": "UI_INHERITANCE_UNSAFE_GETRESOURCE", "file_name": "client/src/main/java/client/Main.java", "commit_sha": "e7abdf084236417643fa3dd97109acfd04e44835", "line_no": 13, "priority": 3, "description": "Usage of GetResource may be unsafe if class is extended", "line_content": "        Parent root = FXMLLoader.load(getClass().getResource(\"/manager.fxml\"));\n"}, {"type": "ES_COMPARING_STRINGS_WITH_EQ", "file_name": "client/src/main/java/client/RegController.java", "commit_sha": "e7abdf084236417643fa3dd97109acfd04e44835", "line_no": 71, "priority": 2, "description": "Suspicious reference comparison of String objects", "line_content": "        if (nickname != \"\"){\n"}]}