{"repo": "biojava/biojava", "id": "919", "total": 1, "items": [{"type": "UI_INHERITANCE_UNSAFE_GETRESOURCE", "file_name": "biojava-core/src/test/java/org/biojava/nbio/core/sequence/io/GenbankReaderTest.java", "commit_sha": "48814282bda6c80de1a38b84ed273859af861224", "line_no": 339, "priority": 3, "description": "Usage of GetResource may be unsafe if class is extended", "line_content": "\t\tCheckableInputStream inStream = new CheckableInputStream(this.getClass().getResourceAsStream(\"/NC_018080.gb\"));\n"}]}