{"repo": "acoli-repo/conll-rdf", "id": "48", "total": 8, "items": [{"type": "DM_STRING_VOID_CTOR", "file_name": "src/main/java/org/acoli/conll/rdf/CoNLLRDFUpdater.java", "commit_sha": "4f49b0dd21f0cfe1898b860851c18fcd891fdf13", "line_no": 284, "priority": 2, "description": "Method invokes inefficient new String() constructor", "line_content": "\t\t\tString sent = new String();\r\n"}, {"type": "DM_STRING_VOID_CTOR", "file_name": "src/main/java/org/acoli/conll/rdf/CoNLLRDFUpdater.java", "commit_sha": "4f49b0dd21f0cfe1898b860851c18fcd891fdf13", "line_no": 802, "priority": 2, "description": "Method invokes inefficient new String() constructor", "line_content": "\t\tString prefixCache = new String();\r\n"}, {"type": "DM_STRING_VOID_CTOR", "file_name": "src/main/java/org/acoli/conll/rdf/CoNLLRDFUpdater.java", "commit_sha": "4f49b0dd21f0cfe1898b860851c18fcd891fdf13", "line_no": 956, "priority": 2, "description": "Method invokes inefficient new String() constructor", "line_content": "\t\t\tsentBufferThreads.add(new ImmutableTriple<List<String>, String, List<String>>(\r\n\t\t\t\t\tnew ArrayList<String>(), new String(), new ArrayList<String>()));\r\n"}, {"type": "DM_STRING_VOID_CTOR", "file_name": "src/main/java/org/acoli/conll/rdf/CoNLLRDFUpdater.java", "commit_sha": "4f49b0dd21f0cfe1898b860851c18fcd891fdf13", "line_no": 964, "priority": 2, "description": "Method invokes inefficient new String() constructor", "line_content": "\t\tString prefixCacheOut = new String();\r\n"}, {"type": "DM_STRING_VOID_CTOR", "file_name": "src/main/java/org/acoli/conll/rdf/CoNLLRDFUpdater.java", "commit_sha": "4f49b0dd21f0cfe1898b860851c18fcd891fdf13", "line_no": 969, "priority": 2, "description": "Method invokes inefficient new String() constructor", "line_content": "\t\t\tString outString = new String();\r\n"}, {"type": "DM_STRING_VOID_CTOR", "file_name": "src/main/java/org/acoli/conll/rdf/CoNLLRDFUpdater.java", "commit_sha": "4f49b0dd21f0cfe1898b860851c18fcd891fdf13", "line_no": 971, "priority": 2, "description": "Method invokes inefficient new String() constructor", "line_content": "\t\t\t\tString prefixCacheTMP = new String();\r\n"}, {"type": "DM_STRING_VOID_CTOR", "file_name": "src/main/java/org/acoli/conll/rdf/CoNLLRDFUpdater.java", "commit_sha": "4f49b0dd21f0cfe1898b860851c18fcd891fdf13", "line_no": 994, "priority": 2, "description": "Method invokes inefficient new String() constructor", "line_content": "\t\tMutableTriple<List<String>, String, List<String>>sentBufferThread =\r\n\t\t\t\tnew MutableTriple<List<String>, String, List<String>>(\r\n\t\t\t\tnew ArrayList<String>(), new String(), new ArrayList<String>());\r\n"}, {"type": "ES_COMPARING_STRINGS_WITH_EQ", "file_name": "src/main/java/org/acoli/conll/rdf/CoNLLRDFUpdaterFactory.java", "commit_sha": "4f49b0dd21f0cfe1898b860851c18fcd891fdf13", "line_no": 76, "priority": 2, "description": "Suspicious reference comparison of String objects", "line_content": "\t\t\t\tif (opt.getOpt() == \"model\") { "}]}