{"repo": "awesome66613/Note", "id": "1", "total": 7, "items": [{"type": "NM_METHOD_NAMING_CONVENTION", "file_name": "app/src/main/java/com/example/note/MainActivity.java", "commit_sha": "3fa5e41d1f70c1ccf6192afec8db4f9f6e16d6f0", "line_no": 45, "priority": 5, "description": "Nm: Method names should start with a lower case letter", "line_content": " No newline at end of file\n        nlf.SearchList(item);\n"}, {"type": "NM_METHOD_NAMING_CONVENTION", "file_name": "app/src/main/java/com/example/note/NoteDetailsFragment.java", "commit_sha": "3fa5e41d1f70c1ccf6192afec8db4f9f6e16d6f0", "line_no": 424, "priority": 5, "description": "Nm: Method names should start with a lower case letter", "line_content": "                        mydb.FlagDeleteRow(getShownIndex());\n"}, {"type": "NM_METHOD_NAMING_CONVENTION", "file_name": "app/src/main/java/com/example/note/NoteListFragment.java", "commit_sha": "3fa5e41d1f70c1ccf6192afec8db4f9f6e16d6f0", "line_no": 125, "priority": 5, "description": "Nm: Method names should start with a lower case letter", "line_content": "                SearchList(item);\n"}, {"type": "NM_METHOD_NAMING_CONVENTION", "file_name": "app/src/main/java/com/example/note/NoteListFragment.java", "commit_sha": "3fa5e41d1f70c1ccf6192afec8db4f9f6e16d6f0", "line_no": 134, "priority": 2, "description": "Nm: Method names should start with a lower case letter", "line_content": "    public void SearchList(MenuItem item){\n"}, {"type": "NM_METHOD_NAMING_CONVENTION", "file_name": "app/src/main/java/com/example/note/TakeMeAwayDBHelper.java", "commit_sha": "3fa5e41d1f70c1ccf6192afec8db4f9f6e16d6f0", "line_no": 193, "priority": 2, "description": "Nm: Method names should start with a lower case letter", "line_content": "    public Cursor QueryRowsNotFlagDelete(int rowCount, String sortOrder){\n"}, {"type": "NM_METHOD_NAMING_CONVENTION", "file_name": "app/src/main/java/com/example/note/TakeMeAwayDBHelper.java", "commit_sha": "3fa5e41d1f70c1ccf6192afec8db4f9f6e16d6f0", "line_no": 209, "priority": 2, "description": "Nm: Method names should start with a lower case letter", "line_content": "    public int FlagDeleteRow(int postID){\n"}, {"type": "NM_METHOD_NAMING_CONVENTION", "file_name": "app/src/main/java/com/example/note/TakeMeAwayDBHelper.java", "commit_sha": "3fa5e41d1f70c1ccf6192afec8db4f9f6e16d6f0", "line_no": 218, "priority": 2, "description": "Nm: Method names should start with a lower case letter", "line_content": "    public int DeleteRow(int postID){\n"}]}