{"repo": "Khmelov/PISL2021-02-01", "id": "90", "total": 2, "items": [{"type": "VA_FORMAT_STRING_USES_NEWLINE", "file_name": "src/by/it/group873601/kupreichik/lesson03/A_Huffman.java", "commit_sha": "9dead5589d49fcdf714a5b0dcabaf5496fc0e88b", "line_no": 153, "priority": 2, "description": "Format string should use %n rather than \\n", "line_content": "        System.out.printf(\"%d %d\\n\", codes.size(), result.length());\n"}, {"type": "VA_FORMAT_STRING_USES_NEWLINE", "file_name": "src/by/it/group873601/kupreichik/lesson03/A_Huffman.java", "commit_sha": "9dead5589d49fcdf714a5b0dcabaf5496fc0e88b", "line_no": 155, "priority": 2, "description": "Format string should use %n rather than \\n", "line_content": "            System.out.printf(\"%s: %s\\n\", entry.getKey(), entry.getValue());\n"}]}