{"repo": "apache/hive", "id": "2070", "total": 2, "items": [{"type": "NM_METHOD_NAMING_CONVENTION", "file_name": "itests/hive-unit/src/test/java/org/apache/hive/jdbc/TestHiveQueryResultSet.java", "commit_sha": "c6075b9ccde7d0799d3e89aa7943f7c6880cf495", "line_no": 69, "priority": 2, "description": "Nm: Method names should start with a lower case letter", "line_content": "    public TFetchResultsResp FetchResults(TFetchResultsReq req) throws TException {\n"}, {"type": "NM_METHOD_NAMING_CONVENTION", "file_name": "jdbc/src/java/org/apache/hive/jdbc/HiveQueryResultSet.java", "commit_sha": "c6075b9ccde7d0799d3e89aa7943f7c6880cf495", "line_no": 346, "priority": 5, "description": "Nm: Method names should start with a lower case letter", "line_content": "        fetchResp = client.FetchResults(fetchReq);\n"}]}