{"repo": "AY2021S2-CS2103T-T11-2/tp", "id": "137", "total": 8, "items": [{"type": "EC_NULL_ARG", "file_name": "src/test/java/seedu/address/ui/CompletableDeadlineCardTest.java", "commit_sha": "19f0513aeee9d64608621eb1b780cb2cdf86714d", "line_no": 54, "priority": 2, "description": "Call to equals(null)", "line_content": "        assertFalse(deadlineCard.equals(null));\n"}, {"type": "SA_SELF_COMPARISON", "file_name": "src/test/java/seedu/address/ui/CompletableDeadlineCardTest.java", "commit_sha": "19f0513aeee9d64608621eb1b780cb2cdf86714d", "line_no": 51, "priority": 2, "description": "Self comparison of value or field with itself", "line_content": "        assertTrue(deadlineCard.equals(deadlineCard));\n"}, {"type": "EC_NULL_ARG", "file_name": "src/test/java/seedu/address/ui/CompletableTodoCardTest.java", "commit_sha": "19f0513aeee9d64608621eb1b780cb2cdf86714d", "line_no": 51, "priority": 2, "description": "Call to equals(null)", "line_content": "        assertFalse(todoCard.equals(null));\n"}, {"type": "SA_SELF_COMPARISON", "file_name": "src/test/java/seedu/address/ui/CompletableTodoCardTest.java", "commit_sha": "19f0513aeee9d64608621eb1b780cb2cdf86714d", "line_no": 48, "priority": 2, "description": "Self comparison of value or field with itself", "line_content": "        assertTrue(todoCard.equals(todoCard));\n"}, {"type": "EC_NULL_ARG", "file_name": "src/test/java/seedu/address/ui/EventCardTest.java", "commit_sha": "19f0513aeee9d64608621eb1b780cb2cdf86714d", "line_no": 52, "priority": 2, "description": "Call to equals(null)", "line_content": "        assertFalse(eventCard.equals(null));\n"}, {"type": "SA_SELF_COMPARISON", "file_name": "src/test/java/seedu/address/ui/EventCardTest.java", "commit_sha": "19f0513aeee9d64608621eb1b780cb2cdf86714d", "line_no": 49, "priority": 2, "description": "Self comparison of value or field with itself", "line_content": "        assertTrue(eventCard.equals(eventCard));\n"}, {"type": "EC_NULL_ARG", "file_name": "src/test/java/seedu/address/ui/ProjectCardTest.java", "commit_sha": "19f0513aeee9d64608621eb1b780cb2cdf86714d", "line_no": 40, "priority": 2, "description": "Call to equals(null)", "line_content": "        assertFalse(projectCard.equals(null));\n"}, {"type": "SA_SELF_COMPARISON", "file_name": "src/test/java/seedu/address/ui/ProjectCardTest.java", "commit_sha": "19f0513aeee9d64608621eb1b780cb2cdf86714d", "line_no": 37, "priority": 2, "description": "Self comparison of value or field with itself", "line_content": "        assertTrue(projectCard.equals(projectCard));\n"}]}