{"repo": "cbeust/testng", "id": "2497", "total": 2, "items": [{"type": "SA_SELF_COMPARISON", "file_name": "src/main/java/org/testng/Assert.java", "commit_sha": "0a9676b6f07ba274c7bfaad57d1dfc118e78f571", "line_no": 156, "priority": 2, "description": "Self comparison of value or field with itself", "line_content": "      return actual.equals(actual);\n"}, {"type": "SA_SELF_COMPARISON", "file_name": "src/main/java/org/testng/Assert.java", "commit_sha": "0a9676b6f07ba274c7bfaad57d1dfc118e78f571", "line_no": 159, "priority": 2, "description": "Self comparison of value or field with itself", "line_content": "      return expected.equals(expected);\n"}]}