{"repo": "OriBlanka/AndroindMilab", "id": "6", "total": 2, "items": [{"type": "NM_METHOD_NAMING_CONVENTION", "file_name": "FinalProject/client/app/src/main/java/com/runbuddy/LoginActivity.java", "commit_sha": "698c2078079fe03206e5a211c8d1f5c15be2605e", "line_no": 47, "priority": 5, "description": "Nm: Method names should start with a lower case letter", "line_content": "                LogUserIn(userName.getText().toString(), password.getText().toString());\n"}, {"type": "NM_METHOD_NAMING_CONVENTION", "file_name": "FinalProject/client/app/src/main/java/com/runbuddy/LoginActivity.java", "commit_sha": "698c2078079fe03206e5a211c8d1f5c15be2605e", "line_no": 65, "priority": 3, "description": "Nm: Method names should start with a lower case letter", "line_content": "    private void LogUserIn(String email, String password){\n"}]}