{"repo": "ArturSidelnikovs/TMS_110121", "id": "5", "total": 2, "items": [{"type": "NM_METHOD_NAMING_CONVENTION", "file_name": "Lesson12/src/Tasks/task2/Runner.java", "commit_sha": "9f8079f64b1c537523b41885e76465e2b46117ab", "line_no": 9, "priority": 5, "description": "Nm: Method names should start with a lower case letter", "line_content": "        AnalizeServise(clazz);\n"}, {"type": "NM_METHOD_NAMING_CONVENTION", "file_name": "Lesson12/src/Tasks/task2/Runner.java", "commit_sha": "9f8079f64b1c537523b41885e76465e2b46117ab", "line_no": 13, "priority": 2, "description": "Nm: Method names should start with a lower case letter", "line_content": "    public static void AnalizeServise (Class clazz) throws IllegalAccessException, InstantiationException {\n"}]}