{"repo": "ulearn-me-course-java/6-java-exceptions", "id": "336", "total": 1, "items": [{"type": "VA_FORMAT_STRING_USES_NEWLINE", "file_name": "task05/src/com/example/task05/Task05Main.java", "commit_sha": "bfd486c6524a0b1ea88d804e1a17c6ffc413ba95", "line_no": 15, "priority": 2, "description": "Format string should use %n rather than \\n", "line_content": "            System.out.printf(\"\u0444\u0430\u0439\u043b \\\"%s\\\" \u043d\u0435 \u043d\u0430\u0439\u0434\u0435\u043d\\n\", pathToFile);\n"}]}