{"repo": "Mu-L/graal", "id": "517", "total": 2, "items": [{"type": "SA_SELF_COMPARISON", "file_name": "compiler/src/org.graalvm.compiler.core.test/src/org/graalvm/compiler/core/test/OptimizedBoxNodeTest.java", "commit_sha": "14ee97735dab6b8dc4b81087fe9dbd8dd250b264", "line_no": 270, "priority": 2, "description": "Self comparison of value or field with itself", "line_content": "        if (Integer.valueOf(1024) == Integer.valueOf(1024)) {\n"}, {"type": "NM_METHOD_NAMING_CONVENTION", "file_name": "compiler/src/org.graalvm.compiler.core/src/org/graalvm/compiler/core/phases/CEOptimization.java", "commit_sha": "14ee97735dab6b8dc4b81087fe9dbd8dd250b264", "line_no": 289, "priority": 5, "description": "Nm: Method names should start with a lower case letter", "line_content": "    BoxNodeOptimization(null, BoxNodeOptimizationPhase.class);\n"}]}