{"repo": "ls1intum/Artemis", "id": "2977", "total": 4, "items": [{"type": "SA_SELF_COMPUTATION", "file_name": "src/test/java/de/tum/in/www1/artemis/service/compass/controller/AutomaticAssessmentControllerTest.java", "commit_sha": "a76167a9a8c44c6665166e25ac238bb5365dfb5b", "line_no": 170, "priority": 2, "description": "Nonsensical self computation involving a variable or field", "line_content": "        assertThat(compassResult.getPoints()).isEqualTo(-0.5 - 0.5 + 0 + 1.5 + 1.0 + 0.5);\n"}, {"type": "SA_SELF_COMPUTATION", "file_name": "src/test/java/de/tum/in/www1/artemis/service/compass/controller/AutomaticAssessmentControllerTest.java", "commit_sha": "a76167a9a8c44c6665166e25ac238bb5365dfb5b", "line_no": 174, "priority": 2, "description": "Nonsensical self computation involving a variable or field", "line_content": "        assertThat(savedResult.getPoints()).isEqualTo(-0.5 - 0.5 + 0 + 1.5 + 1.0 + 0.5);\n"}, {"type": "SA_SELF_COMPUTATION", "file_name": "src/test/java/de/tum/in/www1/artemis/service/compass/controller/AutomaticAssessmentControllerTest.java", "commit_sha": "a76167a9a8c44c6665166e25ac238bb5365dfb5b", "line_no": 186, "priority": 2, "description": "Nonsensical self computation involving a variable or field", "line_content": "        assertThat(compassResult.getPoints()).isEqualTo(-0.5 - 0.5 + 0 + 1.5 + 1.0 + 0.5);\n"}, {"type": "SA_SELF_COMPUTATION", "file_name": "src/test/java/de/tum/in/www1/artemis/service/compass/controller/AutomaticAssessmentControllerTest.java", "commit_sha": "a76167a9a8c44c6665166e25ac238bb5365dfb5b", "line_no": 190, "priority": 2, "description": "Nonsensical self computation involving a variable or field", "line_content": "        assertThat(savedResult.getPoints()).isEqualTo(-0.5 - 0.5 + 0 + 1.5 + 1.0 + 0.5);\n"}]}