{"repo": "NCIEVS/evsrestapi", "id": "66", "total": 2, "items": [{"type": "ES_COMPARING_STRINGS_WITH_EQ", "file_name": "src/test/java/gov/nih/nci/evs/api/controller/ConceptControllerTests.java", "commit_sha": "fd9ed56bb65307331ae283537d340293d3c18f15", "line_no": 1212, "priority": 2, "description": "Suspicious reference comparison of String objects", "line_content": "    assertThat(resultList.getAssociationEntrys().get(0).getCode() == \"C125718\");\n"}, {"type": "ES_COMPARING_STRINGS_WITH_EQ", "file_name": "src/test/java/gov/nih/nci/evs/api/controller/ConceptControllerTests.java", "commit_sha": "fd9ed56bb65307331ae283537d340293d3c18f15", "line_no": 1213, "priority": 2, "description": "Suspicious reference comparison of String objects", "line_content": "    assertThat(resultList.getAssociationEntrys().get(0).getRelatedCode() == \"C128784\");\n"}]}