{"repo": "Euxinux/Apzumi-Daniel-Besztak-requirement-task", "id": "1", "total": 2, "items": [{"type": "NM_METHOD_NAMING_CONVENTION", "file_name": "src/test/java/PostServiceTest.java", "commit_sha": "66bc2378a07243a6b53f865f11934d1421f056f5", "line_no": 40, "priority": 2, "description": "Nm: Method names should start with a lower case letter", "line_content": "    public void WrongAuthorPostToDeleteStatusCode401(){\n"}, {"type": "NM_METHOD_NAMING_CONVENTION", "file_name": "src/test/java/PostServiceTest.java", "commit_sha": "66bc2378a07243a6b53f865f11934d1421f056f5", "line_no": 44, "priority": 2, "description": "Nm: Method names should start with a lower case letter", "line_content": "    public void PostToDeleteDoesntExistStatusCode204(){\n"}]}