{"repo": "EvgeniiPetrov187/Geek-University-Java", "id": "18", "total": 32, "items": [{"type": "NM_METHOD_NAMING_CONVENTION", "file_name": "FirstApp.java", "commit_sha": "f15d606f64f3e8b31a08e982d665e6672147062c", "line_no": 5, "priority": 5, "description": "Nm: Method names should start with a lower case letter", "line_content": "        System.out.println(Summe(2,2, 3, 5));\n"}, {"type": "NM_METHOD_NAMING_CONVENTION", "file_name": "FirstApp.java", "commit_sha": "f15d606f64f3e8b31a08e982d665e6672147062c", "line_no": 8, "priority": 5, "description": "Nm: Method names should start with a lower case letter", "line_content": "        System.out.println(Strait(7,4));\n"}, {"type": "NM_METHOD_NAMING_CONVENTION", "file_name": "FirstApp.java", "commit_sha": "f15d606f64f3e8b31a08e982d665e6672147062c", "line_no": 13, "priority": 5, "description": "Nm: Method names should start with a lower case letter", "line_content": "        Question(-5);\n"}, {"type": "NM_METHOD_NAMING_CONVENTION", "file_name": "FirstApp.java", "commit_sha": "f15d606f64f3e8b31a08e982d665e6672147062c", "line_no": 19, "priority": 5, "description": "Nm: Method names should start with a lower case letter", "line_content": "        System.out.println(Negat(7));\n"}, {"type": "NM_METHOD_NAMING_CONVENTION", "file_name": "FirstApp.java", "commit_sha": "f15d606f64f3e8b31a08e982d665e6672147062c", "line_no": 23, "priority": 5, "description": "Nm: Method names should start with a lower case letter", "line_content": "        Name(\"\u0412\u0438\u043a\u0442\u043e\u0440\");\n"}, {"type": "NM_METHOD_NAMING_CONVENTION", "file_name": "FirstApp.java", "commit_sha": "f15d606f64f3e8b31a08e982d665e6672147062c", "line_no": 27, "priority": 5, "description": "Nm: Method names should start with a lower case letter", "line_content": "        Year(2020);\n"}, {"type": "NM_METHOD_NAMING_CONVENTION", "file_name": "FirstApp.java", "commit_sha": "f15d606f64f3e8b31a08e982d665e6672147062c", "line_no": 32, "priority": 2, "description": "Nm: Method names should start with a lower case letter", "line_content": "    public static float Summe (float a, float b, float c, float d) {\n"}, {"type": "NM_METHOD_NAMING_CONVENTION", "file_name": "FirstApp.java", "commit_sha": "f15d606f64f3e8b31a08e982d665e6672147062c", "line_no": 37, "priority": 2, "description": "Nm: Method names should start with a lower case letter", "line_content": "    public static boolean Strait (int a, int b){\n"}, {"type": "NM_METHOD_NAMING_CONVENTION", "file_name": "FirstApp.java", "commit_sha": "f15d606f64f3e8b31a08e982d665e6672147062c", "line_no": 45, "priority": 2, "description": "Nm: Method names should start with a lower case letter", "line_content": "    public static void Question (int a){\n"}, {"type": "NM_METHOD_NAMING_CONVENTION", "file_name": "FirstApp.java", "commit_sha": "f15d606f64f3e8b31a08e982d665e6672147062c", "line_no": 53, "priority": 2, "description": "Nm: Method names should start with a lower case letter", "line_content": "    public static boolean Negat (int a){\n"}, {"type": "NM_METHOD_NAMING_CONVENTION", "file_name": "FirstApp.java", "commit_sha": "f15d606f64f3e8b31a08e982d665e6672147062c", "line_no": 60, "priority": 2, "description": "Nm: Method names should start with a lower case letter", "line_content": "    public static void Name (String name){\n"}, {"type": "NM_METHOD_NAMING_CONVENTION", "file_name": "FirstApp.java", "commit_sha": "f15d606f64f3e8b31a08e982d665e6672147062c", "line_no": 65, "priority": 2, "description": "Nm: Method names should start with a lower case letter", "line_content": "    public static void Year (int year){\n"}, {"type": "NM_METHOD_NAMING_CONVENTION", "file_name": "Lesson4.java", "commit_sha": "f15d606f64f3e8b31a08e982d665e6672147062c", "line_no": 16, "priority": 5, "description": "Nm: Method names should start with a lower case letter", "line_content": "    public static int score = Score(mapSize); "}, {"type": "NM_METHOD_NAMING_CONVENTION", "file_name": "Lesson4.java", "commit_sha": "f15d606f64f3e8b31a08e982d665e6672147062c", "line_no": 17, "priority": 5, "description": "Nm: Method names should start with a lower case letter", "line_content": "    public static int comp = Difficulty(); "}, {"type": "NM_METHOD_NAMING_CONVENTION", "file_name": "Lesson4.java", "commit_sha": "f15d606f64f3e8b31a08e982d665e6672147062c", "line_no": 70, "priority": 3, "description": "Nm: Method names should start with a lower case letter", "line_content": "        private static int Score(int size) {\n"}, {"type": "NM_METHOD_NAMING_CONVENTION", "file_name": "Lesson4.java", "commit_sha": "f15d606f64f3e8b31a08e982d665e6672147062c", "line_no": 78, "priority": 3, "description": "Nm: Method names should start with a lower case letter", "line_content": "    private static int Difficulty(){\n"}, {"type": "NM_METHOD_NAMING_CONVENTION", "file_name": "Lesson5/Main.java", "commit_sha": "f15d606f64f3e8b31a08e982d665e6672147062c", "line_no": 18, "priority": 5, "description": "Nm: Method names should start with a lower case letter", "line_content": "                worker.PrintPerson();\n"}, {"type": "NM_METHOD_NAMING_CONVENTION", "file_name": "Lesson5/Person.java", "commit_sha": "f15d606f64f3e8b31a08e982d665e6672147062c", "line_no": 33, "priority": 2, "description": "Nm: Method names should start with a lower case letter", "line_content": "    public void PrintPerson() {\n"}, {"type": "NM_METHOD_NAMING_CONVENTION", "file_name": "Lesson7/Main.java", "commit_sha": "f15d606f64f3e8b31a08e982d665e6672147062c", "line_no": 18, "priority": 5, "description": "Nm: Method names should start with a lower case letter", "line_content": "        CatEat(cats, bowl);\n"}, {"type": "NM_METHOD_NAMING_CONVENTION", "file_name": "Lesson7/Main.java", "commit_sha": "f15d606f64f3e8b31a08e982d665e6672147062c", "line_no": 20, "priority": 5, "description": "Nm: Method names should start with a lower case letter", "line_content": "        Catfullness(cats);\n"}, {"type": "NM_METHOD_NAMING_CONVENTION", "file_name": "Lesson7/Main.java", "commit_sha": "f15d606f64f3e8b31a08e982d665e6672147062c", "line_no": 22, "priority": 5, "description": "Nm: Method names should start with a lower case letter", "line_content": "        CatEat(cats, bowl);\n"}, {"type": "NM_METHOD_NAMING_CONVENTION", "file_name": "Lesson7/Main.java", "commit_sha": "f15d606f64f3e8b31a08e982d665e6672147062c", "line_no": 27, "priority": 5, "description": "Nm: Method names should start with a lower case letter", "line_content": "        CatEat(cats, bigBowl);\n"}, {"type": "NM_METHOD_NAMING_CONVENTION", "file_name": "Lesson7/Main.java", "commit_sha": "f15d606f64f3e8b31a08e982d665e6672147062c", "line_no": 29, "priority": 5, "description": "Nm: Method names should start with a lower case letter", "line_content": "        CatEat(cats, bigBowl);\n"}, {"type": "NM_METHOD_NAMING_CONVENTION", "file_name": "Lesson7/Main.java", "commit_sha": "f15d606f64f3e8b31a08e982d665e6672147062c", "line_no": 31, "priority": 5, "description": "Nm: Method names should start with a lower case letter", "line_content": "        CatEat(cats, bowl);\n"}, {"type": "NM_METHOD_NAMING_CONVENTION", "file_name": "Lesson7/Main.java", "commit_sha": "f15d606f64f3e8b31a08e982d665e6672147062c", "line_no": 33, "priority": 5, "description": "Nm: Method names should start with a lower case letter", "line_content": "        Catfullness(cats);\n"}, {"type": "NM_METHOD_NAMING_CONVENTION", "file_name": "Lesson7/Main.java", "commit_sha": "f15d606f64f3e8b31a08e982d665e6672147062c", "line_no": 40, "priority": 2, "description": "Nm: Method names should start with a lower case letter", "line_content": "    public static void CatEat (Cat[] cats, Bowl bowl){\n"}, {"type": "NM_METHOD_NAMING_CONVENTION", "file_name": "Lesson7/Main.java", "commit_sha": "f15d606f64f3e8b31a08e982d665e6672147062c", "line_no": 46, "priority": 2, "description": "Nm: Method names should start with a lower case letter", "line_content": "    public static void Catfullness(Cat[] cats){\n"}, {"type": "NM_METHOD_NAMING_CONVENTION", "file_name": "Lesson8/MyWindow.java", "commit_sha": "f15d606f64f3e8b31a08e982d665e6672147062c", "line_no": 31, "priority": 5, "description": "Nm: Method names should start with a lower case letter", "line_content": "                    Action(e);\n"}, {"type": "NM_METHOD_NAMING_CONVENTION", "file_name": "Lesson8/MyWindow.java", "commit_sha": "f15d606f64f3e8b31a08e982d665e6672147062c", "line_no": 41, "priority": 5, "description": "Nm: Method names should start with a lower case letter", "line_content": "                Action(e);\n"}, {"type": "NM_METHOD_NAMING_CONVENTION", "file_name": "Lesson8/MyWindow.java", "commit_sha": "f15d606f64f3e8b31a08e982d665e6672147062c", "line_no": 57, "priority": 5, "description": "Nm: Method names should start with a lower case letter", "line_content": "                    ActionMath(e);\n"}, {"type": "NM_METHOD_NAMING_CONVENTION", "file_name": "Lesson8/MyWindow.java", "commit_sha": "f15d606f64f3e8b31a08e982d665e6672147062c", "line_no": 86, "priority": 2, "description": "Nm: Method names should start with a lower case letter", "line_content": "    public void Action(ActionEvent event){\n"}, {"type": "NM_METHOD_NAMING_CONVENTION", "file_name": "Lesson8/MyWindow.java", "commit_sha": "f15d606f64f3e8b31a08e982d665e6672147062c", "line_no": 90, "priority": 2, "description": "Nm: Method names should start with a lower case letter", "line_content": "    public void ActionMath(ActionEvent event) { "}]}