{"repo": "rasul230885/java-11", "id": "2", "total": 2, "items": [{"type": "NM_METHOD_NAMING_CONVENTION", "file_name": "src/test/java/ru/netology/domain/RadioTest.java", "commit_sha": "5ed531a5fa2ed22e48ccb3a998b7bbdbf51c8dca", "line_no": 47, "priority": 2, "description": "Nm: Method names should start with a lower case letter", "line_content": "    public void OverInitialRadioStation() {\n"}, {"type": "NM_METHOD_NAMING_CONVENTION", "file_name": "src/test/java/ru/netology/domain/RadioTest.java", "commit_sha": "5ed531a5fa2ed22e48ccb3a998b7bbdbf51c8dca", "line_no": 53, "priority": 2, "description": "Nm: Method names should start with a lower case letter", "line_content": "    public void UnderInitialRadioStation() {\n"}]}