{"repo": "Heppcat-Programming/BowTP", "id": "1", "total": 2, "items": [{"type": "NM_METHOD_NAMING_CONVENTION", "file_name": "src/main/java/com/heppcat/BowTP.java", "commit_sha": "ff70a66a514cd7f927510f0186b8430f65b10e04", "line_no": 10, "priority": 5, "description": "Nm: Method names should start with a lower case letter", "line_content": "        TPBowItem.Init();\r\n"}, {"type": "NM_METHOD_NAMING_CONVENTION", "file_name": "src/main/java/com/heppcat/items/TPBowItem.java", "commit_sha": "ff70a66a514cd7f927510f0186b8430f65b10e04", "line_no": 17, "priority": 2, "description": "Nm: Method names should start with a lower case letter", "line_content": "    public static void Init(){\n"}]}