{"repo": "Shivamsharma21/BasicPractice", "id": "1", "total": 2, "items": [{"type": "NM_METHOD_NAMING_CONVENTION", "file_name": "Java_Programs/src/main/java/com/example/java_programs/Matrix.java", "commit_sha": "0f89a2d67499253deef6229f161935c7b5f4888e", "line_no": 12, "priority": 5, "description": "Nm: Method names should start with a lower case letter", "line_content": "        matrixChecker.Checker();\n"}, {"type": "NM_METHOD_NAMING_CONVENTION", "file_name": "Java_Programs/src/main/java/com/example/java_programs/Matrix.java", "commit_sha": "0f89a2d67499253deef6229f161935c7b5f4888e", "line_no": 50, "priority": 2, "description": "Nm: Method names should start with a lower case letter", "line_content": "    public void Checker(){\n"}]}