{"repo": "Amit1199/Project", "id": "1", "total": 3, "items": [{"type": "NM_METHOD_NAMING_CONVENTION", "file_name": "covax/src/main/java/in/edac/controller/HospitalDao.java", "commit_sha": "b8ef848a65e0ddcc40a899dad88368df2e9865fd", "line_no": 34, "priority": 2, "description": "Nm: Method names should start with a lower case letter", "line_content": "\tpublic ModelAndView Admin() {\n"}, {"type": "NM_METHOD_NAMING_CONVENTION", "file_name": "covax/src/main/java/in/edac/controller/HospitalDao.java", "commit_sha": "b8ef848a65e0ddcc40a899dad88368df2e9865fd", "line_no": 61, "priority": 2, "description": "Nm: Method names should start with a lower case letter", "line_content": "\tpublic ModelAndView AuthenticateHospital(String hspUsername, String hspPassword) {\n"}, {"type": "NM_METHOD_NAMING_CONVENTION", "file_name": "covax/src/main/java/in/edac/controller/PatientRegisterAction.java", "commit_sha": "b8ef848a65e0ddcc40a899dad88368df2e9865fd", "line_no": 60, "priority": 2, "description": "Nm: Method names should start with a lower case letter", "line_content": "\tpublic ModelAndView Authenticatepatient(String username, String password) {\n"}]}