{"repo": "opennms-forge/catheter", "id": "1", "total": 2, "items": [{"type": "DMI_RANDOM_USED_ONLY_ONCE", "file_name": "src/main/java/org/opennms/nephron/catheter/Simulation.java", "commit_sha": "02e448f6565b6ce21a39dd7f6e410f823044335d", "line_no": 200, "priority": 1, "description": "Random object created and used only once", "line_content": "        public long seed = new Random().nextLong();\n"}, {"type": "DMI_RANDOM_USED_ONLY_ONCE", "file_name": "src/test/java/org/opennms/nephron/catheter/CatheterIT.java", "commit_sha": "02e448f6565b6ce21a39dd7f6e410f823044335d", "line_no": 229, "priority": 1, "description": "Random object created and used only once", "line_content": "        long seed = new Random().nextLong();\n"}]}