{"repo": "lr131/java-level-2", "id": "6", "total": 4, "items": [{"type": "UI_INHERITANCE_UNSAFE_GETRESOURCE", "file_name": "client/src/main/java/ChatApp.java", "commit_sha": "2bee36e4615a95796c2ad6d55afb6d6c05bdb7d3", "line_no": 16, "priority": 3, "description": "Usage of GetResource may be unsafe if class is extended", "line_content": "        Parent login = FXMLLoader.load(getClass().getResource(\"login.fxml\"));\n"}, {"type": "UI_INHERITANCE_UNSAFE_GETRESOURCE", "file_name": "client/src/main/java/ChatApp.java", "commit_sha": "2bee36e4615a95796c2ad6d55afb6d6c05bdb7d3", "line_no": 17, "priority": 3, "description": "Usage of GetResource may be unsafe if class is extended", "line_content": "        Parent chat = FXMLLoader.load(getClass().getResource(\"chat.fxml\"));\n"}, {"type": "SA_SELF_COMPARISON", "file_name": "client/src/main/java/User.java", "commit_sha": "2bee36e4615a95796c2ad6d55afb6d6c05bdb7d3", "line_no": 22, "priority": 2, "description": "Self comparison of value or field with itself", "line_content": "        return this.login.equals(o.login)\n                && this.pass.equals(this.pass);\n"}, {"type": "SA_SELF_COMPARISON", "file_name": "server/src/main/java/User.java", "commit_sha": "2bee36e4615a95796c2ad6d55afb6d6c05bdb7d3", "line_no": 22, "priority": 2, "description": "Self comparison of value or field with itself", "line_content": "        return this.login.equals(o.login)\n                && this.pass.equals(this.pass);\n"}]}