{"repo": "highlandervova/demo", "id": "4", "total": 2, "items": [{"type": "DMI_RANDOM_USED_ONLY_ONCE", "file_name": "src/main/java/service/OptionService.java", "commit_sha": "2d02171dda261808195458681d3d7d8665b45532", "line_no": 43, "priority": 1, "description": "Random object created and used only once", "line_content": "        CarOption co = new CarOption(new Random().nextInt(), id, CarId);\n"}, {"type": "DMI_RANDOM_USED_ONLY_ONCE", "file_name": "src/main/java/service/UserService.java", "commit_sha": "2d02171dda261808195458681d3d7d8665b45532", "line_no": 22, "priority": 1, "description": "Random object created and used only once", "line_content": "       User u = new User(new Random().nextInt(), login, pass, 0, \"No\");\n"}]}