{"repo": "Siddhant-K-code/ds-algo-solutions", "id": "1", "total": 3, "items": [{"type": "NM_CLASS_NAMING_CONVENTION", "file_name": "Algorithms/Bit Manipulation/And Product/solution.java", "commit_sha": "9209412314e9807202afda8a74e34c0f2ef75396", "line_no": 9, "priority": 2, "description": "Nm: Class names should start with an upper case letter", "line_content": "public class solution {\n"}, {"type": "NM_CLASS_NAMING_CONVENTION", "file_name": "Algorithms/Dynamic Programming/Fibonacci Modified/solution.java", "commit_sha": "9209412314e9807202afda8a74e34c0f2ef75396", "line_no": 9, "priority": 2, "description": "Nm: Class names should start with an upper case letter", "line_content": "public class solution {\n"}, {"type": "NM_CLASS_NAMING_CONVENTION", "file_name": "Algorithms/Dynamic Programming/Knapsack/solution.java", "commit_sha": "9209412314e9807202afda8a74e34c0f2ef75396", "line_no": 9, "priority": 2, "description": "Nm: Class names should start with an upper case letter", "line_content": "public class solution {\n"}]}