{"repo": "apache/netbeans", "id": "2804", "total": 8, "items": [{"type": "NM_METHOD_NAMING_CONVENTION", "file_name": "java/java.hints/src/org/netbeans/modules/java/hints/jdk/ConvertToPatternInstanceOf.java", "commit_sha": "5631bf2c0a2c0930cf76e86dbb8566d937b11227", "line_no": 148, "priority": 5, "description": "Nm: Method names should start with a lower case letter", "line_content": "            InstanceOfTree cond = wc.getTreeMaker().InstanceOf(iot.getExpression(), TreeShims.isJDKVersionSupportEnablePreview() ? \n                     wc.getTreeMaker().BindingPattern(varName, iot.getType()) : wc.getTreeMaker().BindingPattern(vt));\n"}, {"type": "NM_METHOD_NAMING_CONVENTION", "file_name": "java/java.hints/src/org/netbeans/modules/java/hints/jdk/ConvertToPatternInstanceOf.java", "commit_sha": "5631bf2c0a2c0930cf76e86dbb8566d937b11227", "line_no": 151, "priority": 5, "description": "Nm: Method names should start with a lower case letter", "line_content": "            wc.rewrite(it, wc.getTreeMaker().If(wc.getTreeMaker().Parenthesized(cond), thenBlock, it.getElseStatement()));\n"}, {"type": "NM_METHOD_NAMING_CONVENTION", "file_name": "java/java.source.base/src/org/netbeans/api/java/source/TreeMaker.java", "commit_sha": "5631bf2c0a2c0930cf76e86dbb8566d937b11227", "line_no": 1225, "priority": 5, "description": "Nm: Method names should start with a lower case letter", "line_content": "        return delegate.BindingPattern(name, type);\n"}, {"type": "NM_METHOD_NAMING_CONVENTION", "file_name": "java/java.source.base/src/org/netbeans/api/java/source/TreeMaker.java", "commit_sha": "5631bf2c0a2c0930cf76e86dbb8566d937b11227", "line_no": 1228, "priority": 2, "description": "Nm: Method names should start with a lower case letter", "line_content": "    public Tree BindingPattern(VariableTree vt) {\n"}, {"type": "NM_METHOD_NAMING_CONVENTION", "file_name": "java/java.source.base/src/org/netbeans/api/java/source/TreeMaker.java", "commit_sha": "5631bf2c0a2c0930cf76e86dbb8566d937b11227", "line_no": 1229, "priority": 5, "description": "Nm: Method names should start with a lower case letter", "line_content": "        return delegate.BindingPattern(vt);\n"}, {"type": "NM_METHOD_NAMING_CONVENTION", "file_name": "java/java.source.base/src/org/netbeans/modules/java/source/builder/TreeFactory.java", "commit_sha": "5631bf2c0a2c0930cf76e86dbb8566d937b11227", "line_no": 925, "priority": 2, "description": "Nm: Method names should start with a lower case letter", "line_content": "    public Tree BindingPattern(VariableTree vt) {\n"}, {"type": "NM_METHOD_NAMING_CONVENTION", "file_name": "java/java.source.base/src/org/netbeans/modules/java/source/builder/TreeFactory.java", "commit_sha": "5631bf2c0a2c0930cf76e86dbb8566d937b11227", "line_no": 933, "priority": 2, "description": "Nm: Method names should start with a lower case letter", "line_content": "    public VariableTree Variable(VariableElement variable, ExpressionTree initializer) {\n"}, {"type": "NM_METHOD_NAMING_CONVENTION", "file_name": "java/java.source.base/src/org/netbeans/modules/java/source/builder/TreeFactory.java", "commit_sha": "5631bf2c0a2c0930cf76e86dbb8566d937b11227", "line_no": 934, "priority": 5, "description": "Nm: Method names should start with a lower case letter", "line_content": "        return make.at(NOPOS).VarDef((Symbol.VarSymbol)variable, (JCExpression)initializer);"}]}