{"repo": "apodolyako/java4android", "id": "6", "total": 2, "items": [{"type": "NM_METHOD_NAMING_CONVENTION", "file_name": "lesson001/src/main/java/lesson5/Main.java", "commit_sha": "53b79012d6d0dbf841f4701e4e9f503c330e355b", "line_no": 28, "priority": 5, "description": "Nm: Method names should start with a lower case letter", "line_content": "                persArr[i].PersonalInfo();\n"}, {"type": "NM_METHOD_NAMING_CONVENTION", "file_name": "lesson001/src/main/java/lesson5/Personal.java", "commit_sha": "53b79012d6d0dbf841f4701e4e9f503c330e355b", "line_no": 30, "priority": 2, "description": "Nm: Method names should start with a lower case letter", "line_content": "    public void PersonalInfo(){\n"}]}