{"repo": "apache/kafka", "id": "10254", "total": 14, "items": [{"type": "NM_METHOD_NAMING_CONVENTION", "file_name": "core/src/test/java/kafka/testkit/KafkaClusterTestKit.java", "commit_sha": "ecc84e8015cf079ef14daf0deaff0a688fde4e0a", "line_no": 149, "priority": 5, "description": "Nm: Method names should start with a lower case letter", "line_content": "                    props.put(KafkaConfig$.MODULE$.ProcessRolesProp(), \"controller\");\n"}, {"type": "NM_METHOD_NAMING_CONVENTION", "file_name": "core/src/test/java/kafka/testkit/KafkaClusterTestKit.java", "commit_sha": "ecc84e8015cf079ef14daf0deaff0a688fde4e0a", "line_no": 150, "priority": 5, "description": "Nm: Method names should start with a lower case letter", "line_content": "                    props.put(KafkaConfig$.MODULE$.NodeIdProp(),\n                        Integer.toString(node.id()));\n"}, {"type": "NM_METHOD_NAMING_CONVENTION", "file_name": "core/src/test/java/kafka/testkit/KafkaClusterTestKit.java", "commit_sha": "ecc84e8015cf079ef14daf0deaff0a688fde4e0a", "line_no": 152, "priority": 5, "description": "Nm: Method names should start with a lower case letter", "line_content": "                    props.put(KafkaConfig$.MODULE$.MetadataLogDirProp(),\n                        node.metadataDirectory());\n"}, {"type": "NM_METHOD_NAMING_CONVENTION", "file_name": "core/src/test/java/kafka/testkit/KafkaClusterTestKit.java", "commit_sha": "ecc84e8015cf079ef14daf0deaff0a688fde4e0a", "line_no": 154, "priority": 5, "description": "Nm: Method names should start with a lower case letter", "line_content": "                    props.put(KafkaConfig$.MODULE$.ListenerSecurityProtocolMapProp(),\n                        \"CONTROLLER:PLAINTEXT\");\n"}, {"type": "NM_METHOD_NAMING_CONVENTION", "file_name": "core/src/test/java/kafka/testkit/KafkaClusterTestKit.java", "commit_sha": "ecc84e8015cf079ef14daf0deaff0a688fde4e0a", "line_no": 156, "priority": 5, "description": "Nm: Method names should start with a lower case letter", "line_content": "                    props.put(KafkaConfig$.MODULE$.ListenersProp(),\n                        \"CONTROLLER://localhost:0\");\n"}, {"type": "NM_METHOD_NAMING_CONVENTION", "file_name": "core/src/test/java/kafka/testkit/KafkaClusterTestKit.java", "commit_sha": "ecc84e8015cf079ef14daf0deaff0a688fde4e0a", "line_no": 158, "priority": 5, "description": "Nm: Method names should start with a lower case letter", "line_content": "                    props.put(KafkaConfig$.MODULE$.ControllerListenerNamesProp(),\n                        \"CONTROLLER\");\n"}, {"type": "NM_METHOD_NAMING_CONVENTION", "file_name": "core/src/test/java/kafka/testkit/KafkaClusterTestKit.java", "commit_sha": "ecc84e8015cf079ef14daf0deaff0a688fde4e0a", "line_no": 196, "priority": 5, "description": "Nm: Method names should start with a lower case letter", "line_content": "                    props.put(KafkaConfig$.MODULE$.ProcessRolesProp(), \"broker\");\n"}, {"type": "NM_METHOD_NAMING_CONVENTION", "file_name": "core/src/test/java/kafka/testkit/KafkaClusterTestKit.java", "commit_sha": "ecc84e8015cf079ef14daf0deaff0a688fde4e0a", "line_no": 197, "priority": 5, "description": "Nm: Method names should start with a lower case letter", "line_content": "                    props.put(KafkaConfig$.MODULE$.BrokerIdProp(),\n                        Integer.toString(node.id()));\n"}, {"type": "NM_METHOD_NAMING_CONVENTION", "file_name": "core/src/test/java/kafka/testkit/KafkaClusterTestKit.java", "commit_sha": "ecc84e8015cf079ef14daf0deaff0a688fde4e0a", "line_no": 199, "priority": 5, "description": "Nm: Method names should start with a lower case letter", "line_content": "                    props.put(KafkaConfig$.MODULE$.MetadataLogDirProp(),\n                        node.metadataDirectory());\n"}, {"type": "NM_METHOD_NAMING_CONVENTION", "file_name": "core/src/test/java/kafka/testkit/KafkaClusterTestKit.java", "commit_sha": "ecc84e8015cf079ef14daf0deaff0a688fde4e0a", "line_no": 201, "priority": 5, "description": "Nm: Method names should start with a lower case letter", "line_content": "                    props.put(KafkaConfig$.MODULE$.LogDirsProp(),\n                        String.join(\",\", node.logDataDirectories()));\n"}, {"type": "NM_METHOD_NAMING_CONVENTION", "file_name": "core/src/test/java/kafka/testkit/KafkaClusterTestKit.java", "commit_sha": "ecc84e8015cf079ef14daf0deaff0a688fde4e0a", "line_no": 203, "priority": 5, "description": "Nm: Method names should start with a lower case letter", "line_content": "                    props.put(KafkaConfig$.MODULE$.ListenerSecurityProtocolMapProp(),\n                        \"EXTERNAL:PLAINTEXT,CONTROLLER:PLAINTEXT\");\n"}, {"type": "NM_METHOD_NAMING_CONVENTION", "file_name": "core/src/test/java/kafka/testkit/KafkaClusterTestKit.java", "commit_sha": "ecc84e8015cf079ef14daf0deaff0a688fde4e0a", "line_no": 205, "priority": 5, "description": "Nm: Method names should start with a lower case letter", "line_content": "                    props.put(KafkaConfig$.MODULE$.ListenersProp(),\n                        \"EXTERNAL://localhost:0\");\n"}, {"type": "NM_METHOD_NAMING_CONVENTION", "file_name": "core/src/test/java/kafka/testkit/KafkaClusterTestKit.java", "commit_sha": "ecc84e8015cf079ef14daf0deaff0a688fde4e0a", "line_no": 207, "priority": 5, "description": "Nm: Method names should start with a lower case letter", "line_content": "                    props.put(KafkaConfig$.MODULE$.InterBrokerListenerNameProp(),\n                        nodes.interBrokerListenerName().value());\n"}, {"type": "NM_METHOD_NAMING_CONVENTION", "file_name": "core/src/test/java/kafka/testkit/KafkaClusterTestKit.java", "commit_sha": "ecc84e8015cf079ef14daf0deaff0a688fde4e0a", "line_no": 209, "priority": 5, "description": "Nm: Method names should start with a lower case letter", "line_content": "                    props.put(KafkaConfig$.MODULE$.ControllerListenerNamesProp(),\n                        \"CONTROLLER\");\n"}]}