{"repo": "Preeti8600/githubdemo", "id": "2", "total": 4, "items": [{"type": "DM_RUN_FINALIZERS_ON_EXIT", "file_name": "ResourceLeak.java", "commit_sha": "7e2fe0f791067cd02b11c32d7c507455304b6f07", "line_no": 25, "priority": 2, "description": "Method invokes dangerous method runFinalizersOnExit", "line_content": "\t     System.runFinalizersOnExit(true);\n"}, {"type": "SA_SELF_ASSIGNMENT", "file_name": "ResourceLeak.java", "commit_sha": "7e2fe0f791067cd02b11c32d7c507455304b6f07", "line_no": 53, "priority": 1, "description": "SA: Self assignment of field or variable", "line_content": "\t\tString surName = surName;\n"}, {"type": "SA_SELF_ASSIGNMENT", "file_name": "ResourceLeak.java", "commit_sha": "7e2fe0f791067cd02b11c32d7c507455304b6f07", "line_no": 54, "priority": 1, "description": "SA: Self assignment of field or variable", "line_content": "\t\tname = name;\n"}, {"type": "SA_SELF_ASSIGNMENT", "file_name": "ResourceLeak.java", "commit_sha": "7e2fe0f791067cd02b11c32d7c507455304b6f07", "line_no": 57, "priority": 1, "description": "SA: Self assignment of field or variable", "line_content": "\t\tpreeti = preeti;\n"}]}