{"repo": "shishkovilja/ignite", "id": "6", "total": 2, "items": [{"type": "DMI_RANDOM_USED_ONLY_ONCE", "file_name": "modules/compatibility/src/test/java/org/apache/ignite/compatibility/persistence/InlineIndexCompatibilityTest.java", "commit_sha": "ba619e0659cf590966d3259e5bb1a778e9edefb4", "line_no": 194, "priority": 1, "description": "Random object created and used only once", "line_content": "        int val = new Random().nextInt(ROWS_CNT);\n"}, {"type": "DMI_RANDOM_USED_ONLY_ONCE", "file_name": "modules/compatibility/src/test/java/org/apache/ignite/compatibility/persistence/InlineIndexCompatibilityTest.java", "commit_sha": "ba619e0659cf590966d3259e5bb1a778e9edefb4", "line_no": 217, "priority": 1, "description": "Random object created and used only once", "line_content": "        int pivot = new Random().nextInt(ROWS_CNT);\n"}]}