{"repo": "akb364/CS465", "id": "6", "total": 2, "items": [{"type": "SA_SELF_ASSIGNMENT", "file_name": "JoinedMessage.java", "commit_sha": "1d5c82dde96ae25a5d9b35338f2d24dea00696b4", "line_no": 11, "priority": 1, "description": "SA: Self assignment of field or variable", "line_content": "        newNode = newNode;\n"}, {"type": "QBA_QUESTIONABLE_BOOLEAN_ASSIGNMENT", "file_name": "Sender.java", "commit_sha": "1d5c82dde96ae25a5d9b35338f2d24dea00696b4", "line_no": 150, "priority": 1, "description": "Method assigns boolean literal in boolean expression", "line_content": "                if(hasJoined = false)\n                {\n"}]}