{"repo": "gruppe17/roborally", "id": "15", "total": 3, "items": [{"type": "BC_IMPOSSIBLE_DOWNCAST_OF_TOARRAY", "file_name": "src/main/java/dk/dtu/compute/se/pisd/roborally/model/board/Space.java", "commit_sha": "4209dbc039173159b9ed829db2ca0982ccdc5ef8", "line_no": 102, "priority": 1, "description": "BC: Impossible downcast of toArray() result", "line_content": "        return (BoardElement[]) elements.toArray();\n"}, {"type": "BC_IMPOSSIBLE_DOWNCAST_OF_TOARRAY", "file_name": "src/main/java/dk/dtu/compute/se/pisd/roborally/model/board/Space.java", "commit_sha": "4209dbc039173159b9ed829db2ca0982ccdc5ef8", "line_no": 139, "priority": 1, "description": "BC: Impossible downcast of toArray() result", "line_content": "        return (ActivationElement[]) activationElements.toArray();\n"}, {"type": "NM_CLASS_NAMING_CONVENTION", "file_name": "src/main/java/dk/dtu/compute/se/pisd/roborally/model/board/boardElement/wall.java", "commit_sha": "4209dbc039173159b9ed829db2ca0982ccdc5ef8", "line_no": 6, "priority": 2, "description": "Nm: Class names should start with an upper case letter", "line_content": "public class wall extends BoardElement{\n"}]}