{"repo": "mak-works/pav-traning", "id": "6", "total": 5, "items": [{"type": "NM_METHOD_NAMING_CONVENTION", "file_name": "app/src/main/java/com/learning/androidlearning/movemarker/NotificationActivity.java", "commit_sha": "006996b37ab3eea332b98ab3e2f46a74dcd9b895", "line_no": 87, "priority": 5, "description": "Nm: Method names should start with a lower case letter", "line_content": "            GenerateUpdteNotification(minValOne,minValTen,secValOne,secValTen);\n"}, {"type": "NM_METHOD_NAMING_CONVENTION", "file_name": "app/src/main/java/com/learning/androidlearning/movemarker/NotificationActivity.java", "commit_sha": "006996b37ab3eea332b98ab3e2f46a74dcd9b895", "line_no": 96, "priority": 3, "description": "Nm: Method names should start with a lower case letter", "line_content": "    private void GenerateUpdteNotification(String minValOne,String minValTen,String secValOne,String secValTen) {\n"}, {"type": "NM_METHOD_NAMING_CONVENTION", "file_name": "app/src/main/java/com/learning/androidlearning/movemarker/roomdb/DriverDataBase.java", "commit_sha": "006996b37ab3eea332b98ab3e2f46a74dcd9b895", "line_no": 9, "priority": 5, "description": "Nm: Method names should start with a lower case letter", "line_content": "        public abstract DriverDetailsDao DriverDetailsDao();\n"}, {"type": "NM_METHOD_NAMING_CONVENTION", "file_name": "app/src/main/java/com/learning/androidlearning/movemarker/roomdb/ViewDetailsActivity.java", "commit_sha": "006996b37ab3eea332b98ab3e2f46a74dcd9b895", "line_no": 39, "priority": 5, "description": "Nm: Method names should start with a lower case letter", "line_content": "                List<DriverDetails> driverDetails= DatabaseClient.\n                        getInstance(getApplicationContext()).\n                        getDriverDataBase().\n                        DriverDetailsDao().\n                        getDriverDetails();\n"}, {"type": "STCAL_STATIC_SIMPLE_DATE_FORMAT_INSTANCE", "file_name": "app/src/main/java/com/learning/androidlearning/movemarker/roomdbnew/DateTypeConverter.java", "commit_sha": "006996b37ab3eea332b98ab3e2f46a74dcd9b895", "line_no": 22, "priority": 2, "description": "df is a static field of type java.text.DateFormat, which isn't thread safe", "line_content": "    static DateFormat df = new SimpleDateFormat(\"yyyy-MM-dd\", Locale.getDefault());\n"}]}