{"repo": "adobe/aem-core-wcm-components", "id": "1419", "total": 2, "items": [{"type": "NM_SAME_SIMPLE_NAME_AS_SUPERCLASS", "file_name": "bundles/core/src/main/java/com/adobe/cq/wcm/core/components/internal/models/v3/TitleImpl.java", "commit_sha": "01e5c8601ba140efffb21e4c31a6e1c2d5e07c89", "line_no": 35, "priority": 1, "description": "Class names shouldn\u2019t shadow simple name of superclass", "line_content": "@Model(adaptables = SlingHttpServletRequest.class,\n        adapters = {Title.class, ComponentExporter.class},\n        resourceType = TitleImpl.RESOURCE_TYPE)\n@Exporter(name = ExporterConstants.SLING_MODEL_EXPORTER_NAME,\n        extensions = ExporterConstants.SLING_MODEL_EXTENSION)\npublic class TitleImpl extends com.adobe.cq.wcm.core.components.internal.models.v1.TitleImpl implements Title {\n"}, {"type": "NM_SAME_SIMPLE_NAME_AS_SUPERCLASS", "file_name": "bundles/core/src/test/java/com/adobe/cq/wcm/core/components/internal/models/v3/TitleImplTest.java", "commit_sha": "01e5c8601ba140efffb21e4c31a6e1c2d5e07c89", "line_no": 31, "priority": 1, "description": "Class names shouldn\u2019t shadow simple name of superclass", "line_content": "public class TitleImplTest extends com.adobe.cq.wcm.core.components.internal.models.v1.TitleImplTest {\n"}]}