{"repo": "ThisIsSoNotMe/GaltonBoards", "id": "24", "total": 1, "items": [{"type": "NM_METHOD_NAMING_CONVENTION", "file_name": "src/uk/ac/cam/cl/groupprojectdelta/galtonboards/graphics/UserInterface.java", "commit_sha": "8005ad6b3ba3e9b0fb62c0ad427acfde616d5f3a", "line_no": 177, "priority": 5, "description": "Nm: Method names should start with a lower case letter", "line_content": "    rightPanel.add(makeButton(24, 52, windowBoards.getHeight() - 64, 0xF44A,\n            (MouseClickEventListener) event -> windowBoards.getCamera().Reset()));\n"}]}