{"repo": "super30admin/Trees-2", "id": "400", "total": 2, "items": [{"type": "NM_CLASS_NAMING_CONVENTION", "file_name": "constructBinaryTree.java", "commit_sha": "d1bdb672787014297c48e07bff9baabb10d9abb2", "line_no": 4, "priority": 2, "description": "Nm: Class names should start with an upper case letter", "line_content": "public class constructBinaryTree {\n"}, {"type": "NM_CLASS_NAMING_CONVENTION", "file_name": "sumRootToLeafNumbers.java", "commit_sha": "d1bdb672787014297c48e07bff9baabb10d9abb2", "line_no": 4, "priority": 2, "description": "Nm: Class names should start with an upper case letter", "line_content": "public class sumRootToLeafNumbers {\n"}]}