{"repo": "SergTaranenko/CalculatorSerg", "id": "3", "total": 17, "items": [{"type": "ES_COMPARING_STRINGS_WITH_EQ", "file_name": "app/src/main/java/com/example/calculaterserg/MainActivity.java", "commit_sha": "00856f354f4c3cb8f464318a64cc66ebe36da1b6", "line_no": 85, "priority": 2, "description": "Suspicious reference comparison of String objects", "line_content": "                if(lastOperPressed == \"add\" || lastOperPressed == \"subtract\" || lastOperPressed == \"multiply\" || lastOperPressed == \"divide\"){\n"}, {"type": "ES_COMPARING_STRINGS_WITH_EQ", "file_name": "app/src/main/java/com/example/calculaterserg/MainActivity.java", "commit_sha": "00856f354f4c3cb8f464318a64cc66ebe36da1b6", "line_no": 90, "priority": 2, "description": "Suspicious reference comparison of String objects", "line_content": "                if(lastOperPressed == \"Equals\"){\n"}, {"type": "ES_COMPARING_STRINGS_WITH_EQ", "file_name": "app/src/main/java/com/example/calculaterserg/MainActivity.java", "commit_sha": "00856f354f4c3cb8f464318a64cc66ebe36da1b6", "line_no": 103, "priority": 2, "description": "Suspicious reference comparison of String objects", "line_content": "                if(lastOperPressed == \"divide\" & strToInt == 0){\n"}, {"type": "ES_COMPARING_STRINGS_WITH_EQ", "file_name": "app/src/main/java/com/example/calculaterserg/MainActivity.java", "commit_sha": "00856f354f4c3cb8f464318a64cc66ebe36da1b6", "line_no": 116, "priority": 2, "description": "Suspicious reference comparison of String objects", "line_content": " No newline at end of file\n                if(lastOperPressed == \"add\"){\n"}, {"type": "ES_COMPARING_STRINGS_WITH_EQ", "file_name": "app/src/main/java/com/example/calculaterserg/MainActivity.java", "commit_sha": "00856f354f4c3cb8f464318a64cc66ebe36da1b6", "line_no": 120, "priority": 2, "description": "Suspicious reference comparison of String objects", "line_content": " No newline at end of file\n                else if(lastOperPressed == \"subtract\"){\n"}, {"type": "ES_COMPARING_STRINGS_WITH_EQ", "file_name": "app/src/main/java/com/example/calculaterserg/MainActivity.java", "commit_sha": "00856f354f4c3cb8f464318a64cc66ebe36da1b6", "line_no": 124, "priority": 2, "description": "Suspicious reference comparison of String objects", "line_content": " No newline at end of file\n                else if(lastOperPressed == \"multiply\"){\n"}, {"type": "ES_COMPARING_STRINGS_WITH_EQ", "file_name": "app/src/main/java/com/example/calculaterserg/MainActivity.java", "commit_sha": "00856f354f4c3cb8f464318a64cc66ebe36da1b6", "line_no": 128, "priority": 2, "description": "Suspicious reference comparison of String objects", "line_content": " No newline at end of file\n                else if(lastOperPressed == \"divide\"){\n"}, {"type": "ES_COMPARING_STRINGS_WITH_EQ", "file_name": "app/src/main/java/com/example/calculaterserg/MainActivity.java", "commit_sha": "00856f354f4c3cb8f464318a64cc66ebe36da1b6", "line_no": 132, "priority": 2, "description": "Suspicious reference comparison of String objects", "line_content": " No newline at end of file\n                else if(lastOperPressed == \"None\" || lastOperPressed == \"Equals\"){\n"}, {"type": "ES_COMPARING_STRINGS_WITH_EQ", "file_name": "app/src/main/java/com/example/calculaterserg/MainActivity.java", "commit_sha": "00856f354f4c3cb8f464318a64cc66ebe36da1b6", "line_no": 135, "priority": 2, "description": "Suspicious reference comparison of String objects", "line_content": " No newline at end of file\n                if(opName == \"addition\"){\n"}, {"type": "ES_COMPARING_STRINGS_WITH_EQ", "file_name": "app/src/main/java/com/example/calculaterserg/MainActivity.java", "commit_sha": "00856f354f4c3cb8f464318a64cc66ebe36da1b6", "line_no": 138, "priority": 2, "description": "Suspicious reference comparison of String objects", "line_content": " No newline at end of file\n                else if(opName == \"subtraction\"){\n"}, {"type": "ES_COMPARING_STRINGS_WITH_EQ", "file_name": "app/src/main/java/com/example/calculaterserg/MainActivity.java", "commit_sha": "00856f354f4c3cb8f464318a64cc66ebe36da1b6", "line_no": 141, "priority": 2, "description": "Suspicious reference comparison of String objects", "line_content": " No newline at end of file\n                else if(opName == \"multiplication\"){\n"}, {"type": "ES_COMPARING_STRINGS_WITH_EQ", "file_name": "app/src/main/java/com/example/calculaterserg/MainActivity.java", "commit_sha": "00856f354f4c3cb8f464318a64cc66ebe36da1b6", "line_no": 144, "priority": 2, "description": "Suspicious reference comparison of String objects", "line_content": " No newline at end of file\n                else if(opName == \"division\"){\n"}, {"type": "ES_COMPARING_STRINGS_WITH_EQ", "file_name": "app/src/main/java/com/example/calculaterserg/MainActivity.java", "commit_sha": "00856f354f4c3cb8f464318a64cc66ebe36da1b6", "line_no": 147, "priority": 2, "description": "Suspicious reference comparison of String objects", "line_content": " No newline at end of file\n                    else if(opName == \"erase\"){\n"}, {"type": "ES_COMPARING_STRINGS_WITH_EQ", "file_name": "app/src/main/java/com/example/calculaterserg/MainActivity.java", "commit_sha": "00856f354f4c3cb8f464318a64cc66ebe36da1b6", "line_no": 156, "priority": 2, "description": "Suspicious reference comparison of String objects", "line_content": " No newline at end of file\n                if(lastOperPressed == \"add\"){\n"}, {"type": "ES_COMPARING_STRINGS_WITH_EQ", "file_name": "app/src/main/java/com/example/calculaterserg/MainActivity.java", "commit_sha": "00856f354f4c3cb8f464318a64cc66ebe36da1b6", "line_no": 159, "priority": 2, "description": "Suspicious reference comparison of String objects", "line_content": " No newline at end of file\n                else if(lastOperPressed == \"subtract\"){\n"}, {"type": "ES_COMPARING_STRINGS_WITH_EQ", "file_name": "app/src/main/java/com/example/calculaterserg/MainActivity.java", "commit_sha": "00856f354f4c3cb8f464318a64cc66ebe36da1b6", "line_no": 162, "priority": 2, "description": "Suspicious reference comparison of String objects", "line_content": " No newline at end of file\n                else if(lastOperPressed == \"multiply\"){\n"}, {"type": "ES_COMPARING_STRINGS_WITH_EQ", "file_name": "app/src/main/java/com/example/calculaterserg/MainActivity.java", "commit_sha": "00856f354f4c3cb8f464318a64cc66ebe36da1b6", "line_no": 165, "priority": 2, "description": "Suspicious reference comparison of String objects", "line_content": " No newline at end of file\n                else if(lastOperPressed == \"divide\"){\n"}]}