{"repo": "Zipcoder/Maven.Casino", "id": "25", "total": 5, "items": [{"type": "NM_METHOD_NAMING_CONVENTION", "file_name": "src/test/java/io/zipcoder/casino/PlayerTest.java", "commit_sha": "e3f50ceb71da4536ee64687c080f4516ddfc57f7", "line_no": 11, "priority": 2, "description": "Nm: Method names should start with a lower case letter", "line_content": "    public void PlayerConstructorTest() {\n"}, {"type": "NM_METHOD_NAMING_CONVENTION", "file_name": "src/test/java/io/zipcoder/casino/PlayerTest.java", "commit_sha": "e3f50ceb71da4536ee64687c080f4516ddfc57f7", "line_no": 24, "priority": 2, "description": "Nm: Method names should start with a lower case letter", "line_content": "    public void PlayerGetAccountBalanceTest() {\n"}, {"type": "NM_METHOD_NAMING_CONVENTION", "file_name": "src/test/java/io/zipcoder/casino/PlayerTest.java", "commit_sha": "e3f50ceb71da4536ee64687c080f4516ddfc57f7", "line_no": 36, "priority": 2, "description": "Nm: Method names should start with a lower case letter", "line_content": "    public void PlayerSetAccountBalanceTest() {\n"}, {"type": "NM_METHOD_NAMING_CONVENTION", "file_name": "src/test/java/io/zipcoder/casino/PlayerTest.java", "commit_sha": "e3f50ceb71da4536ee64687c080f4516ddfc57f7", "line_no": 48, "priority": 2, "description": "Nm: Method names should start with a lower case letter", "line_content": "    public void PlayerMakeBetTest() {\n"}, {"type": "NM_METHOD_NAMING_CONVENTION", "file_name": "src/test/java/io/zipcoder/casino/PlayerTest.java", "commit_sha": "e3f50ceb71da4536ee64687c080f4516ddfc57f7", "line_no": 61, "priority": 2, "description": "Nm: Method names should start with a lower case letter", "line_content": "    public void PlayerMakeBetTest2() {\n"}]}