{"repo": "gek-m/CalculatorJM", "id": "2", "total": 3, "items": [{"type": "NM_METHOD_NAMING_CONVENTION", "file_name": "app/src/main/java/com/example/calculatorjm/domain/CalcImplementation.java", "commit_sha": "8a5f2cf114eb2e8b8dc3720b93de1f7da7ca2db4", "line_no": 6, "priority": 2, "description": "Nm: Method names should start with a lower case letter", "line_content": "    public Double BinaryAction(Double firstArgument, Double secondArgument, CalcOperation calcOperation) {\n"}, {"type": "NM_METHOD_NAMING_CONVENTION", "file_name": "app/src/main/java/com/example/calculatorjm/domain/Calculator.java", "commit_sha": "8a5f2cf114eb2e8b8dc3720b93de1f7da7ca2db4", "line_no": 4, "priority": 3, "description": "Nm: Method names should start with a lower case letter", "line_content": "    Double BinaryAction(Double firstArgument, Double secondArgument, CalcOperation calcOperation);\n"}, {"type": "NM_METHOD_NAMING_CONVENTION", "file_name": "app/src/main/java/com/example/calculatorjm/ui/CalcPresenter.java", "commit_sha": "8a5f2cf114eb2e8b8dc3720b93de1f7da7ca2db4", "line_no": 141, "priority": 5, "description": "Nm: Method names should start with a lower case letter", "line_content": "        numbers.set(index, calculator.BinaryAction(numbers.get(index), numbers.get(index + 1), operations.get(index)));\n"}]}