{"repo": "apache/netbeans", "id": "2808", "total": 2, "items": [{"type": "NM_METHOD_NAMING_CONVENTION", "file_name": "java/java.source.base/test/unit/src/org/netbeans/api/java/source/gen/ImportAnalysis2Test.java", "commit_sha": "e8d85afc5db8793016bde8980be5eeaac9e8845d", "line_no": 938, "priority": 5, "description": "Nm: Method names should start with a lower case letter", "line_content": "                workingCopy.rewrite(imp.getQualifiedIdentifier(), make.MemberSelect(make.MemberSelect(make.Identifier(\"java\"), \"lang\"), \"CharSequence\"));\n"}, {"type": "NM_METHOD_NAMING_CONVENTION", "file_name": "java/java.source.base/test/unit/src/org/netbeans/api/java/source/gen/ImportAnalysis2Test.java", "commit_sha": "e8d85afc5db8793016bde8980be5eeaac9e8845d", "line_no": 940, "priority": 5, "description": "Nm: Method names should start with a lower case letter", "line_content": "                workingCopy.rewrite(clazz, make.addClassMember(clazz, make.Variable(make.Modifiers(EnumSet.noneOf(Modifier.class)), \"test\", make.QualIdent(\"java.util.List\"), null)));\n"}]}