{"repo": "ftsrg-retelab/base", "id": "71", "total": 2, "items": [{"type": "NM_METHOD_NAMING_CONVENTION", "file_name": "train-controller/src/test/java/hu/bme/mit/train/controller/TrainControllerImplTest.java", "commit_sha": "81f460bc1be5c66731d710b477ed5a3b7b26e7f0", "line_no": 9, "priority": 2, "description": "Nm: Method names should start with a lower case letter", "line_content": "    public void AddedTest() {\n"}, {"type": "NM_METHOD_NAMING_CONVENTION", "file_name": "train-sensor/src/test/java/hu/bme/mit/train/sensor/TrainSensorTest.java", "commit_sha": "81f460bc1be5c66731d710b477ed5a3b7b26e7f0", "line_no": 23, "priority": 2, "description": "Nm: Method names should start with a lower case letter", "line_content": "    public void ThisIsAnExampleTestStub() {\n"}]}