{"repo": "ateresit/geekbrains_java", "id": "20", "total": 4, "items": [{"type": "UI_INHERITANCE_UNSAFE_GETRESOURCE", "file_name": "level_03/hw_04chat/client/src/main/java/client/Controller.java", "commit_sha": "41300efdfecd18438e582be6b9ed4db74ba4ffc6", "line_no": 234, "priority": 3, "description": "Usage of GetResource may be unsafe if class is extended", "line_content": "            FXMLLoader fxmlLoader = new FXMLLoader(getClass().getResource(\"/reg.fxml\"));\n"}, {"type": "UI_INHERITANCE_UNSAFE_GETRESOURCE", "file_name": "level_03/hw_04chat/client/src/main/java/client/Main.java", "commit_sha": "41300efdfecd18438e582be6b9ed4db74ba4ffc6", "line_no": 13, "priority": 3, "description": "Usage of GetResource may be unsafe if class is extended", "line_content": "        Parent root = FXMLLoader.load(getClass().getResource(\"/sample.fxml\"));\n"}, {"type": "VA_FORMAT_STRING_USES_NEWLINE", "file_name": "level_03/hw_04chat/server/src/main/java/server/SQLHandler.java", "commit_sha": "41300efdfecd18438e582be6b9ed4db74ba4ffc6", "line_no": 110, "priority": 2, "description": "Format string should use %n rather than \\n", "line_content": "                    sb.append(String.format(\"[ %s ]: %s\\n\", sender, message));\n"}, {"type": "VA_FORMAT_STRING_USES_NEWLINE", "file_name": "level_03/hw_04chat/server/src/main/java/server/SQLHandler.java", "commit_sha": "41300efdfecd18438e582be6b9ed4db74ba4ffc6", "line_no": 112, "priority": 2, "description": "Format string should use %n rather than \\n", "line_content": "                    sb.append(String.format(\"[ %s ] to [ %s ]: %s\\n\", sender, receiver, message));\n"}]}