{"repo": "HugoPeters/N64LoaderWV-DinoPlanet", "id": "2", "total": 30, "items": [{"type": "NM_METHOD_NAMING_CONVENTION", "file_name": "src/main/java/n64loaderwv/DPDLL.java", "commit_sha": "ee78c3b7c1f837a7748b9713ef3911fe66bf2e62", "line_no": 73, "priority": 3, "description": "Nm: Method names should start with a lower case letter", "line_content": "\tprivate int GetHeaderInitFuncOffset()\n\t{\n"}, {"type": "NM_METHOD_NAMING_CONVENTION", "file_name": "src/main/java/n64loaderwv/DPDLL.java", "commit_sha": "ee78c3b7c1f837a7748b9713ef3911fe66bf2e62", "line_no": 78, "priority": 3, "description": "Nm: Method names should start with a lower case letter", "line_content": "\tprivate int GetHeaderFiniFuncOffset()\n\t{\n"}, {"type": "NM_METHOD_NAMING_CONVENTION", "file_name": "src/main/java/n64loaderwv/DPDLL.java", "commit_sha": "ee78c3b7c1f837a7748b9713ef3911fe66bf2e62", "line_no": 83, "priority": 3, "description": "Nm: Method names should start with a lower case letter", "line_content": "\tprivate int GetHeaderExportFuncOffset(int idx)\n\t{\n"}, {"type": "NM_METHOD_NAMING_CONVENTION", "file_name": "src/main/java/n64loaderwv/DPDLL.java", "commit_sha": "ee78c3b7c1f837a7748b9713ef3911fe66bf2e62", "line_no": 189, "priority": 5, "description": "Nm: Method names should start with a lower case letter", "line_content": "\t\t\tif (i == 0) exportOffset = GetHeaderInitFuncOffset();\n"}, {"type": "NM_METHOD_NAMING_CONVENTION", "file_name": "src/main/java/n64loaderwv/DPDLL.java", "commit_sha": "ee78c3b7c1f837a7748b9713ef3911fe66bf2e62", "line_no": 190, "priority": 5, "description": "Nm: Method names should start with a lower case letter", "line_content": "\t\t\telse if (i == 1) exportOffset = GetHeaderFiniFuncOffset();\n"}, {"type": "NM_METHOD_NAMING_CONVENTION", "file_name": "src/main/java/n64loaderwv/DPDLL.java", "commit_sha": "ee78c3b7c1f837a7748b9713ef3911fe66bf2e62", "line_no": 191, "priority": 5, "description": "Nm: Method names should start with a lower case letter", "line_content": "\t\t\telse exportOffset = GetHeaderExportFuncOffset(i - 2);\n"}, {"type": "NM_METHOD_NAMING_CONVENTION", "file_name": "src/main/java/n64loaderwv/DPDLL.java", "commit_sha": "ee78c3b7c1f837a7748b9713ef3911fe66bf2e62", "line_no": 198, "priority": 5, "description": "Nm: Method names should start with a lower case letter", "line_content": "\t\t\tUtils.MakeConstantPtr(program, writeAddr);\n"}, {"type": "NM_METHOD_NAMING_CONVENTION", "file_name": "src/main/java/n64loaderwv/DPDLL.java", "commit_sha": "ee78c3b7c1f837a7748b9713ef3911fe66bf2e62", "line_no": 243, "priority": 5, "description": "Nm: Method names should start with a lower case letter", "line_content": "\t\t\t\tUtils.MakeConstantPtr(program, targetAddr);\n"}, {"type": "NM_METHOD_NAMING_CONVENTION", "file_name": "src/main/java/n64loaderwv/DPDLL.java", "commit_sha": "ee78c3b7c1f837a7748b9713ef3911fe66bf2e62", "line_no": 288, "priority": 5, "description": "Nm: Method names should start with a lower case letter", "line_content": "\t\t\t\t\tUtils.MakeNormalPtr(program, targetAddr);\n"}, {"type": "NM_METHOD_NAMING_CONVENTION", "file_name": "src/main/java/n64loaderwv/DPDLLTab.java", "commit_sha": "ee78c3b7c1f837a7748b9713ef3911fe66bf2e62", "line_no": 41, "priority": 2, "description": "Nm: Method names should start with a lower case letter", "line_content": "\tpublic void Load(ByteArrayProvider s) throws IOException, InvalidInputException\n\t{\n"}, {"type": "NM_METHOD_NAMING_CONVENTION", "file_name": "src/main/java/n64loaderwv/DPDLLTab.java", "commit_sha": "ee78c3b7c1f837a7748b9713ef3911fe66bf2e62", "line_no": 72, "priority": 2, "description": "Nm: Method names should start with a lower case letter", "line_content": "\tpublic int GetDLLBssSizeFromIndex(int aIndex)\n\t{\n"}, {"type": "NM_METHOD_NAMING_CONVENTION", "file_name": "src/main/java/n64loaderwv/DPDLLTab.java", "commit_sha": "ee78c3b7c1f837a7748b9713ef3911fe66bf2e62", "line_no": 78, "priority": 2, "description": "Nm: Method names should start with a lower case letter", "line_content": "\tpublic int GetDLLBssSizeFromEncodedId(int aId)\n\t{\n"}, {"type": "NM_METHOD_NAMING_CONVENTION", "file_name": "src/main/java/n64loaderwv/DPDLLTab.java", "commit_sha": "ee78c3b7c1f837a7748b9713ef3911fe66bf2e62", "line_no": 80, "priority": 5, "description": "Nm: Method names should start with a lower case letter", "line_content": "\t\tint index = DecodeDLLId(aId);\n"}, {"type": "NM_METHOD_NAMING_CONVENTION", "file_name": "src/main/java/n64loaderwv/DPDLLTab.java", "commit_sha": "ee78c3b7c1f837a7748b9713ef3911fe66bf2e62", "line_no": 81, "priority": 5, "description": "Nm: Method names should start with a lower case letter", "line_content": "\t\treturn GetDLLBssSizeFromIndex(index - 1);\n"}, {"type": "NM_METHOD_NAMING_CONVENTION", "file_name": "src/main/java/n64loaderwv/DPDLLTab.java", "commit_sha": "ee78c3b7c1f837a7748b9713ef3911fe66bf2e62", "line_no": 84, "priority": 2, "description": "Nm: Method names should start with a lower case letter", "line_content": "\tpublic int GetDLLRomOffsetFromIndex(int aIndex)\n\t{\n"}, {"type": "NM_METHOD_NAMING_CONVENTION", "file_name": "src/main/java/n64loaderwv/DPFST.java", "commit_sha": "ee78c3b7c1f837a7748b9713ef3911fe66bf2e62", "line_no": 15, "priority": 2, "description": "Nm: Method names should start with a lower case letter", "line_content": "\tpublic static void Load(ByteArrayProvider s, int offset_FST) throws IOException, InvalidInputException\n\t{\n"}, {"type": "NM_METHOD_NAMING_CONVENTION", "file_name": "src/main/java/n64loaderwv/DPGlobalDLLTable.java", "commit_sha": "ee78c3b7c1f837a7748b9713ef3911fe66bf2e62", "line_no": 90, "priority": 2, "description": "Nm: Method names should start with a lower case letter", "line_content": "\tpublic static void Build(Program aProgram, DPDLLTab aTab, long loadAddress, MessageLog aLog, TaskMonitor aMonitor) throws MemoryAccessException, InvalidInputException, CodeUnitInsertionException, IOException, AddressOverflowException, AddressOutOfBoundsException\n\t{\n"}, {"type": "NM_METHOD_NAMING_CONVENTION", "file_name": "src/main/java/n64loaderwv/DPGlobalDLLTable.java", "commit_sha": "ee78c3b7c1f837a7748b9713ef3911fe66bf2e62", "line_no": 166, "priority": 5, "description": "Nm: Method names should start with a lower case letter", "line_content": "\t\t\tint dllId = aTab.DecodeDLLId(info.dll_id);\n"}, {"type": "NM_METHOD_NAMING_CONVENTION", "file_name": "src/main/java/n64loaderwv/N64LoaderWVLoader.java", "commit_sha": "ee78c3b7c1f837a7748b9713ef3911fe66bf2e62", "line_no": 190, "priority": 5, "description": "Nm: Method names should start with a lower case letter", "line_content": "\t\t\tMakeBlock(program, \".boot\", \"ROM bootloader\", 0xA4000040, bapROM.getInputStream(0x40),  0xFC0, \"111\", null, log, monitor);\n"}, {"type": "NM_METHOD_NAMING_CONVENTION", "file_name": "src/main/java/n64loaderwv/N64LoaderWVLoader.java", "commit_sha": "ee78c3b7c1f837a7748b9713ef3911fe66bf2e62", "line_no": 195, "priority": 5, "description": "Nm: Method names should start with a lower case letter", "line_content": "\t\t\t\tDPFST.Load(bapROM, (int) options.get(1).getValue());\n"}, {"type": "NM_METHOD_NAMING_CONVENTION", "file_name": "src/main/java/n64loaderwv/N64LoaderWVLoader.java", "commit_sha": "ee78c3b7c1f837a7748b9713ef3911fe66bf2e62", "line_no": 210, "priority": 5, "description": "Nm: Method names should start with a lower case letter", "line_content": "\t\t\tMakeBlock(program, \".ram\", \"RAM content\", h.loadAddress, inStream,  0x7FFC00, \"111\", null, log, monitor);\n"}, {"type": "NM_METHOD_NAMING_CONVENTION", "file_name": "src/main/java/n64loaderwv/N64LoaderWVLoader.java", "commit_sha": "ee78c3b7c1f837a7748b9713ef3911fe66bf2e62", "line_no": 215, "priority": 5, "description": "Nm: Method names should start with a lower case letter", "line_content": "\t\t\t\tMakeDLLBlocks(program, h.loadAddress, h.loadAddress + DPFST.offsets.get(0), bapROM, log, monitor);\n"}, {"type": "NM_METHOD_NAMING_CONVENTION", "file_name": "src/main/java/n64loaderwv/N64LoaderWVLoader.java", "commit_sha": "ee78c3b7c1f837a7748b9713ef3911fe66bf2e62", "line_no": 341, "priority": 2, "description": "Nm: Method names should start with a lower case letter", "line_content": "\tpublic void MakeDLLBlocks(Program program, long loadAddress, long endAddress, ByteArrayProvider s, MessageLog log, TaskMonitor monitor) throws IOException, InvalidInputException, MemoryAccessException, AddressOutOfBoundsException, CodeUnitInsertionException, AddressOverflowException\n\t{\n"}, {"type": "NM_METHOD_NAMING_CONVENTION", "file_name": "src/main/java/n64loaderwv/N64LoaderWVLoader.java", "commit_sha": "ee78c3b7c1f837a7748b9713ef3911fe66bf2e62", "line_no": 351, "priority": 5, "description": "Nm: Method names should start with a lower case letter", "line_content": "\t\tobjects.Load(s, dll_tab);\n"}, {"type": "NM_METHOD_NAMING_CONVENTION", "file_name": "src/main/java/n64loaderwv/N64LoaderWVLoader.java", "commit_sha": "ee78c3b7c1f837a7748b9713ef3911fe66bf2e62", "line_no": 354, "priority": 5, "description": "Nm: Method names should start with a lower case letter", "line_content": "\t\tDPGlobalDLLTable.Build(program, dll_tab, loadAddress, log, monitor);\n"}, {"type": "NM_METHOD_NAMING_CONVENTION", "file_name": "src/main/java/n64loaderwv/N64LoaderWVLoader.java", "commit_sha": "ee78c3b7c1f837a7748b9713ef3911fe66bf2e62", "line_no": 370, "priority": 5, "description": "Nm: Method names should start with a lower case letter", "line_content": "\t\t\tint dllOffset = dll_tab.GetDLLRomOffsetFromIndex(i);\n"}, {"type": "NM_METHOD_NAMING_CONVENTION", "file_name": "src/main/java/n64loaderwv/N64LoaderWVLoader.java", "commit_sha": "ee78c3b7c1f837a7748b9713ef3911fe66bf2e62", "line_no": 378, "priority": 5, "description": "Nm: Method names should start with a lower case letter", "line_content": "\t\t\t\tdll.Load(s, dllAddress, log, monitor, objects);\n"}, {"type": "NM_METHOD_NAMING_CONVENTION", "file_name": "src/main/java/n64loaderwv/N64LoaderWVLoader.java", "commit_sha": "ee78c3b7c1f837a7748b9713ef3911fe66bf2e62", "line_no": 379, "priority": 5, "description": "Nm: Method names should start with a lower case letter", "line_content": "\t\t\t\tdll.Relocate(s);\n"}, {"type": "NM_METHOD_NAMING_CONVENTION", "file_name": "src/main/java/n64loaderwv/Utils.java", "commit_sha": "ee78c3b7c1f837a7748b9713ef3911fe66bf2e62", "line_no": 19, "priority": 2, "description": "Nm: Method names should start with a lower case letter", "line_content": "\tpublic static void MakeConstantPtr(Program p, Address addr) throws CodeUnitInsertionException\n\t{\n"}, {"type": "NM_METHOD_NAMING_CONVENTION", "file_name": "src/main/java/n64loaderwv/Utils.java", "commit_sha": "ee78c3b7c1f837a7748b9713ef3911fe66bf2e62", "line_no": 28, "priority": 2, "description": "Nm: Method names should start with a lower case letter", "line_content": "\tpublic static void MakeNormalPtr(Program p, Address addr) throws CodeUnitInsertionException\n\t{\n"}]}