{"repo": "zimi-pl/zadanka", "id": "2", "total": 4, "items": [{"type": "ES_COMPARING_STRINGS_WITH_EQ", "file_name": "src/main/java/pl/zimi/zadanka/Zad4.java", "commit_sha": "cb89cef33ae91df7d4bc7cdb5e0037974be5f27b", "line_no": 57, "priority": 2, "description": "Suspicious reference comparison of String objects", "line_content": "            if (k == \"\") {\n"}, {"type": "DM_STRING_VOID_CTOR", "file_name": "src/main/java/pl/zimi/zadanka/Zad4.java", "commit_sha": "cb89cef33ae91df7d4bc7cdb5e0037974be5f27b", "line_no": 43, "priority": 2, "description": "Method invokes inefficient new String() constructor", "line_content": "        String sReverse = new String();\n"}, {"type": "DM_STRING_VOID_CTOR", "file_name": "src/main/java/pl/zimi/zadanka/Zad4.java", "commit_sha": "cb89cef33ae91df7d4bc7cdb5e0037974be5f27b", "line_no": 76, "priority": 2, "description": "Method invokes inefficient new String() constructor", "line_content": "        String sReverse = new String();\n"}, {"type": "NM_METHOD_NAMING_CONVENTION", "file_name": "src/test/java/pl/zimi/zadanka/Zad4Test.java", "commit_sha": "cb89cef33ae91df7d4bc7cdb5e0037974be5f27b", "line_no": 24, "priority": 3, "description": "Nm: Method names should start with a lower case letter", "line_content": "    void Helloworld(){\n"}]}