{"repo": "Meldexun/EntityCulling-Fabric", "id": "1", "total": 2, "items": [{"type": "BSHIFT_WRONG_ADD_PRIORITY", "file_name": "src/main/java/dev/tr7zw/entityculling/occlusionculling/OcclusionCullingInstance.java", "commit_sha": "2e46fa7ba2b3a7fa0f4d616a6c5988f8ec21bf71", "line_no": 304, "priority": 3, "description": "Possible bad parsing of shift operation.", "line_content": "\t\t\tcache[entry] |= 1 << offset + 1;\n"}, {"type": "BSHIFT_WRONG_ADD_PRIORITY", "file_name": "src/main/java/dev/tr7zw/entityculling/occlusionculling/OcclusionCullingInstance.java", "commit_sha": "2e46fa7ba2b3a7fa0f4d616a6c5988f8ec21bf71", "line_no": 365, "priority": 3, "description": "Possible bad parsing of shift operation.", "line_content": "\t\t\t\t\tcache[entry] |= 1 << offset + 1;\n"}]}