{"repo": "BceOK007/homeworksJava2", "id": "1", "total": 3, "items": [{"type": "VA_FORMAT_STRING_USES_NEWLINE", "file_name": "src/Java2/Main.java", "commit_sha": "14ced5b6ffff458e49871031ed437d082c006173", "line_no": 26, "priority": 2, "description": "Format string should use %n rather than \\n", "line_content": "            System.out.printf(\"\\n\u041d\u0430 \u043f\u043e\u043b\u043e\u0441\u0443 \u043f\u0440\u0435\u043f\u044f\u0434\u0441\u0442\u0432\u0438\u0439 \u0432\u044b\u0445\u043e\u0434\u0438\u0442 %s\\n\", j.getName());\n"}, {"type": "VA_FORMAT_STRING_USES_NEWLINE", "file_name": "src/Java2/Main.java", "commit_sha": "14ced5b6ffff458e49871031ed437d082c006173", "line_no": 36, "priority": 2, "description": "Format string should use %n rather than \\n", "line_content": "                    System.out.printf(\"%s \u0441\u043e\u0448\u0435\u043b \u0441 \u043f\u043e\u043b\u043e\u0441\u044b \u043f\u0440\u0435\u043f\u044f\u0434\u0441\u0442\u0432\u0438\u0439.\\n\", j.getName());\n"}, {"type": "VA_FORMAT_STRING_USES_NEWLINE", "file_name": "src/Java2/Main.java", "commit_sha": "14ced5b6ffff458e49871031ed437d082c006173", "line_no": 41, "priority": 2, "description": "Format string should use %n rather than \\n", "line_content": "            if(isInGame) System.out.printf(\"%s \u043f\u0440\u043e\u0448\u0435\u043b \u0432\u0441\u044e \u043f\u043e\u043b\u043e\u0441\u0443 \u043f\u0440\u0435\u043f\u044f\u0434\u0441\u0442\u0432\u0438\u0439!!!\\n\", j.getName());\n"}]}