{"repo": "rohan23chhabra/Course-Management-System", "id": "16", "total": 3, "items": [{"type": "UI_INHERITANCE_UNSAFE_GETRESOURCE", "file_name": "src/main/java/org/cms/client/Main.java", "commit_sha": "96a5c03d99e2dc6caeeb3254964ab6705ce3c901", "line_no": 17, "priority": 3, "description": "Usage of GetResource may be unsafe if class is extended", "line_content": "\t\tParent root = FXMLLoader.load(getClass().getResource(ROOT_LAYOUT));\n"}, {"type": "UI_INHERITANCE_UNSAFE_GETRESOURCE", "file_name": "src/main/java/org/cms/client/RootController.java", "commit_sha": "96a5c03d99e2dc6caeeb3254964ab6705ce3c901", "line_no": 36, "priority": 3, "description": "Usage of GetResource may be unsafe if class is extended", "line_content": "\t\tcoursesView = FXMLLoader.load(getClass().getResource(COURSES_TABLE_VIEW));\n"}, {"type": "UI_INHERITANCE_UNSAFE_GETRESOURCE", "file_name": "src/main/java/org/cms/client/RootController.java", "commit_sha": "96a5c03d99e2dc6caeeb3254964ab6705ce3c901", "line_no": 37, "priority": 3, "description": "Usage of GetResource may be unsafe if class is extended", "line_content": "\t\thomeView = FXMLLoader.load(getClass().getResource(HOME_VIEW));\n"}]}