{"repo": "ARGOeu/argo-streaming", "id": "173", "total": 2, "items": [{"type": "SA_SELF_ASSIGNMENT", "file_name": "flink_jobs/status_trends/src/main/java/argo/functions/calculations/CalcServiceEndpointFlipFlop.java", "commit_sha": "e13a1f1d90c8c4a98f798d0d1061cc858e2a56a2", "line_no": 35, "priority": 1, "description": "SA: Self assignment of field or variable", "line_content": "        this.operationsParser = this.operationsParser;\n"}, {"type": "NM_METHOD_NAMING_CONVENTION", "file_name": "flink_jobs/status_trends/src/main/java/argo/utils/RequestManager.java", "commit_sha": "e13a1f1d90c8c4a98f798d0d1061cc858e2a56a2", "line_no": 27, "priority": 5, "description": "Nm: Method names should start with a lower case letter", "line_content": "        Request request = Request.Get(uri);\n"}]}