{"repo": "avp02/myHomeWorkJis5-2021", "id": "20", "total": 3, "items": [{"type": "NM_METHOD_NAMING_CONVENTION", "file_name": "src/main/java/com/avp/homework4_conditionOperators/task5_LoginService/service/UserLoginService.java", "commit_sha": "e35f8ac5970656a76f4efebc64c7c88addcb51cf", "line_no": 46, "priority": 2, "description": "Nm: Method names should start with a lower case letter", "line_content": "    public boolean IsLoginAttemptsLeft(User user) {\n"}, {"type": "NM_METHOD_NAMING_CONVENTION", "file_name": "src/test/java/com/avp/homework4_conditionOperators/task5_LoginService/service/UserLoginServiceTest.java", "commit_sha": "e35f8ac5970656a76f4efebc64c7c88addcb51cf", "line_no": 114, "priority": 5, "description": "Nm: Method names should start with a lower case letter", "line_content": "        boolean actual = testUserLoginService.IsLoginAttemptsLeft(testUser);\n"}, {"type": "NM_METHOD_NAMING_CONVENTION", "file_name": "src/test/java/com/avp/homework4_conditionOperators/task5_LoginService/service/UserLoginServiceTest.java", "commit_sha": "e35f8ac5970656a76f4efebc64c7c88addcb51cf", "line_no": 116, "priority": 5, "description": "Nm: Method names should start with a lower case letter", "line_content": "        log.info(\"Test return {} because attempts left > 0\",\n                testUserLoginService.IsLoginAttemptsLeft(testUser));\n"}]}