{"repo": "oussamabouguerra/BrainStorm", "id": "1", "total": 10, "items": [{"type": "UI_INHERITANCE_UNSAFE_GETRESOURCE", "file_name": "CineApp.java", "commit_sha": "87cf7b896a57c51a86cfd665b4a6c45e5e6085ce", "line_no": 22, "priority": 3, "description": "Usage of GetResource may be unsafe if class is extended", "line_content": "        Parent root = FXMLLoader.load(getClass().getResource(\"FXMLDocument.fxml\"));\r\n"}, {"type": "NM_METHOD_NAMING_CONVENTION", "file_name": "FXMLDocumentController.java", "commit_sha": "87cf7b896a57c51a86cfd665b4a6c45e5e6085ce", "line_no": 283, "priority": 3, "description": "Nm: Method names should start with a lower case letter", "line_content": "    private void SignUp(ActionEvent event) {\r\n"}, {"type": "NM_METHOD_NAMING_CONVENTION", "file_name": "FXMLDocumentController.java", "commit_sha": "87cf7b896a57c51a86cfd665b4a6c45e5e6085ce", "line_no": 302, "priority": 5, "description": "Nm: Method names should start with a lower case letter", "line_content": "            System.out.println(sr.AfficherReservation(id).toString());\r\n"}, {"type": "NM_METHOD_NAMING_CONVENTION", "file_name": "FXMLDocumentController.java", "commit_sha": "87cf7b896a57c51a86cfd665b4a6c45e5e6085ce", "line_no": 303, "priority": 5, "description": "Nm: Method names should start with a lower case letter", "line_content": "            labelAfficherRes.setText(sr.AfficherReservation(id).toString());\r\n"}, {"type": "NM_METHOD_NAMING_CONVENTION", "file_name": "FXMLDocumentController.java", "commit_sha": "87cf7b896a57c51a86cfd665b4a6c45e5e6085ce", "line_no": 346, "priority": 5, "description": "Nm: Method names should start with a lower case letter", "line_content": "            sr.AddReservation(r);\r\n"}, {"type": "NM_METHOD_NAMING_CONVENTION", "file_name": "FXMLDocumentController.java", "commit_sha": "87cf7b896a57c51a86cfd665b4a6c45e5e6085ce", "line_no": 392, "priority": 5, "description": "Nm: Method names should start with a lower case letter", "line_content": "            sr.ModifierReservation(id, r);\r\n"}, {"type": "NM_METHOD_NAMING_CONVENTION", "file_name": "FXMLDocumentController.java", "commit_sha": "87cf7b896a57c51a86cfd665b4a6c45e5e6085ce", "line_no": 412, "priority": 5, "description": "Nm: Method names should start with a lower case letter", "line_content": "            sr.SuppReservation(r);\r\n"}, {"type": "NM_METHOD_NAMING_CONVENTION", "file_name": "IserviceReservation.java", "commit_sha": "87cf7b896a57c51a86cfd665b4a6c45e5e6085ce", "line_no": 19, "priority": 2, "description": "Nm: Method names should start with a lower case letter", "line_content": "    public void AddReservation(Reservation R) ;\r\n"}, {"type": "NM_METHOD_NAMING_CONVENTION", "file_name": "IserviceReservation.java", "commit_sha": "87cf7b896a57c51a86cfd665b4a6c45e5e6085ce", "line_no": 21, "priority": 2, "description": "Nm: Method names should start with a lower case letter", "line_content": "    public void SuppReservation(Reservation R) ;\r\n"}, {"type": "NM_METHOD_NAMING_CONVENTION", "file_name": "IserviceReservation.java", "commit_sha": "87cf7b896a57c51a86cfd665b4a6c45e5e6085ce", "line_no": 22, "priority": 2, "description": "Nm: Method names should start with a lower case letter", "line_content": "    public void ModifierReservation(int id,Reservation R);\r\n"}]}