{"repo": "adobe/aem-core-wcm-components", "id": "1430", "total": 3, "items": [{"type": "NM_SAME_SIMPLE_NAME_AS_SUPERCLASS", "file_name": "bundles/core/src/main/java/com/adobe/cq/wcm/core/components/internal/models/v2/PageListItemImpl.java", "commit_sha": "79ce1a49cb1aab10468b46eb139a13ebb70aa442", "line_no": 27, "priority": 1, "description": "Class names shouldn\u2019t shadow simple name of superclass", "line_content": "public class PageListItemImpl extends com.adobe.cq.wcm.core.components.internal.models.v1.PageListItemImpl {\n"}, {"type": "NM_SAME_SIMPLE_NAME_AS_SUPERCLASS", "file_name": "bundles/core/src/main/java/com/adobe/cq/wcm/core/components/internal/models/v3/BreadcrumbImpl.java", "commit_sha": "79ce1a49cb1aab10468b46eb139a13ebb70aa442", "line_no": 37, "priority": 1, "description": "Class names shouldn\u2019t shadow simple name of superclass", "line_content": "public class BreadcrumbImpl extends com.adobe.cq.wcm.core.components.internal.models.v1.BreadcrumbImpl implements Breadcrumb {\n"}, {"type": "NM_SAME_SIMPLE_NAME_AS_SUPERCLASS", "file_name": "bundles/core/src/test/java/com/adobe/cq/wcm/core/components/internal/models/v3/BreadcrumbImplTest.java", "commit_sha": "79ce1a49cb1aab10468b46eb139a13ebb70aa442", "line_no": 26, "priority": 1, "description": "Class names shouldn\u2019t shadow simple name of superclass", "line_content": "class BreadcrumbImplTest extends com.adobe.cq.wcm.core.components.internal.models.v1.BreadcrumbImplTest {\n"}]}