{"repo": "ontodev/robot", "id": "837", "total": 2, "items": [{"type": "UI_INHERITANCE_UNSAFE_GETRESOURCE", "file_name": "robot-core/src/test/java/org/obolibrary/robot/DiffOperationTest.java", "commit_sha": "f3fc79e92edf2df2a6b64a16ac04d8f756f4b778", "line_no": 59, "priority": 3, "description": "Usage of GetResource may be unsafe if class is extended", "line_content": "    String expected =\n        IOUtils.toString(\n            this.getClass().getResourceAsStream(\"/simple1.diff\"), Charset.defaultCharset());\n"}, {"type": "UI_INHERITANCE_UNSAFE_GETRESOURCE", "file_name": "robot-core/src/test/java/org/obolibrary/robot/DiffOperationTest.java", "commit_sha": "f3fc79e92edf2df2a6b64a16ac04d8f756f4b778", "line_no": 81, "priority": 3, "description": "Usage of GetResource may be unsafe if class is extended", "line_content": "    String expected =\n        IOUtils.toString(\n            this.getClass().getResourceAsStream(\"/simple.diff\"), Charset.defaultCharset());\n"}]}