{"repo": "OpenSourceAIX/ColinTreeListView", "id": "16", "total": 224, "items": [{"type": "NM_METHOD_NAMING_CONVENTION", "file_name": "ColinTreeListViewElement.java", "commit_sha": "9c8a07890724f52b7aee3a07a9c135c3912e320d", "line_no": 155, "priority": 2, "description": "Nm: Method names should start with a lower case letter", "line_content": "    public void Initialize(VerticalArrangement verticalArrangement) {\n"}, {"type": "NM_METHOD_NAMING_CONVENTION", "file_name": "ColinTreeListViewElement.java", "commit_sha": "9c8a07890724f52b7aee3a07a9c135c3912e320d", "line_no": 157, "priority": 5, "description": "Nm: Method names should start with a lower case letter", "line_content": "        vaContainer.AlignHorizontal(ComponentConstants.GRAVITY_CENTER_HORIZONTAL);\n"}, {"type": "NM_METHOD_NAMING_CONVENTION", "file_name": "ColinTreeListViewElement.java", "commit_sha": "9c8a07890724f52b7aee3a07a9c135c3912e320d", "line_no": 160, "priority": 2, "description": "Nm: Method names should start with a lower case letter", "line_content": "    public void InitializeInVSA(VerticalScrollArrangement verticalScrollArrangement) {\n"}, {"type": "NM_METHOD_NAMING_CONVENTION", "file_name": "ColinTreeListViewElement.java", "commit_sha": "9c8a07890724f52b7aee3a07a9c135c3912e320d", "line_no": 162, "priority": 5, "description": "Nm: Method names should start with a lower case letter", "line_content": "        vaContainer.AlignHorizontal(ComponentConstants.GRAVITY_CENTER_HORIZONTAL);\n"}, {"type": "NM_METHOD_NAMING_CONVENTION", "file_name": "ColinTreeListViewElement.java", "commit_sha": "9c8a07890724f52b7aee3a07a9c135c3912e320d", "line_no": 166, "priority": 2, "description": "Nm: Method names should start with a lower case letter", "line_content": "    public void Clear() {\n"}, {"type": "NM_METHOD_NAMING_CONVENTION", "file_name": "ColinTreeListViewElement.java", "commit_sha": "9c8a07890724f52b7aee3a07a9c135c3912e320d", "line_no": 167, "priority": 5, "description": "Nm: Method names should start with a lower case letter", "line_content": "        Set(YailList.makeEmptyList());\n"}, {"type": "NM_METHOD_NAMING_CONVENTION", "file_name": "ColinTreeListViewElement.java", "commit_sha": "9c8a07890724f52b7aee3a07a9c135c3912e320d", "line_no": 171, "priority": 2, "description": "Nm: Method names should start with a lower case letter", "line_content": "    public void Set(YailList list) {\n"}, {"type": "NM_METHOD_NAMING_CONVENTION", "file_name": "ColinTreeListViewElement.java", "commit_sha": "9c8a07890724f52b7aee3a07a9c135c3912e320d", "line_no": 179, "priority": 5, "description": "Nm: Method names should start with a lower case letter", "line_content": "                    SetElement(i+1, (YailList)sublistElement);\n"}, {"type": "NM_METHOD_NAMING_CONVENTION", "file_name": "ColinTreeListViewElement.java", "commit_sha": "9c8a07890724f52b7aee3a07a9c135c3912e320d", "line_no": 182, "priority": 5, "description": "Nm: Method names should start with a lower case letter", "line_content": "                    AddElement((YailList)sublistElement);\n"}, {"type": "NM_METHOD_NAMING_CONVENTION", "file_name": "ColinTreeListViewElement.java", "commit_sha": "9c8a07890724f52b7aee3a07a9c135c3912e320d", "line_no": 186, "priority": 5, "description": "Nm: Method names should start with a lower case letter", "line_content": "                    SetElement(i+1, makeYailList(sublistElement));\n"}, {"type": "NM_METHOD_NAMING_CONVENTION", "file_name": "ColinTreeListViewElement.java", "commit_sha": "9c8a07890724f52b7aee3a07a9c135c3912e320d", "line_no": 189, "priority": 5, "description": "Nm: Method names should start with a lower case letter", "line_content": "                    AddElement(makeYailList(sublistElement));\n"}, {"type": "NM_METHOD_NAMING_CONVENTION", "file_name": "ColinTreeListViewElement.java", "commit_sha": "9c8a07890724f52b7aee3a07a9c135c3912e320d", "line_no": 203, "priority": 2, "description": "Nm: Method names should start with a lower case letter", "line_content": "    public YailList Get() {\n"}, {"type": "NM_METHOD_NAMING_CONVENTION", "file_name": "ColinTreeListViewElement.java", "commit_sha": "9c8a07890724f52b7aee3a07a9c135c3912e320d", "line_no": 206, "priority": 5, "description": "Nm: Method names should start with a lower case letter", "line_content": "            stringRepresentation.add(GetElement(i));\n"}, {"type": "NM_METHOD_NAMING_CONVENTION", "file_name": "ColinTreeListViewElement.java", "commit_sha": "9c8a07890724f52b7aee3a07a9c135c3912e320d", "line_no": 215, "priority": 2, "description": "Nm: Method names should start with a lower case letter", "line_content": "    public void LongClickElement(int elementIndex){\n"}, {"type": "NM_METHOD_NAMING_CONVENTION", "file_name": "ColinTreeListViewElement.java", "commit_sha": "9c8a07890724f52b7aee3a07a9c135c3912e320d", "line_no": 220, "priority": 2, "description": "Nm: Method names should start with a lower case letter", "line_content": "    public void AddElement(YailList element) {\n"}, {"type": "NM_METHOD_NAMING_CONVENTION", "file_name": "ColinTreeListViewElement.java", "commit_sha": "9c8a07890724f52b7aee3a07a9c135c3912e320d", "line_no": 231, "priority": 5, "description": "Nm: Method names should start with a lower case letter", "line_content": "                    ElementClick(elementIndex);\n"}, {"type": "NM_METHOD_NAMING_CONVENTION", "file_name": "ColinTreeListViewElement.java", "commit_sha": "9c8a07890724f52b7aee3a07a9c135c3912e320d", "line_no": 235, "priority": 5, "description": "Nm: Method names should start with a lower case letter", "line_content": "                    return ElementLongClick(elementIndex);\n"}, {"type": "NM_METHOD_NAMING_CONVENTION", "file_name": "ColinTreeListViewElement.java", "commit_sha": "9c8a07890724f52b7aee3a07a9c135c3912e320d", "line_no": 239, "priority": 5, "description": "Nm: Method names should start with a lower case letter", "line_content": "                    ElementTouchDown(elementIndex);\n"}, {"type": "NM_METHOD_NAMING_CONVENTION", "file_name": "ColinTreeListViewElement.java", "commit_sha": "9c8a07890724f52b7aee3a07a9c135c3912e320d", "line_no": 243, "priority": 5, "description": "Nm: Method names should start with a lower case letter", "line_content": "                    ElementTouchUp(elementIndex);\n"}, {"type": "NM_METHOD_NAMING_CONVENTION", "file_name": "ColinTreeListViewElement.java", "commit_sha": "9c8a07890724f52b7aee3a07a9c135c3912e320d", "line_no": 248, "priority": 5, "description": "Nm: Method names should start with a lower case letter", "line_content": "                    IconClick(elementIndex);\n"}, {"type": "NM_METHOD_NAMING_CONVENTION", "file_name": "ColinTreeListViewElement.java", "commit_sha": "9c8a07890724f52b7aee3a07a9c135c3912e320d", "line_no": 252, "priority": 5, "description": "Nm: Method names should start with a lower case letter", "line_content": "                    return IconLongClick(elementIndex);\n"}, {"type": "NM_METHOD_NAMING_CONVENTION", "file_name": "ColinTreeListViewElement.java", "commit_sha": "9c8a07890724f52b7aee3a07a9c135c3912e320d", "line_no": 256, "priority": 5, "description": "Nm: Method names should start with a lower case letter", "line_content": "                    IconTouchDown(elementIndex);\n"}, {"type": "NM_METHOD_NAMING_CONVENTION", "file_name": "ColinTreeListViewElement.java", "commit_sha": "9c8a07890724f52b7aee3a07a9c135c3912e320d", "line_no": 260, "priority": 5, "description": "Nm: Method names should start with a lower case letter", "line_content": "                    IconTouchUp(elementIndex);\n"}, {"type": "NM_METHOD_NAMING_CONVENTION", "file_name": "ColinTreeListViewElement.java", "commit_sha": "9c8a07890724f52b7aee3a07a9c135c3912e320d", "line_no": 265, "priority": 5, "description": "Nm: Method names should start with a lower case letter", "line_content": "                    ExtraButtonClick(elementIndex);\n"}, {"type": "NM_METHOD_NAMING_CONVENTION", "file_name": "ColinTreeListViewElement.java", "commit_sha": "9c8a07890724f52b7aee3a07a9c135c3912e320d", "line_no": 269, "priority": 5, "description": "Nm: Method names should start with a lower case letter", "line_content": "                    return ExtraButtonLongClick(elementIndex);\n"}, {"type": "NM_METHOD_NAMING_CONVENTION", "file_name": "ColinTreeListViewElement.java", "commit_sha": "9c8a07890724f52b7aee3a07a9c135c3912e320d", "line_no": 273, "priority": 5, "description": "Nm: Method names should start with a lower case letter", "line_content": "                    ExtraButtonTouchDown(elementIndex);\n"}, {"type": "NM_METHOD_NAMING_CONVENTION", "file_name": "ColinTreeListViewElement.java", "commit_sha": "9c8a07890724f52b7aee3a07a9c135c3912e320d", "line_no": 277, "priority": 5, "description": "Nm: Method names should start with a lower case letter", "line_content": "                    ExtraButtonTouchUp(elementIndex);\n"}, {"type": "NM_METHOD_NAMING_CONVENTION", "file_name": "ColinTreeListViewElement.java", "commit_sha": "9c8a07890724f52b7aee3a07a9c135c3912e320d", "line_no": 293, "priority": 2, "description": "Nm: Method names should start with a lower case letter", "line_content": "    public void AddEmptyElement() {\n"}, {"type": "NM_METHOD_NAMING_CONVENTION", "file_name": "ColinTreeListViewElement.java", "commit_sha": "9c8a07890724f52b7aee3a07a9c135c3912e320d", "line_no": 294, "priority": 5, "description": "Nm: Method names should start with a lower case letter", "line_content": "        AddElement(YailList.makeEmptyList());\n"}, {"type": "NM_METHOD_NAMING_CONVENTION", "file_name": "ColinTreeListViewElement.java", "commit_sha": "9c8a07890724f52b7aee3a07a9c135c3912e320d", "line_no": 304, "priority": 2, "description": "Nm: Method names should start with a lower case letter", "line_content": "    public void SetElement(int elementIndex, YailList element) {\n"}, {"type": "NM_METHOD_NAMING_CONVENTION", "file_name": "ColinTreeListViewElement.java", "commit_sha": "9c8a07890724f52b7aee3a07a9c135c3912e320d", "line_no": 309, "priority": 2, "description": "Nm: Method names should start with a lower case letter", "line_content": "    public void SetElementText(int elementIndex, String text) {\n"}, {"type": "NM_METHOD_NAMING_CONVENTION", "file_name": "ColinTreeListViewElement.java", "commit_sha": "9c8a07890724f52b7aee3a07a9c135c3912e320d", "line_no": 314, "priority": 2, "description": "Nm: Method names should start with a lower case letter", "line_content": "    public void SetElementMainText(int elementIndex, String mainText) {\n"}, {"type": "NM_METHOD_NAMING_CONVENTION", "file_name": "ColinTreeListViewElement.java", "commit_sha": "9c8a07890724f52b7aee3a07a9c135c3912e320d", "line_no": 319, "priority": 2, "description": "Nm: Method names should start with a lower case letter", "line_content": "    public void SetElementSubText(int elementIndex, String subText) {\n"}, {"type": "NM_METHOD_NAMING_CONVENTION", "file_name": "ColinTreeListViewElement.java", "commit_sha": "9c8a07890724f52b7aee3a07a9c135c3912e320d", "line_no": 324, "priority": 2, "description": "Nm: Method names should start with a lower case letter", "line_content": "    public void SetElementIcon(int elementIndex, String path) {\n"}, {"type": "NM_METHOD_NAMING_CONVENTION", "file_name": "ColinTreeListViewElement.java", "commit_sha": "9c8a07890724f52b7aee3a07a9c135c3912e320d", "line_no": 329, "priority": 2, "description": "Nm: Method names should start with a lower case letter", "line_content": "    public YailList GetElement(int elementIndex) {\n"}, {"type": "NM_METHOD_NAMING_CONVENTION", "file_name": "ColinTreeListViewElement.java", "commit_sha": "9c8a07890724f52b7aee3a07a9c135c3912e320d", "line_no": 338, "priority": 2, "description": "Nm: Method names should start with a lower case letter", "line_content": "    public void RemoveElement(int elementIndex) {\n"}, {"type": "NM_METHOD_NAMING_CONVENTION", "file_name": "ColinTreeListViewElement.java", "commit_sha": "9c8a07890724f52b7aee3a07a9c135c3912e320d", "line_no": 348, "priority": 5, "description": "Nm: Method names should start with a lower case letter", "line_content": "        SetElement(\n                indexTo+1,\n                makeYailList(GetElement(indexFrom + 1).toArray())\n        );\n"}, {"type": "NM_METHOD_NAMING_CONVENTION", "file_name": "ColinTreeListViewElement.java", "commit_sha": "9c8a07890724f52b7aee3a07a9c135c3912e320d", "line_no": 356, "priority": 2, "description": "Nm: Method names should start with a lower case letter", "line_content": "    public void ClearAllCache() {\n"}, {"type": "NM_METHOD_NAMING_CONVENTION", "file_name": "ColinTreeListViewElement.java", "commit_sha": "9c8a07890724f52b7aee3a07a9c135c3912e320d", "line_no": 365, "priority": 2, "description": "Nm: Method names should start with a lower case letter", "line_content": "    public void ClearCache(String path) {\n"}, {"type": "NM_METHOD_NAMING_CONVENTION", "file_name": "ColinTreeListViewElement.java", "commit_sha": "9c8a07890724f52b7aee3a07a9c135c3912e320d", "line_no": 376, "priority": 2, "description": "Nm: Method names should start with a lower case letter", "line_content": "    public void ElementClick(int elementIndex) {\n"}, {"type": "NM_METHOD_NAMING_CONVENTION", "file_name": "ColinTreeListViewElement.java", "commit_sha": "9c8a07890724f52b7aee3a07a9c135c3912e320d", "line_no": 381, "priority": 2, "description": "Nm: Method names should start with a lower case letter", "line_content": "    public boolean ElementLongClick(int elementIndex) {\n"}, {"type": "NM_METHOD_NAMING_CONVENTION", "file_name": "ColinTreeListViewElement.java", "commit_sha": "9c8a07890724f52b7aee3a07a9c135c3912e320d", "line_no": 386, "priority": 2, "description": "Nm: Method names should start with a lower case letter", "line_content": "    public void ElementTouchDown(int elementIndex) {\n"}, {"type": "NM_METHOD_NAMING_CONVENTION", "file_name": "ColinTreeListViewElement.java", "commit_sha": "9c8a07890724f52b7aee3a07a9c135c3912e320d", "line_no": 390, "priority": 2, "description": "Nm: Method names should start with a lower case letter", "line_content": "    public void ElementTouchUp(int elementIndex) {\n"}, {"type": "NM_METHOD_NAMING_CONVENTION", "file_name": "ColinTreeListViewElement.java", "commit_sha": "9c8a07890724f52b7aee3a07a9c135c3912e320d", "line_no": 395, "priority": 2, "description": "Nm: Method names should start with a lower case letter", "line_content": "    public void IconClick(int elementIndex) {\n"}, {"type": "NM_METHOD_NAMING_CONVENTION", "file_name": "ColinTreeListViewElement.java", "commit_sha": "9c8a07890724f52b7aee3a07a9c135c3912e320d", "line_no": 400, "priority": 2, "description": "Nm: Method names should start with a lower case letter", "line_content": "    public boolean IconLongClick(int elementIndex) {\n"}, {"type": "NM_METHOD_NAMING_CONVENTION", "file_name": "ColinTreeListViewElement.java", "commit_sha": "9c8a07890724f52b7aee3a07a9c135c3912e320d", "line_no": 404, "priority": 2, "description": "Nm: Method names should start with a lower case letter", "line_content": "    public void IconTouchDown(int elementIndex) {\n"}, {"type": "NM_METHOD_NAMING_CONVENTION", "file_name": "ColinTreeListViewElement.java", "commit_sha": "9c8a07890724f52b7aee3a07a9c135c3912e320d", "line_no": 408, "priority": 2, "description": "Nm: Method names should start with a lower case letter", "line_content": "    public void IconTouchUp(int elementIndex) {\n"}, {"type": "NM_METHOD_NAMING_CONVENTION", "file_name": "ColinTreeListViewElement.java", "commit_sha": "9c8a07890724f52b7aee3a07a9c135c3912e320d", "line_no": 413, "priority": 2, "description": "Nm: Method names should start with a lower case letter", "line_content": "    public void ExtraButtonClick(int elementIndex) {\n"}, {"type": "NM_METHOD_NAMING_CONVENTION", "file_name": "ColinTreeListViewElement.java", "commit_sha": "9c8a07890724f52b7aee3a07a9c135c3912e320d", "line_no": 418, "priority": 2, "description": "Nm: Method names should start with a lower case letter", "line_content": "    public boolean ExtraButtonLongClick(int elementIndex) {\n"}, {"type": "NM_METHOD_NAMING_CONVENTION", "file_name": "ColinTreeListViewElement.java", "commit_sha": "9c8a07890724f52b7aee3a07a9c135c3912e320d", "line_no": 422, "priority": 2, "description": "Nm: Method names should start with a lower case letter", "line_content": "    public void ExtraButtonTouchDown(int elementIndex) {\n"}, {"type": "NM_METHOD_NAMING_CONVENTION", "file_name": "ColinTreeListViewElement.java", "commit_sha": "9c8a07890724f52b7aee3a07a9c135c3912e320d", "line_no": 426, "priority": 2, "description": "Nm: Method names should start with a lower case letter", "line_content": "    public void ExtraButtonTouchUp(int elementIndex) {\n"}, {"type": "NM_METHOD_NAMING_CONVENTION", "file_name": "ColinTreeListViewElement.java", "commit_sha": "9c8a07890724f52b7aee3a07a9c135c3912e320d", "line_no": 431, "priority": 2, "description": "Nm: Method names should start with a lower case letter", "line_content": "    public int LastClickedElement() {\n"}, {"type": "NM_METHOD_NAMING_CONVENTION", "file_name": "ColinTreeListViewElement.java", "commit_sha": "9c8a07890724f52b7aee3a07a9c135c3912e320d", "line_no": 435, "priority": 2, "description": "Nm: Method names should start with a lower case letter", "line_content": "    public int LastLongClickedElement() {\n"}, {"type": "NM_METHOD_NAMING_CONVENTION", "file_name": "ColinTreeListViewElement.java", "commit_sha": "9c8a07890724f52b7aee3a07a9c135c3912e320d", "line_no": 439, "priority": 2, "description": "Nm: Method names should start with a lower case letter", "line_content": "    public int LastClickedIcon() {\n"}, {"type": "NM_METHOD_NAMING_CONVENTION", "file_name": "ColinTreeListViewElement.java", "commit_sha": "9c8a07890724f52b7aee3a07a9c135c3912e320d", "line_no": 443, "priority": 2, "description": "Nm: Method names should start with a lower case letter", "line_content": "    public int LastClickedExtraButton() {\n"}, {"type": "NM_METHOD_NAMING_CONVENTION", "file_name": "ColinTreeListViewElement.java", "commit_sha": "9c8a07890724f52b7aee3a07a9c135c3912e320d", "line_no": 451, "priority": 2, "description": "Nm: Method names should start with a lower case letter", "line_content": "    public int ElementHeight() {\n"}, {"type": "NM_METHOD_NAMING_CONVENTION", "file_name": "ColinTreeListViewElement.java", "commit_sha": "9c8a07890724f52b7aee3a07a9c135c3912e320d", "line_no": 456, "priority": 2, "description": "Nm: Method names should start with a lower case letter", "line_content": "    public void ElementHeight(int height) {\n"}, {"type": "NM_METHOD_NAMING_CONVENTION", "file_name": "ColinTreeListViewElement.java", "commit_sha": "9c8a07890724f52b7aee3a07a9c135c3912e320d", "line_no": 463, "priority": 2, "description": "Nm: Method names should start with a lower case letter", "line_content": "    public int TouchDownColor() {\n"}, {"type": "NM_METHOD_NAMING_CONVENTION", "file_name": "ColinTreeListViewElement.java", "commit_sha": "9c8a07890724f52b7aee3a07a9c135c3912e320d", "line_no": 469, "priority": 2, "description": "Nm: Method names should start with a lower case letter", "line_content": "    @DesignerProperty(editorType = PropertyTypeConstants.PROPERTY_TYPE_COLOR,\n            defaultValue = DEFAULT_VALUE_COLOR_DEFAULT)\n    public void TouchDownColor(int argb) {\n"}, {"type": "NM_METHOD_NAMING_CONVENTION", "file_name": "ColinTreeListViewElement.java", "commit_sha": "9c8a07890724f52b7aee3a07a9c135c3912e320d", "line_no": 475, "priority": 2, "description": "Nm: Method names should start with a lower case letter", "line_content": "    public int WidthBeforeIcon() {\n"}, {"type": "NM_METHOD_NAMING_CONVENTION", "file_name": "ColinTreeListViewElement.java", "commit_sha": "9c8a07890724f52b7aee3a07a9c135c3912e320d", "line_no": 480, "priority": 2, "description": "Nm: Method names should start with a lower case letter", "line_content": "    public void WidthBeforeIcon(int width) {\n"}, {"type": "NM_METHOD_NAMING_CONVENTION", "file_name": "ColinTreeListViewElement.java", "commit_sha": "9c8a07890724f52b7aee3a07a9c135c3912e320d", "line_no": 486, "priority": 2, "description": "Nm: Method names should start with a lower case letter", "line_content": "    public int WidthAfterIcon() {\n"}, {"type": "NM_METHOD_NAMING_CONVENTION", "file_name": "ColinTreeListViewElement.java", "commit_sha": "9c8a07890724f52b7aee3a07a9c135c3912e320d", "line_no": 491, "priority": 2, "description": "Nm: Method names should start with a lower case letter", "line_content": "    public void WidthAfterIcon(int width) {\n"}, {"type": "NM_METHOD_NAMING_CONVENTION", "file_name": "ColinTreeListViewElement.java", "commit_sha": "9c8a07890724f52b7aee3a07a9c135c3912e320d", "line_no": 497, "priority": 2, "description": "Nm: Method names should start with a lower case letter", "line_content": "    public int IconWidth() {\n"}, {"type": "NM_METHOD_NAMING_CONVENTION", "file_name": "ColinTreeListViewElement.java", "commit_sha": "9c8a07890724f52b7aee3a07a9c135c3912e320d", "line_no": 502, "priority": 2, "description": "Nm: Method names should start with a lower case letter", "line_content": "    public void IconWidth(int width) {\n"}, {"type": "NM_METHOD_NAMING_CONVENTION", "file_name": "ColinTreeListViewElement.java", "commit_sha": "9c8a07890724f52b7aee3a07a9c135c3912e320d", "line_no": 508, "priority": 2, "description": "Nm: Method names should start with a lower case letter", "line_content": "    public int IconHeight() {\n"}, {"type": "NM_METHOD_NAMING_CONVENTION", "file_name": "ColinTreeListViewElement.java", "commit_sha": "9c8a07890724f52b7aee3a07a9c135c3912e320d", "line_no": 513, "priority": 2, "description": "Nm: Method names should start with a lower case letter", "line_content": "    public void IconHeight(int height) {\n"}, {"type": "NM_METHOD_NAMING_CONVENTION", "file_name": "ColinTreeListViewElement.java", "commit_sha": "9c8a07890724f52b7aee3a07a9c135c3912e320d", "line_no": 519, "priority": 2, "description": "Nm: Method names should start with a lower case letter", "line_content": "    public int IconShape() {\n"}, {"type": "NM_METHOD_NAMING_CONVENTION", "file_name": "ColinTreeListViewElement.java", "commit_sha": "9c8a07890724f52b7aee3a07a9c135c3912e320d", "line_no": 531, "priority": 2, "description": "Nm: Method names should start with a lower case letter", "line_content": "    public int IconBgColor() {\n"}, {"type": "NM_METHOD_NAMING_CONVENTION", "file_name": "ColinTreeListViewElement.java", "commit_sha": "9c8a07890724f52b7aee3a07a9c135c3912e320d", "line_no": 537, "priority": 2, "description": "Nm: Method names should start with a lower case letter", "line_content": "    @DesignerProperty(editorType = PropertyTypeConstants.PROPERTY_TYPE_COLOR,\n            defaultValue = DEFAULT_VALUE_COLOR_DEFAULT)\n    public void IconBgColor(int argb) {\n"}, {"type": "NM_METHOD_NAMING_CONVENTION", "file_name": "ColinTreeListViewElement.java", "commit_sha": "9c8a07890724f52b7aee3a07a9c135c3912e320d", "line_no": 543, "priority": 2, "description": "Nm: Method names should start with a lower case letter", "line_content": "    public int IconTextColor() {\n"}, {"type": "NM_METHOD_NAMING_CONVENTION", "file_name": "ColinTreeListViewElement.java", "commit_sha": "9c8a07890724f52b7aee3a07a9c135c3912e320d", "line_no": 549, "priority": 2, "description": "Nm: Method names should start with a lower case letter", "line_content": "    @DesignerProperty(editorType = PropertyTypeConstants.PROPERTY_TYPE_COLOR,\n            defaultValue = DEFAULT_VALUE_COLOR_DEFAULT)\n    public void IconTextColor(int argb) {\n"}, {"type": "NM_METHOD_NAMING_CONVENTION", "file_name": "ColinTreeListViewElement.java", "commit_sha": "9c8a07890724f52b7aee3a07a9c135c3912e320d", "line_no": 555, "priority": 2, "description": "Nm: Method names should start with a lower case letter", "line_content": "    public float IconTextFontSize() {\n"}, {"type": "NM_METHOD_NAMING_CONVENTION", "file_name": "ColinTreeListViewElement.java", "commit_sha": "9c8a07890724f52b7aee3a07a9c135c3912e320d", "line_no": 560, "priority": 2, "description": "Nm: Method names should start with a lower case letter", "line_content": "    public void IconTextFontSize(float size) {\n"}, {"type": "NM_METHOD_NAMING_CONVENTION", "file_name": "ColinTreeListViewElement.java", "commit_sha": "9c8a07890724f52b7aee3a07a9c135c3912e320d", "line_no": 566, "priority": 2, "description": "Nm: Method names should start with a lower case letter", "line_content": "    public boolean IconTextFontBold() {\n"}, {"type": "NM_METHOD_NAMING_CONVENTION", "file_name": "ColinTreeListViewElement.java", "commit_sha": "9c8a07890724f52b7aee3a07a9c135c3912e320d", "line_no": 571, "priority": 2, "description": "Nm: Method names should start with a lower case letter", "line_content": "    public void IconTextFontBold(boolean bold) {\n"}, {"type": "NM_METHOD_NAMING_CONVENTION", "file_name": "ColinTreeListViewElement.java", "commit_sha": "9c8a07890724f52b7aee3a07a9c135c3912e320d", "line_no": 577, "priority": 2, "description": "Nm: Method names should start with a lower case letter", "line_content": "    public boolean IconMultiParams() {\n"}, {"type": "NM_METHOD_NAMING_CONVENTION", "file_name": "ColinTreeListViewElement.java", "commit_sha": "9c8a07890724f52b7aee3a07a9c135c3912e320d", "line_no": 582, "priority": 2, "description": "Nm: Method names should start with a lower case letter", "line_content": "    public void IconMultiParams(boolean multiParams) {\n"}, {"type": "NM_METHOD_NAMING_CONVENTION", "file_name": "ColinTreeListViewElement.java", "commit_sha": "9c8a07890724f52b7aee3a07a9c135c3912e320d", "line_no": 588, "priority": 2, "description": "Nm: Method names should start with a lower case letter", "line_content": "    public int IconPaddings() {\n"}, {"type": "NM_METHOD_NAMING_CONVENTION", "file_name": "ColinTreeListViewElement.java", "commit_sha": "9c8a07890724f52b7aee3a07a9c135c3912e320d", "line_no": 593, "priority": 2, "description": "Nm: Method names should start with a lower case letter", "line_content": "    public void IconPaddings(int paddings) {\n"}, {"type": "NM_METHOD_NAMING_CONVENTION", "file_name": "ColinTreeListViewElement.java", "commit_sha": "9c8a07890724f52b7aee3a07a9c135c3912e320d", "line_no": 599, "priority": 2, "description": "Nm: Method names should start with a lower case letter", "line_content": "    public int TextColor() {\n"}, {"type": "NM_METHOD_NAMING_CONVENTION", "file_name": "ColinTreeListViewElement.java", "commit_sha": "9c8a07890724f52b7aee3a07a9c135c3912e320d", "line_no": 605, "priority": 2, "description": "Nm: Method names should start with a lower case letter", "line_content": "    @DesignerProperty(editorType = PropertyTypeConstants.PROPERTY_TYPE_COLOR,\n            defaultValue = DEFAULT_VALUE_COLOR_BLACK)\n    public void TextColor(int argb) {\n"}, {"type": "NM_METHOD_NAMING_CONVENTION", "file_name": "ColinTreeListViewElement.java", "commit_sha": "9c8a07890724f52b7aee3a07a9c135c3912e320d", "line_no": 611, "priority": 2, "description": "Nm: Method names should start with a lower case letter", "line_content": "    public float TextFontSize() {\n"}, {"type": "NM_METHOD_NAMING_CONVENTION", "file_name": "ColinTreeListViewElement.java", "commit_sha": "9c8a07890724f52b7aee3a07a9c135c3912e320d", "line_no": 616, "priority": 2, "description": "Nm: Method names should start with a lower case letter", "line_content": "    public void TextFontSize(float size) {\n"}, {"type": "NM_METHOD_NAMING_CONVENTION", "file_name": "ColinTreeListViewElement.java", "commit_sha": "9c8a07890724f52b7aee3a07a9c135c3912e320d", "line_no": 622, "priority": 2, "description": "Nm: Method names should start with a lower case letter", "line_content": "    public boolean TextFontBold() {\n"}, {"type": "NM_METHOD_NAMING_CONVENTION", "file_name": "ColinTreeListViewElement.java", "commit_sha": "9c8a07890724f52b7aee3a07a9c135c3912e320d", "line_no": 627, "priority": 2, "description": "Nm: Method names should start with a lower case letter", "line_content": "    public void TextFontBold(boolean bold) {\n"}, {"type": "NM_METHOD_NAMING_CONVENTION", "file_name": "ColinTreeListViewElement.java", "commit_sha": "9c8a07890724f52b7aee3a07a9c135c3912e320d", "line_no": 633, "priority": 2, "description": "Nm: Method names should start with a lower case letter", "line_content": "    public float TextHeight() {\n"}, {"type": "NM_METHOD_NAMING_CONVENTION", "file_name": "ColinTreeListViewElement.java", "commit_sha": "9c8a07890724f52b7aee3a07a9c135c3912e320d", "line_no": 638, "priority": 2, "description": "Nm: Method names should start with a lower case letter", "line_content": "    public void TextHeight(int height) {\n"}, {"type": "NM_METHOD_NAMING_CONVENTION", "file_name": "ColinTreeListViewElement.java", "commit_sha": "9c8a07890724f52b7aee3a07a9c135c3912e320d", "line_no": 644, "priority": 2, "description": "Nm: Method names should start with a lower case letter", "line_content": "    public int SubTextColor() {\n"}, {"type": "NM_METHOD_NAMING_CONVENTION", "file_name": "ColinTreeListViewElement.java", "commit_sha": "9c8a07890724f52b7aee3a07a9c135c3912e320d", "line_no": 650, "priority": 2, "description": "Nm: Method names should start with a lower case letter", "line_content": "    @DesignerProperty(editorType = PropertyTypeConstants.PROPERTY_TYPE_COLOR,\n            defaultValue = DEFAULT_VALUE_COLOR_LTGRAY)\n    public void SubTextColor(int argb) {\n"}, {"type": "NM_METHOD_NAMING_CONVENTION", "file_name": "ColinTreeListViewElement.java", "commit_sha": "9c8a07890724f52b7aee3a07a9c135c3912e320d", "line_no": 656, "priority": 2, "description": "Nm: Method names should start with a lower case letter", "line_content": "    public float SubTextFontSize() {\n"}, {"type": "NM_METHOD_NAMING_CONVENTION", "file_name": "ColinTreeListViewElement.java", "commit_sha": "9c8a07890724f52b7aee3a07a9c135c3912e320d", "line_no": 661, "priority": 2, "description": "Nm: Method names should start with a lower case letter", "line_content": "    public void SubTextFontSize(float size) {\n"}, {"type": "NM_METHOD_NAMING_CONVENTION", "file_name": "ColinTreeListViewElement.java", "commit_sha": "9c8a07890724f52b7aee3a07a9c135c3912e320d", "line_no": 667, "priority": 2, "description": "Nm: Method names should start with a lower case letter", "line_content": "    public boolean SubTextFontBold() {\n"}, {"type": "NM_METHOD_NAMING_CONVENTION", "file_name": "ColinTreeListViewElement.java", "commit_sha": "9c8a07890724f52b7aee3a07a9c135c3912e320d", "line_no": 672, "priority": 2, "description": "Nm: Method names should start with a lower case letter", "line_content": "    public void SubTextFontBold(boolean bold) {\n"}, {"type": "NM_METHOD_NAMING_CONVENTION", "file_name": "ColinTreeListViewElement.java", "commit_sha": "9c8a07890724f52b7aee3a07a9c135c3912e320d", "line_no": 678, "priority": 2, "description": "Nm: Method names should start with a lower case letter", "line_content": "    public float SubTextHeight() {\n"}, {"type": "NM_METHOD_NAMING_CONVENTION", "file_name": "ColinTreeListViewElement.java", "commit_sha": "9c8a07890724f52b7aee3a07a9c135c3912e320d", "line_no": 683, "priority": 2, "description": "Nm: Method names should start with a lower case letter", "line_content": "    public void SubTextHeight(int height) {\n"}, {"type": "NM_METHOD_NAMING_CONVENTION", "file_name": "ColinTreeListViewElement.java", "commit_sha": "9c8a07890724f52b7aee3a07a9c135c3912e320d", "line_no": 689, "priority": 2, "description": "Nm: Method names should start with a lower case letter", "line_content": "    public float WidthBeforeExtraButton() {\n"}, {"type": "NM_METHOD_NAMING_CONVENTION", "file_name": "ColinTreeListViewElement.java", "commit_sha": "9c8a07890724f52b7aee3a07a9c135c3912e320d", "line_no": 694, "priority": 2, "description": "Nm: Method names should start with a lower case letter", "line_content": "    public void WidthBeforeExtraButton(int width) {\n"}, {"type": "NM_METHOD_NAMING_CONVENTION", "file_name": "ColinTreeListViewElement.java", "commit_sha": "9c8a07890724f52b7aee3a07a9c135c3912e320d", "line_no": 699, "priority": 2, "description": "Nm: Method names should start with a lower case letter", "line_content": "    public String ExtraButtonText() {\n"}, {"type": "NM_METHOD_NAMING_CONVENTION", "file_name": "ColinTreeListViewElement.java", "commit_sha": "9c8a07890724f52b7aee3a07a9c135c3912e320d", "line_no": 704, "priority": 2, "description": "Nm: Method names should start with a lower case letter", "line_content": "    public void ExtraButtonText(String text) {\n"}, {"type": "NM_METHOD_NAMING_CONVENTION", "file_name": "ColinTreeListViewElement.java", "commit_sha": "9c8a07890724f52b7aee3a07a9c135c3912e320d", "line_no": 710, "priority": 2, "description": "Nm: Method names should start with a lower case letter", "line_content": "    public float ExtraButtonTextFontSize() {\n"}, {"type": "NM_METHOD_NAMING_CONVENTION", "file_name": "ColinTreeListViewElement.java", "commit_sha": "9c8a07890724f52b7aee3a07a9c135c3912e320d", "line_no": 715, "priority": 2, "description": "Nm: Method names should start with a lower case letter", "line_content": "    public void ExtraButtonTextFontSize(float size) {\n"}, {"type": "NM_METHOD_NAMING_CONVENTION", "file_name": "ColinTreeListViewElement.java", "commit_sha": "9c8a07890724f52b7aee3a07a9c135c3912e320d", "line_no": 721, "priority": 2, "description": "Nm: Method names should start with a lower case letter", "line_content": "    public boolean ExtraButtonTextFontBold() {\n"}, {"type": "NM_METHOD_NAMING_CONVENTION", "file_name": "ColinTreeListViewElement.java", "commit_sha": "9c8a07890724f52b7aee3a07a9c135c3912e320d", "line_no": 726, "priority": 2, "description": "Nm: Method names should start with a lower case letter", "line_content": "    public void ExtraButtonTextFontBold(boolean bold) {\n"}, {"type": "NM_METHOD_NAMING_CONVENTION", "file_name": "ColinTreeListViewElement.java", "commit_sha": "9c8a07890724f52b7aee3a07a9c135c3912e320d", "line_no": 732, "priority": 2, "description": "Nm: Method names should start with a lower case letter", "line_content": "    public float ExtraButtonWidth() {\n"}, {"type": "NM_METHOD_NAMING_CONVENTION", "file_name": "ColinTreeListViewElement.java", "commit_sha": "9c8a07890724f52b7aee3a07a9c135c3912e320d", "line_no": 737, "priority": 2, "description": "Nm: Method names should start with a lower case letter", "line_content": "    public void ExtraButtonWidth(int width) {\n"}, {"type": "NM_METHOD_NAMING_CONVENTION", "file_name": "ColinTreeListViewElement.java", "commit_sha": "9c8a07890724f52b7aee3a07a9c135c3912e320d", "line_no": 743, "priority": 2, "description": "Nm: Method names should start with a lower case letter", "line_content": "    public float ExtraButtonHeight() {\n"}, {"type": "NM_METHOD_NAMING_CONVENTION", "file_name": "ColinTreeListViewElement.java", "commit_sha": "9c8a07890724f52b7aee3a07a9c135c3912e320d", "line_no": 748, "priority": 2, "description": "Nm: Method names should start with a lower case letter", "line_content": "    public void ExtraButtonHeight(int height) {\n"}, {"type": "NM_METHOD_NAMING_CONVENTION", "file_name": "ColinTreeListViewElement.java", "commit_sha": "9c8a07890724f52b7aee3a07a9c135c3912e320d", "line_no": 754, "priority": 2, "description": "Nm: Method names should start with a lower case letter", "line_content": "    public float ExtraButtonPaddings() {\n"}, {"type": "NM_METHOD_NAMING_CONVENTION", "file_name": "ColinTreeListViewElement.java", "commit_sha": "9c8a07890724f52b7aee3a07a9c135c3912e320d", "line_no": 759, "priority": 2, "description": "Nm: Method names should start with a lower case letter", "line_content": "    public void ExtraButtonPaddings(int paddings) {\n"}, {"type": "NM_METHOD_NAMING_CONVENTION", "file_name": "ColinTreeListViewElement.java", "commit_sha": "9c8a07890724f52b7aee3a07a9c135c3912e320d", "line_no": 765, "priority": 2, "description": "Nm: Method names should start with a lower case letter", "line_content": "    public int ExtraButtonBgColor() {\n"}, {"type": "NM_METHOD_NAMING_CONVENTION", "file_name": "ColinTreeListViewElement.java", "commit_sha": "9c8a07890724f52b7aee3a07a9c135c3912e320d", "line_no": 771, "priority": 2, "description": "Nm: Method names should start with a lower case letter", "line_content": "    @DesignerProperty(editorType = PropertyTypeConstants.PROPERTY_TYPE_COLOR,\n            defaultValue = DEFAULT_VALUE_COLOR_LTGRAY)\n    public void ExtraButtonBgColor(int argb) {\n"}, {"type": "NM_METHOD_NAMING_CONVENTION", "file_name": "ColinTreeListViewElement.java", "commit_sha": "9c8a07890724f52b7aee3a07a9c135c3912e320d", "line_no": 777, "priority": 2, "description": "Nm: Method names should start with a lower case letter", "line_content": "    public int ExtraButtonShape() {\n"}, {"type": "NM_METHOD_NAMING_CONVENTION", "file_name": "ColinTreeListViewElement.java", "commit_sha": "9c8a07890724f52b7aee3a07a9c135c3912e320d", "line_no": 789, "priority": 2, "description": "Nm: Method names should start with a lower case letter", "line_content": "    public String ExtraButtonImage() {\n"}, {"type": "NM_METHOD_NAMING_CONVENTION", "file_name": "ColinTreeListViewElement.java", "commit_sha": "9c8a07890724f52b7aee3a07a9c135c3912e320d", "line_no": 794, "priority": 2, "description": "Nm: Method names should start with a lower case letter", "line_content": "    public void ExtraButtonImage(String path) {\n"}, {"type": "NM_METHOD_NAMING_CONVENTION", "file_name": "ColinTreeListViewElement.java", "commit_sha": "9c8a07890724f52b7aee3a07a9c135c3912e320d", "line_no": 800, "priority": 2, "description": "Nm: Method names should start with a lower case letter", "line_content": "    public int UnderlineColor() {\n"}, {"type": "NM_METHOD_NAMING_CONVENTION", "file_name": "ColinTreeListViewElement.java", "commit_sha": "9c8a07890724f52b7aee3a07a9c135c3912e320d", "line_no": 806, "priority": 2, "description": "Nm: Method names should start with a lower case letter", "line_content": "    @DesignerProperty(editorType = PropertyTypeConstants.PROPERTY_TYPE_COLOR,\n            defaultValue = DEFAULT_VALUE_COLOR_LTGRAY)\n    public void UnderlineColor(int argb) {\n"}, {"type": "NM_METHOD_NAMING_CONVENTION", "file_name": "ColinTreeListViewElement.java", "commit_sha": "9c8a07890724f52b7aee3a07a9c135c3912e320d", "line_no": 812, "priority": 2, "description": "Nm: Method names should start with a lower case letter", "line_content": "    public int UnderlineWidth() {\n"}, {"type": "NM_METHOD_NAMING_CONVENTION", "file_name": "ColinTreeListViewElement.java", "commit_sha": "9c8a07890724f52b7aee3a07a9c135c3912e320d", "line_no": 817, "priority": 2, "description": "Nm: Method names should start with a lower case letter", "line_content": "    public void UnderlineWidth(int lineWidth) {\n"}, {"type": "NM_METHOD_NAMING_CONVENTION", "file_name": "ColinTreeListViewElement.java", "commit_sha": "9c8a07890724f52b7aee3a07a9c135c3912e320d", "line_no": 830, "priority": 2, "description": "Nm: Method names should start with a lower case letter", "line_content": "    public boolean ScrollBottomAfterAdd() {\n"}, {"type": "NM_METHOD_NAMING_CONVENTION", "file_name": "ColinTreeListViewElement.java", "commit_sha": "9c8a07890724f52b7aee3a07a9c135c3912e320d", "line_no": 835, "priority": 2, "description": "Nm: Method names should start with a lower case letter", "line_content": "    public void ScrollBottomAfterAdd(boolean scroll) {\n"}, {"type": "NM_METHOD_NAMING_CONVENTION", "file_name": "ColinTreeListViewElement.java", "commit_sha": "9c8a07890724f52b7aee3a07a9c135c3912e320d", "line_no": 840, "priority": 2, "description": "Nm: Method names should start with a lower case letter", "line_content": "    public boolean AsyncImageLoad() {\n"}, {"type": "NM_METHOD_NAMING_CONVENTION", "file_name": "ColinTreeListViewElement.java", "commit_sha": "9c8a07890724f52b7aee3a07a9c135c3912e320d", "line_no": 845, "priority": 2, "description": "Nm: Method names should start with a lower case letter", "line_content": "    public void AsyncImageLoad(boolean async) {\n"}, {"type": "NM_METHOD_NAMING_CONVENTION", "file_name": "ColinTreeListViewElement.java", "commit_sha": "9c8a07890724f52b7aee3a07a9c135c3912e320d", "line_no": 850, "priority": 2, "description": "Nm: Method names should start with a lower case letter", "line_content": "    public boolean CacheImage() {\n"}, {"type": "NM_METHOD_NAMING_CONVENTION", "file_name": "ColinTreeListViewElement.java", "commit_sha": "9c8a07890724f52b7aee3a07a9c135c3912e320d", "line_no": 855, "priority": 2, "description": "Nm: Method names should start with a lower case letter", "line_content": "    public void CacheImage(boolean cache) {\n"}, {"type": "NM_METHOD_NAMING_CONVENTION", "file_name": "ColinTreeListViewElement.java", "commit_sha": "9c8a07890724f52b7aee3a07a9c135c3912e320d", "line_no": 860, "priority": 2, "description": "Nm: Method names should start with a lower case letter", "line_content": "    public boolean ExtraButtonEnabled() {\n"}, {"type": "NM_METHOD_NAMING_CONVENTION", "file_name": "ColinTreeListViewElement.java", "commit_sha": "9c8a07890724f52b7aee3a07a9c135c3912e320d", "line_no": 865, "priority": 2, "description": "Nm: Method names should start with a lower case letter", "line_content": "    public void ExtraButtonEnabled(boolean enable) {\n"}, {"type": "NM_METHOD_NAMING_CONVENTION", "file_name": "ColinTreeListViewElement.java", "commit_sha": "9c8a07890724f52b7aee3a07a9c135c3912e320d", "line_no": 869, "priority": 2, "description": "Nm: Method names should start with a lower case letter", "line_content": "    public boolean MultiSelection() {\n"}, {"type": "NM_METHOD_NAMING_CONVENTION", "file_name": "ColinTreeListViewElement.java", "commit_sha": "9c8a07890724f52b7aee3a07a9c135c3912e320d", "line_no": 874, "priority": 2, "description": "Nm: Method names should start with a lower case letter", "line_content": "    public void MultiSelection(boolean multiSelection) {\n"}, {"type": "NM_METHOD_NAMING_CONVENTION", "file_name": "ColinTreeListViewElement.java", "commit_sha": "9c8a07890724f52b7aee3a07a9c135c3912e320d", "line_no": 878, "priority": 2, "description": "Nm: Method names should start with a lower case letter", "line_content": "    public boolean ShowTouchDownColor() {\n"}, {"type": "NM_METHOD_NAMING_CONVENTION", "file_name": "ColinTreeListViewElement.java", "commit_sha": "9c8a07890724f52b7aee3a07a9c135c3912e320d", "line_no": 883, "priority": 2, "description": "Nm: Method names should start with a lower case letter", "line_content": "    public void ShowTouchDownColor(boolean show) {\n"}, {"type": "NM_METHOD_NAMING_CONVENTION", "file_name": "ColinTreeListViewElement.java", "commit_sha": "9c8a07890724f52b7aee3a07a9c135c3912e320d", "line_no": 920, "priority": 5, "description": "Nm: Method names should start with a lower case letter", "line_content": "            ha.AlignVertical(ComponentConstants.GRAVITY_CENTER_VERTICAL);\n"}, {"type": "NM_METHOD_NAMING_CONVENTION", "file_name": "ColinTreeListViewElement.java", "commit_sha": "9c8a07890724f52b7aee3a07a9c135c3912e320d", "line_no": 921, "priority": 5, "description": "Nm: Method names should start with a lower case letter", "line_content": "            ha.Width(LENGTH_FILL_PARENT);\n"}, {"type": "NM_METHOD_NAMING_CONVENTION", "file_name": "ColinTreeListViewElement.java", "commit_sha": "9c8a07890724f52b7aee3a07a9c135c3912e320d", "line_no": 924, "priority": 5, "description": "Nm: Method names should start with a lower case letter", "line_content": "            labelBeforeIcon.Text(\"\");\n"}, {"type": "NM_METHOD_NAMING_CONVENTION", "file_name": "ColinTreeListViewElement.java", "commit_sha": "9c8a07890724f52b7aee3a07a9c135c3912e320d", "line_no": 939, "priority": 2, "description": "Nm: Method names should start with a lower case letter", "line_content": "                public void TouchDown() {\n"}, {"type": "NM_METHOD_NAMING_CONVENTION", "file_name": "ColinTreeListViewElement.java", "commit_sha": "9c8a07890724f52b7aee3a07a9c135c3912e320d", "line_no": 943, "priority": 2, "description": "Nm: Method names should start with a lower case letter", "line_content": "                public void TouchUp() {\n"}, {"type": "NM_METHOD_NAMING_CONVENTION", "file_name": "ColinTreeListViewElement.java", "commit_sha": "9c8a07890724f52b7aee3a07a9c135c3912e320d", "line_no": 949, "priority": 5, "description": "Nm: Method names should start with a lower case letter", "line_content": "            labelAfterIcon.Text(\"\");\n"}, {"type": "NM_METHOD_NAMING_CONVENTION", "file_name": "ColinTreeListViewElement.java", "commit_sha": "9c8a07890724f52b7aee3a07a9c135c3912e320d", "line_no": 955, "priority": 5, "description": "Nm: Method names should start with a lower case letter", "line_content": "            size2Label.Width(LENGTH_FILL_PARENT);\n"}, {"type": "NM_METHOD_NAMING_CONVENTION", "file_name": "ColinTreeListViewElement.java", "commit_sha": "9c8a07890724f52b7aee3a07a9c135c3912e320d", "line_no": 956, "priority": 5, "description": "Nm: Method names should start with a lower case letter", "line_content": "            size2Label.Text(\"Element Text\");\n"}, {"type": "NM_METHOD_NAMING_CONVENTION", "file_name": "ColinTreeListViewElement.java", "commit_sha": "9c8a07890724f52b7aee3a07a9c135c3912e320d", "line_no": 957, "priority": 5, "description": "Nm: Method names should start with a lower case letter", "line_content": "            size2Label.TextAlignment(ALIGNMENT_NORMAL);\n"}, {"type": "NM_METHOD_NAMING_CONVENTION", "file_name": "ColinTreeListViewElement.java", "commit_sha": "9c8a07890724f52b7aee3a07a9c135c3912e320d", "line_no": 958, "priority": 5, "description": "Nm: Method names should start with a lower case letter", "line_content": "            size2Label.BackgroundColor(COLOR_NONE);\n"}, {"type": "NM_METHOD_NAMING_CONVENTION", "file_name": "ColinTreeListViewElement.java", "commit_sha": "9c8a07890724f52b7aee3a07a9c135c3912e320d", "line_no": 964, "priority": 5, "description": "Nm: Method names should start with a lower case letter", "line_content": "            size3Va.AlignVertical(ComponentConstants.GRAVITY_CENTER_VERTICAL);\n"}, {"type": "NM_METHOD_NAMING_CONVENTION", "file_name": "ColinTreeListViewElement.java", "commit_sha": "9c8a07890724f52b7aee3a07a9c135c3912e320d", "line_no": 965, "priority": 5, "description": "Nm: Method names should start with a lower case letter", "line_content": "            size3Va.AlignHorizontal(ComponentConstants.GRAVITY_LEFT);\n"}, {"type": "NM_METHOD_NAMING_CONVENTION", "file_name": "ColinTreeListViewElement.java", "commit_sha": "9c8a07890724f52b7aee3a07a9c135c3912e320d", "line_no": 966, "priority": 5, "description": "Nm: Method names should start with a lower case letter", "line_content": "            size3Va.Width(LENGTH_FILL_PARENT);\n"}, {"type": "NM_METHOD_NAMING_CONVENTION", "file_name": "ColinTreeListViewElement.java", "commit_sha": "9c8a07890724f52b7aee3a07a9c135c3912e320d", "line_no": 969, "priority": 5, "description": "Nm: Method names should start with a lower case letter", "line_content": "            size3MainText.Text(\"Element Main Text\");\n"}, {"type": "NM_METHOD_NAMING_CONVENTION", "file_name": "ColinTreeListViewElement.java", "commit_sha": "9c8a07890724f52b7aee3a07a9c135c3912e320d", "line_no": 970, "priority": 5, "description": "Nm: Method names should start with a lower case letter", "line_content": "            size3MainText.TextAlignment(ALIGNMENT_NORMAL);\n"}, {"type": "NM_METHOD_NAMING_CONVENTION", "file_name": "ColinTreeListViewElement.java", "commit_sha": "9c8a07890724f52b7aee3a07a9c135c3912e320d", "line_no": 976, "priority": 5, "description": "Nm: Method names should start with a lower case letter", "line_content": "            size3SubText.Text(\"Element Sub Text\");\n"}, {"type": "NM_METHOD_NAMING_CONVENTION", "file_name": "ColinTreeListViewElement.java", "commit_sha": "9c8a07890724f52b7aee3a07a9c135c3912e320d", "line_no": 977, "priority": 5, "description": "Nm: Method names should start with a lower case letter", "line_content": "            size3SubText.TextAlignment(ALIGNMENT_NORMAL);\n"}, {"type": "NM_METHOD_NAMING_CONVENTION", "file_name": "ColinTreeListViewElement.java", "commit_sha": "9c8a07890724f52b7aee3a07a9c135c3912e320d", "line_no": 983, "priority": 5, "description": "Nm: Method names should start with a lower case letter", "line_content": "            labelBeforeExtraButton.Text(\"\");\n"}, {"type": "NM_METHOD_NAMING_CONVENTION", "file_name": "ColinTreeListViewElement.java", "commit_sha": "9c8a07890724f52b7aee3a07a9c135c3912e320d", "line_no": 984, "priority": 5, "description": "Nm: Method names should start with a lower case letter", "line_content": "            labelBeforeExtraButton.Width(2);\n"}, {"type": "NM_METHOD_NAMING_CONVENTION", "file_name": "ColinTreeListViewElement.java", "commit_sha": "9c8a07890724f52b7aee3a07a9c135c3912e320d", "line_no": 999, "priority": 2, "description": "Nm: Method names should start with a lower case letter", "line_content": "                public void TouchDown() {\n"}, {"type": "NM_METHOD_NAMING_CONVENTION", "file_name": "ColinTreeListViewElement.java", "commit_sha": "9c8a07890724f52b7aee3a07a9c135c3912e320d", "line_no": 1003, "priority": 2, "description": "Nm: Method names should start with a lower case letter", "line_content": "                public void TouchUp() {\n"}, {"type": "NM_METHOD_NAMING_CONVENTION", "file_name": "ColinTreeListViewElement.java", "commit_sha": "9c8a07890724f52b7aee3a07a9c135c3912e320d", "line_no": 1009, "priority": 5, "description": "Nm: Method names should start with a lower case letter", "line_content": "            labelAfterText.Text(\"\");\n"}, {"type": "NM_METHOD_NAMING_CONVENTION", "file_name": "ColinTreeListViewElement.java", "commit_sha": "9c8a07890724f52b7aee3a07a9c135c3912e320d", "line_no": 1010, "priority": 5, "description": "Nm: Method names should start with a lower case letter", "line_content": "            labelAfterText.Width(10);\n"}, {"type": "NM_METHOD_NAMING_CONVENTION", "file_name": "ColinTreeListViewElement.java", "commit_sha": "9c8a07890724f52b7aee3a07a9c135c3912e320d", "line_no": 1016, "priority": 5, "description": "Nm: Method names should start with a lower case letter", "line_content": "            underline.Width(LENGTH_FILL_PARENT);\n"}, {"type": "NM_METHOD_NAMING_CONVENTION", "file_name": "ColinTreeListViewElement.java", "commit_sha": "9c8a07890724f52b7aee3a07a9c135c3912e320d", "line_no": 1017, "priority": 5, "description": "Nm: Method names should start with a lower case letter", "line_content": "            underline.Text(\"\");\n"}, {"type": "NM_METHOD_NAMING_CONVENTION", "file_name": "ColinTreeListViewElement.java", "commit_sha": "9c8a07890724f52b7aee3a07a9c135c3912e320d", "line_no": 1018, "priority": 5, "description": "Nm: Method names should start with a lower case letter", "line_content": "            underline.HasMargins(false);\n"}, {"type": "NM_METHOD_NAMING_CONVENTION", "file_name": "ColinTreeListViewElement.java", "commit_sha": "9c8a07890724f52b7aee3a07a9c135c3912e320d", "line_no": 1054, "priority": 5, "description": "Nm: Method names should start with a lower case letter", "line_content": "                    ha.BackgroundColor(0x00FFFFFF);\n"}, {"type": "NM_METHOD_NAMING_CONVENTION", "file_name": "ColinTreeListViewElement.java", "commit_sha": "9c8a07890724f52b7aee3a07a9c135c3912e320d", "line_no": 1057, "priority": 5, "description": "Nm: Method names should start with a lower case letter", "line_content": "                    ha.BackgroundColor(elementTouchDownColor);\n"}, {"type": "NM_METHOD_NAMING_CONVENTION", "file_name": "ColinTreeListViewElement.java", "commit_sha": "9c8a07890724f52b7aee3a07a9c135c3912e320d", "line_no": 1062, "priority": 3, "description": "Nm: Method names should start with a lower case letter", "line_content": "        private void ElementTouchDown() {\n"}, {"type": "NM_METHOD_NAMING_CONVENTION", "file_name": "ColinTreeListViewElement.java", "commit_sha": "9c8a07890724f52b7aee3a07a9c135c3912e320d", "line_no": 1064, "priority": 5, "description": "Nm: Method names should start with a lower case letter", "line_content": "                ha.BackgroundColor(elementTouchDownColor);\n"}, {"type": "NM_METHOD_NAMING_CONVENTION", "file_name": "ColinTreeListViewElement.java", "commit_sha": "9c8a07890724f52b7aee3a07a9c135c3912e320d", "line_no": 1068, "priority": 3, "description": "Nm: Method names should start with a lower case letter", "line_content": "        private void ElementTouchUp() {\n"}, {"type": "NM_METHOD_NAMING_CONVENTION", "file_name": "ColinTreeListViewElement.java", "commit_sha": "9c8a07890724f52b7aee3a07a9c135c3912e320d", "line_no": 1070, "priority": 5, "description": "Nm: Method names should start with a lower case letter", "line_content": "                ha.BackgroundColor(0x00FFFFFF);\n"}, {"type": "NM_METHOD_NAMING_CONVENTION", "file_name": "ColinTreeListViewElement.java", "commit_sha": "9c8a07890724f52b7aee3a07a9c135c3912e320d", "line_no": 1078, "priority": 5, "description": "Nm: Method names should start with a lower case letter", "line_content": "                ElementTouchDown();\n"}, {"type": "NM_METHOD_NAMING_CONVENTION", "file_name": "ColinTreeListViewElement.java", "commit_sha": "9c8a07890724f52b7aee3a07a9c135c3912e320d", "line_no": 1080, "priority": 5, "description": "Nm: Method names should start with a lower case letter", "line_content": "                ElementTouchUp();\n"}, {"type": "NM_METHOD_NAMING_CONVENTION", "file_name": "ColinTreeListViewElement.java", "commit_sha": "9c8a07890724f52b7aee3a07a9c135c3912e320d", "line_no": 1092, "priority": 5, "description": "Nm: Method names should start with a lower case letter", "line_content": "            ha.Height(elementHeight);\n"}, {"type": "NM_METHOD_NAMING_CONVENTION", "file_name": "ColinTreeListViewElement.java", "commit_sha": "9c8a07890724f52b7aee3a07a9c135c3912e320d", "line_no": 1094, "priority": 5, "description": "Nm: Method names should start with a lower case letter", "line_content": "            labelBeforeIcon.Width(elementWidthBeforeIcon);\n"}, {"type": "NM_METHOD_NAMING_CONVENTION", "file_name": "ColinTreeListViewElement.java", "commit_sha": "9c8a07890724f52b7aee3a07a9c135c3912e320d", "line_no": 1096, "priority": 5, "description": "Nm: Method names should start with a lower case letter", "line_content": "            icon.Height(elementIconHeight);\n"}, {"type": "NM_METHOD_NAMING_CONVENTION", "file_name": "ColinTreeListViewElement.java", "commit_sha": "9c8a07890724f52b7aee3a07a9c135c3912e320d", "line_no": 1097, "priority": 5, "description": "Nm: Method names should start with a lower case letter", "line_content": "            icon.Width(elementIconWidth);\n"}, {"type": "NM_METHOD_NAMING_CONVENTION", "file_name": "ColinTreeListViewElement.java", "commit_sha": "9c8a07890724f52b7aee3a07a9c135c3912e320d", "line_no": 1098, "priority": 5, "description": "Nm: Method names should start with a lower case letter", "line_content": "            icon.Shape(elementIconShape);\n"}, {"type": "NM_METHOD_NAMING_CONVENTION", "file_name": "ColinTreeListViewElement.java", "commit_sha": "9c8a07890724f52b7aee3a07a9c135c3912e320d", "line_no": 1099, "priority": 5, "description": "Nm: Method names should start with a lower case letter", "line_content": "            icon.BackgroundColor(elementIconBgColor);\n"}, {"type": "NM_METHOD_NAMING_CONVENTION", "file_name": "ColinTreeListViewElement.java", "commit_sha": "9c8a07890724f52b7aee3a07a9c135c3912e320d", "line_no": 1100, "priority": 5, "description": "Nm: Method names should start with a lower case letter", "line_content": "            icon.TextColor(elementIconTextColor);\n"}, {"type": "NM_METHOD_NAMING_CONVENTION", "file_name": "ColinTreeListViewElement.java", "commit_sha": "9c8a07890724f52b7aee3a07a9c135c3912e320d", "line_no": 1101, "priority": 5, "description": "Nm: Method names should start with a lower case letter", "line_content": "            icon.FontSize(elementIconTextFontSize);\n"}, {"type": "NM_METHOD_NAMING_CONVENTION", "file_name": "ColinTreeListViewElement.java", "commit_sha": "9c8a07890724f52b7aee3a07a9c135c3912e320d", "line_no": 1102, "priority": 5, "description": "Nm: Method names should start with a lower case letter", "line_content": "            icon.FontBold(elementIconTextFontBold);\n"}, {"type": "NM_METHOD_NAMING_CONVENTION", "file_name": "ColinTreeListViewElement.java", "commit_sha": "9c8a07890724f52b7aee3a07a9c135c3912e320d", "line_no": 1108, "priority": 5, "description": "Nm: Method names should start with a lower case letter", "line_content": "            labelAfterIcon.Width(elementWidthAfterIcon);\n"}, {"type": "NM_METHOD_NAMING_CONVENTION", "file_name": "ColinTreeListViewElement.java", "commit_sha": "9c8a07890724f52b7aee3a07a9c135c3912e320d", "line_no": 1110, "priority": 5, "description": "Nm: Method names should start with a lower case letter", "line_content": "            size2Label.TextColor(elementTextColor);\n"}, {"type": "NM_METHOD_NAMING_CONVENTION", "file_name": "ColinTreeListViewElement.java", "commit_sha": "9c8a07890724f52b7aee3a07a9c135c3912e320d", "line_no": 1111, "priority": 5, "description": "Nm: Method names should start with a lower case letter", "line_content": "            size2Label.FontSize(elementTextFontSize);\n"}, {"type": "NM_METHOD_NAMING_CONVENTION", "file_name": "ColinTreeListViewElement.java", "commit_sha": "9c8a07890724f52b7aee3a07a9c135c3912e320d", "line_no": 1112, "priority": 5, "description": "Nm: Method names should start with a lower case letter", "line_content": "            size2Label.FontBold(elementTextFontBold);\n"}, {"type": "NM_METHOD_NAMING_CONVENTION", "file_name": "ColinTreeListViewElement.java", "commit_sha": "9c8a07890724f52b7aee3a07a9c135c3912e320d", "line_no": 1114, "priority": 5, "description": "Nm: Method names should start with a lower case letter", "line_content": "            size3MainText.TextColor(elementTextColor);\n"}, {"type": "NM_METHOD_NAMING_CONVENTION", "file_name": "ColinTreeListViewElement.java", "commit_sha": "9c8a07890724f52b7aee3a07a9c135c3912e320d", "line_no": 1115, "priority": 5, "description": "Nm: Method names should start with a lower case letter", "line_content": "            size3MainText.FontSize(elementTextFontSize);\n"}, {"type": "NM_METHOD_NAMING_CONVENTION", "file_name": "ColinTreeListViewElement.java", "commit_sha": "9c8a07890724f52b7aee3a07a9c135c3912e320d", "line_no": 1116, "priority": 5, "description": "Nm: Method names should start with a lower case letter", "line_content": "            size3MainText.FontBold(elementTextFontBold);\n"}, {"type": "NM_METHOD_NAMING_CONVENTION", "file_name": "ColinTreeListViewElement.java", "commit_sha": "9c8a07890724f52b7aee3a07a9c135c3912e320d", "line_no": 1117, "priority": 5, "description": "Nm: Method names should start with a lower case letter", "line_content": "            size3MainText.Height(elementTextHeight);\n"}, {"type": "NM_METHOD_NAMING_CONVENTION", "file_name": "ColinTreeListViewElement.java", "commit_sha": "9c8a07890724f52b7aee3a07a9c135c3912e320d", "line_no": 1119, "priority": 5, "description": "Nm: Method names should start with a lower case letter", "line_content": "            size3SubText.TextColor(elementSubTextColor);\n"}, {"type": "NM_METHOD_NAMING_CONVENTION", "file_name": "ColinTreeListViewElement.java", "commit_sha": "9c8a07890724f52b7aee3a07a9c135c3912e320d", "line_no": 1120, "priority": 5, "description": "Nm: Method names should start with a lower case letter", "line_content": "            size3SubText.FontSize(elementSubTextFontSize);\n"}, {"type": "NM_METHOD_NAMING_CONVENTION", "file_name": "ColinTreeListViewElement.java", "commit_sha": "9c8a07890724f52b7aee3a07a9c135c3912e320d", "line_no": 1121, "priority": 5, "description": "Nm: Method names should start with a lower case letter", "line_content": "            size3SubText.FontBold(elementSubTextFontBold);\n"}, {"type": "NM_METHOD_NAMING_CONVENTION", "file_name": "ColinTreeListViewElement.java", "commit_sha": "9c8a07890724f52b7aee3a07a9c135c3912e320d", "line_no": 1122, "priority": 5, "description": "Nm: Method names should start with a lower case letter", "line_content": "            size3SubText.Height(elementSubTextHeight);\n"}, {"type": "NM_METHOD_NAMING_CONVENTION", "file_name": "ColinTreeListViewElement.java", "commit_sha": "9c8a07890724f52b7aee3a07a9c135c3912e320d", "line_no": 1124, "priority": 5, "description": "Nm: Method names should start with a lower case letter", "line_content": "            labelBeforeExtraButton.Width(elementWidthBeforeExtraButton);\n"}, {"type": "NM_METHOD_NAMING_CONVENTION", "file_name": "ColinTreeListViewElement.java", "commit_sha": "9c8a07890724f52b7aee3a07a9c135c3912e320d", "line_no": 1126, "priority": 5, "description": "Nm: Method names should start with a lower case letter", "line_content": "            Visible(extraButton, extraButtonEnabled);\n"}, {"type": "NM_METHOD_NAMING_CONVENTION", "file_name": "ColinTreeListViewElement.java", "commit_sha": "9c8a07890724f52b7aee3a07a9c135c3912e320d", "line_no": 1127, "priority": 5, "description": "Nm: Method names should start with a lower case letter", "line_content": "            extraButton.Text(elementExtraButtonText);\n"}, {"type": "NM_METHOD_NAMING_CONVENTION", "file_name": "ColinTreeListViewElement.java", "commit_sha": "9c8a07890724f52b7aee3a07a9c135c3912e320d", "line_no": 1128, "priority": 5, "description": "Nm: Method names should start with a lower case letter", "line_content": "            extraButton.FontSize(elementExtraButtonTextFontSize);\n"}, {"type": "NM_METHOD_NAMING_CONVENTION", "file_name": "ColinTreeListViewElement.java", "commit_sha": "9c8a07890724f52b7aee3a07a9c135c3912e320d", "line_no": 1129, "priority": 5, "description": "Nm: Method names should start with a lower case letter", "line_content": "            extraButton.FontBold(elementExtraButtonTextFontBold);\n"}, {"type": "NM_METHOD_NAMING_CONVENTION", "file_name": "ColinTreeListViewElement.java", "commit_sha": "9c8a07890724f52b7aee3a07a9c135c3912e320d", "line_no": 1130, "priority": 5, "description": "Nm: Method names should start with a lower case letter", "line_content": "            extraButton.Width(elementExtraButtonWidth);\n"}, {"type": "NM_METHOD_NAMING_CONVENTION", "file_name": "ColinTreeListViewElement.java", "commit_sha": "9c8a07890724f52b7aee3a07a9c135c3912e320d", "line_no": 1131, "priority": 5, "description": "Nm: Method names should start with a lower case letter", "line_content": "            extraButton.Height(elementExtraButtonHeight);\n"}, {"type": "NM_METHOD_NAMING_CONVENTION", "file_name": "ColinTreeListViewElement.java", "commit_sha": "9c8a07890724f52b7aee3a07a9c135c3912e320d", "line_no": 1132, "priority": 5, "description": "Nm: Method names should start with a lower case letter", "line_content": "            extraButton.BackgroundColor(elementExtraButtonBgColor);\n"}, {"type": "NM_METHOD_NAMING_CONVENTION", "file_name": "ColinTreeListViewElement.java", "commit_sha": "9c8a07890724f52b7aee3a07a9c135c3912e320d", "line_no": 1133, "priority": 5, "description": "Nm: Method names should start with a lower case letter", "line_content": "            extraButton.Shape(elementExtraButtonShape);\n"}, {"type": "NM_METHOD_NAMING_CONVENTION", "file_name": "ColinTreeListViewElement.java", "commit_sha": "9c8a07890724f52b7aee3a07a9c135c3912e320d", "line_no": 1139, "priority": 5, "description": "Nm: Method names should start with a lower case letter", "line_content": "            underline.BackgroundColor(elementUnderlineColor);\n"}, {"type": "NM_METHOD_NAMING_CONVENTION", "file_name": "ColinTreeListViewElement.java", "commit_sha": "9c8a07890724f52b7aee3a07a9c135c3912e320d", "line_no": 1140, "priority": 5, "description": "Nm: Method names should start with a lower case letter", "line_content": "            underline.Height(elementUnderlineWidth);\n"}, {"type": "NM_METHOD_NAMING_CONVENTION", "file_name": "ColinTreeListViewElement.java", "commit_sha": "9c8a07890724f52b7aee3a07a9c135c3912e320d", "line_no": 1154, "priority": 5, "description": "Nm: Method names should start with a lower case letter", "line_content": "            Visible(ha, true);\n"}, {"type": "NM_METHOD_NAMING_CONVENTION", "file_name": "ColinTreeListViewElement.java", "commit_sha": "9c8a07890724f52b7aee3a07a9c135c3912e320d", "line_no": 1155, "priority": 5, "description": "Nm: Method names should start with a lower case letter", "line_content": "            Visible(underline, true);\n"}, {"type": "NM_METHOD_NAMING_CONVENTION", "file_name": "ColinTreeListViewElement.java", "commit_sha": "9c8a07890724f52b7aee3a07a9c135c3912e320d", "line_no": 1159, "priority": 5, "description": "Nm: Method names should start with a lower case letter", "line_content": "            Visible(ha, false);\n"}, {"type": "NM_METHOD_NAMING_CONVENTION", "file_name": "ColinTreeListViewElement.java", "commit_sha": "9c8a07890724f52b7aee3a07a9c135c3912e320d", "line_no": 1160, "priority": 5, "description": "Nm: Method names should start with a lower case letter", "line_content": "            Visible(underline, false);\n"}, {"type": "NM_METHOD_NAMING_CONVENTION", "file_name": "ColinTreeListViewElement.java", "commit_sha": "9c8a07890724f52b7aee3a07a9c135c3912e320d", "line_no": 1177, "priority": 5, "description": "Nm: Method names should start with a lower case letter", "line_content": "            icon.Text(text);\n"}, {"type": "NM_METHOD_NAMING_CONVENTION", "file_name": "ColinTreeListViewElement.java", "commit_sha": "9c8a07890724f52b7aee3a07a9c135c3912e320d", "line_no": 1198, "priority": 5, "description": "Nm: Method names should start with a lower case letter", "line_content": "                        icon.Image(path);\n"}, {"type": "NM_METHOD_NAMING_CONVENTION", "file_name": "ColinTreeListViewElement.java", "commit_sha": "9c8a07890724f52b7aee3a07a9c135c3912e320d", "line_no": 1222, "priority": 5, "description": "Nm: Method names should start with a lower case letter", "line_content": "            bb.Image(\"\"); // As preload image\n            CachedImage ci = iconMap.get(path); "}, {"type": "NM_METHOD_NAMING_CONVENTION", "file_name": "ColinTreeListViewElement.java", "commit_sha": "9c8a07890724f52b7aee3a07a9c135c3912e320d", "line_no": 1233, "priority": 5, "description": "Nm: Method names should start with a lower case letter", "line_content": "                size2Label.Text(text);\n"}, {"type": "NM_METHOD_NAMING_CONVENTION", "file_name": "ColinTreeListViewElement.java", "commit_sha": "9c8a07890724f52b7aee3a07a9c135c3912e320d", "line_no": 1240, "priority": 5, "description": "Nm: Method names should start with a lower case letter", "line_content": "            return (size()<3) ? size2Label.Text() : getMainText();\n"}, {"type": "NM_METHOD_NAMING_CONVENTION", "file_name": "ColinTreeListViewElement.java", "commit_sha": "9c8a07890724f52b7aee3a07a9c135c3912e320d", "line_no": 1247, "priority": 5, "description": "Nm: Method names should start with a lower case letter", "line_content": "                size3MainText.Text(text);\n"}, {"type": "NM_METHOD_NAMING_CONVENTION", "file_name": "ColinTreeListViewElement.java", "commit_sha": "9c8a07890724f52b7aee3a07a9c135c3912e320d", "line_no": 1252, "priority": 5, "description": "Nm: Method names should start with a lower case letter", "line_content": "            return (size()<3) ? getText() : size3MainText.Text();\n"}, {"type": "NM_METHOD_NAMING_CONVENTION", "file_name": "ColinTreeListViewElement.java", "commit_sha": "9c8a07890724f52b7aee3a07a9c135c3912e320d", "line_no": 1259, "priority": 5, "description": "Nm: Method names should start with a lower case letter", "line_content": "                size3SubText.Text(text);\n"}, {"type": "NM_METHOD_NAMING_CONVENTION", "file_name": "ColinTreeListViewElement.java", "commit_sha": "9c8a07890724f52b7aee3a07a9c135c3912e320d", "line_no": 1264, "priority": 5, "description": "Nm: Method names should start with a lower case letter", "line_content": "            return (size()<3) ? getText() : size3SubText.Text();\n"}, {"type": "NM_METHOD_NAMING_CONVENTION", "file_name": "ColinTreeListViewElement.java", "commit_sha": "9c8a07890724f52b7aee3a07a9c135c3912e320d", "line_no": 1287, "priority": 5, "description": "Nm: Method names should start with a lower case letter", "line_content": "            Visible(icon, false);\n"}, {"type": "NM_METHOD_NAMING_CONVENTION", "file_name": "ColinTreeListViewElement.java", "commit_sha": "9c8a07890724f52b7aee3a07a9c135c3912e320d", "line_no": 1288, "priority": 5, "description": "Nm: Method names should start with a lower case letter", "line_content": "            Visible(size2Label, true);\n"}, {"type": "NM_METHOD_NAMING_CONVENTION", "file_name": "ColinTreeListViewElement.java", "commit_sha": "9c8a07890724f52b7aee3a07a9c135c3912e320d", "line_no": 1289, "priority": 5, "description": "Nm: Method names should start with a lower case letter", "line_content": "            Visible(size3Va, false);\n"}, {"type": "NM_METHOD_NAMING_CONVENTION", "file_name": "ColinTreeListViewElement.java", "commit_sha": "9c8a07890724f52b7aee3a07a9c135c3912e320d", "line_no": 1291, "priority": 5, "description": "Nm: Method names should start with a lower case letter", "line_content": "            size2Label.Text(list.getString(0));\n"}, {"type": "NM_METHOD_NAMING_CONVENTION", "file_name": "ColinTreeListViewElement.java", "commit_sha": "9c8a07890724f52b7aee3a07a9c135c3912e320d", "line_no": 1296, "priority": 5, "description": "Nm: Method names should start with a lower case letter", "line_content": "            Visible(icon, true);\n"}, {"type": "NM_METHOD_NAMING_CONVENTION", "file_name": "ColinTreeListViewElement.java", "commit_sha": "9c8a07890724f52b7aee3a07a9c135c3912e320d", "line_no": 1297, "priority": 5, "description": "Nm: Method names should start with a lower case letter", "line_content": "            Visible(size2Label, true);\n"}, {"type": "NM_METHOD_NAMING_CONVENTION", "file_name": "ColinTreeListViewElement.java", "commit_sha": "9c8a07890724f52b7aee3a07a9c135c3912e320d", "line_no": 1298, "priority": 5, "description": "Nm: Method names should start with a lower case letter", "line_content": "            Visible(size3Va, false);\n"}, {"type": "NM_METHOD_NAMING_CONVENTION", "file_name": "ColinTreeListViewElement.java", "commit_sha": "9c8a07890724f52b7aee3a07a9c135c3912e320d", "line_no": 1301, "priority": 5, "description": "Nm: Method names should start with a lower case letter", "line_content": "            size2Label.Text(list.getString(1));\n"}, {"type": "NM_METHOD_NAMING_CONVENTION", "file_name": "ColinTreeListViewElement.java", "commit_sha": "9c8a07890724f52b7aee3a07a9c135c3912e320d", "line_no": 1306, "priority": 5, "description": "Nm: Method names should start with a lower case letter", "line_content": "            Visible(icon, true);\n"}, {"type": "NM_METHOD_NAMING_CONVENTION", "file_name": "ColinTreeListViewElement.java", "commit_sha": "9c8a07890724f52b7aee3a07a9c135c3912e320d", "line_no": 1307, "priority": 5, "description": "Nm: Method names should start with a lower case letter", "line_content": "            Visible(size2Label, false);\n"}, {"type": "NM_METHOD_NAMING_CONVENTION", "file_name": "ColinTreeListViewElement.java", "commit_sha": "9c8a07890724f52b7aee3a07a9c135c3912e320d", "line_no": 1308, "priority": 5, "description": "Nm: Method names should start with a lower case letter", "line_content": "            Visible(size3Va, true);\n"}, {"type": "NM_METHOD_NAMING_CONVENTION", "file_name": "ColinTreeListViewElement.java", "commit_sha": "9c8a07890724f52b7aee3a07a9c135c3912e320d", "line_no": 1311, "priority": 5, "description": "Nm: Method names should start with a lower case letter", "line_content": "            size3MainText.Text(list.getString(1));\n"}, {"type": "NM_METHOD_NAMING_CONVENTION", "file_name": "ColinTreeListViewElement.java", "commit_sha": "9c8a07890724f52b7aee3a07a9c135c3912e320d", "line_no": 1312, "priority": 5, "description": "Nm: Method names should start with a lower case letter", "line_content": "            size3SubText.Text(list.getString(2));\n"}, {"type": "NM_METHOD_NAMING_CONVENTION", "file_name": "ColinTreeListViewElement.java", "commit_sha": "9c8a07890724f52b7aee3a07a9c135c3912e320d", "line_no": 1404, "priority": 2, "description": "Nm: Method names should start with a lower case letter", "line_content": "    public static void Visible(AndroidViewComponent avc, boolean visibility) {\n"}]}