{"repo": "crate/crate", "id": "11149", "total": 1, "items": [{"type": "VA_FORMAT_STRING_USES_NEWLINE", "file_name": "server/src/test/java/io/crate/integrationtests/SnapshotRestoreIntegrationTest.java", "commit_sha": "bba5bcac0c054607b94c411d5980d50bda31c7c1", "line_no": 217, "priority": 2, "description": "Format string should use %n rather than \\n", "line_content": "        assertThat(printedTable(response.rows()),\n                   is(String.format(\n                \"my_snapshot| my_repo| [%s.backmeup]| SUCCESS\\n\" +\n                \"my_snapshot| my_repo_ro| [%s.backmeup]| SUCCESS\\n\",\n"}]}