{"repo": "JetBrains/azure-tools-for-intellij", "id": "453", "total": 2, "items": [{"type": "NM_METHOD_NAMING_CONVENTION", "file_name": "PluginsAndFeatures/azure-toolkit-for-intellij/src/com/microsoft/azuretools/ijidea/ui/ErrorWindow.java", "commit_sha": "84c54de9b567944fa549f18e808d90b251a69903", "line_no": 56, "priority": 5, "description": "Nm: Method names should start with a lower case letter", "line_content": "        final AuthException authException = AuthExceptionUtil.GetUserRetryableAuthException(exception);\n"}, {"type": "NM_METHOD_NAMING_CONVENTION", "file_name": "Utils/azuretools-core/src/com/microsoft/azuretools/authmanage/AuthExceptionUtil.java", "commit_sha": "84c54de9b567944fa549f18e808d90b251a69903", "line_no": 40, "priority": 2, "description": "Nm: Method names should start with a lower case letter", "line_content": "    public static AuthException GetUserRetryableAuthException(Throwable throwable) {\n"}]}