{"repo": "super30admin/Design-2", "id": "514", "total": 8, "items": [{"type": "NM_METHOD_NAMING_CONVENTION", "file_name": "MyHashSet.java", "commit_sha": "5ca9c62b38659f4ab8eb4ec5b243ea05b4611086", "line_no": 12, "priority": 3, "description": "Nm: Method names should start with a lower case letter", "line_content": "    private int Bucket(int key){\n"}, {"type": "NM_METHOD_NAMING_CONVENTION", "file_name": "MyHashSet.java", "commit_sha": "5ca9c62b38659f4ab8eb4ec5b243ea05b4611086", "line_no": 15, "priority": 3, "description": "Nm: Method names should start with a lower case letter", "line_content": "    private int BucketItems(int key){\n"}, {"type": "NM_METHOD_NAMING_CONVENTION", "file_name": "MyHashSet.java", "commit_sha": "5ca9c62b38659f4ab8eb4ec5b243ea05b4611086", "line_no": 20, "priority": 5, "description": "Nm: Method names should start with a lower case letter", "line_content": "        int bucket = Bucket(key);\n"}, {"type": "NM_METHOD_NAMING_CONVENTION", "file_name": "MyHashSet.java", "commit_sha": "5ca9c62b38659f4ab8eb4ec5b243ea05b4611086", "line_no": 21, "priority": 5, "description": "Nm: Method names should start with a lower case letter", "line_content": "        int bucketitem = BucketItems(key);\n"}, {"type": "NM_METHOD_NAMING_CONVENTION", "file_name": "MyHashSet.java", "commit_sha": "5ca9c62b38659f4ab8eb4ec5b243ea05b4611086", "line_no": 31, "priority": 5, "description": "Nm: Method names should start with a lower case letter", "line_content": "        int bucket = Bucket(key);\n"}, {"type": "NM_METHOD_NAMING_CONVENTION", "file_name": "MyHashSet.java", "commit_sha": "5ca9c62b38659f4ab8eb4ec5b243ea05b4611086", "line_no": 32, "priority": 5, "description": "Nm: Method names should start with a lower case letter", "line_content": "        int bucketitem = BucketItems(key);\n"}, {"type": "NM_METHOD_NAMING_CONVENTION", "file_name": "MyHashSet.java", "commit_sha": "5ca9c62b38659f4ab8eb4ec5b243ea05b4611086", "line_no": 41, "priority": 5, "description": "Nm: Method names should start with a lower case letter", "line_content": "        int bucket = Bucket(key);\n"}, {"type": "NM_METHOD_NAMING_CONVENTION", "file_name": "MyHashSet.java", "commit_sha": "5ca9c62b38659f4ab8eb4ec5b243ea05b4611086", "line_no": 42, "priority": 5, "description": "Nm: Method names should start with a lower case letter", "line_content": "        int bucketitem = BucketItems(key);\n"}]}