{"repo": "DrManhatta/runelite", "id": "2", "total": 4, "items": [{"type": "VA_FORMAT_STRING_USES_NEWLINE", "file_name": "cache/src/main/java/net/runelite/cache/fs/flat/FlatStorage.java", "commit_sha": "05ae0b769c55aa3e22ce1815acac36810497686e", "line_no": 220, "priority": 3, "description": "Format string should use %n rather than \\n", "line_content": "\t\t\t\tbr.printf(\"revision=%d\\n\", idx.getRevision());\n"}, {"type": "VA_FORMAT_STRING_USES_NEWLINE", "file_name": "cache/src/main/java/net/runelite/cache/fs/flat/FlatStorage.java", "commit_sha": "05ae0b769c55aa3e22ce1815acac36810497686e", "line_no": 221, "priority": 3, "description": "Format string should use %n rather than \\n", "line_content": "\t\t\t\tbr.printf(\"compression=%d\\n\", idx.getCompression());\n"}, {"type": "VA_FORMAT_STRING_USES_NEWLINE", "file_name": "cache/src/main/java/net/runelite/cache/fs/flat/FlatStorage.java", "commit_sha": "05ae0b769c55aa3e22ce1815acac36810497686e", "line_no": 222, "priority": 3, "description": "Format string should use %n rather than \\n", "line_content": "\t\t\t\tbr.printf(\"crc=%d\\n\", idx.getCrc());\n"}, {"type": "VA_FORMAT_STRING_USES_NEWLINE", "file_name": "cache/src/main/java/net/runelite/cache/fs/flat/FlatStorage.java", "commit_sha": "05ae0b769c55aa3e22ce1815acac36810497686e", "line_no": 223, "priority": 3, "description": "Format string should use %n rather than \\n", "line_content": "\t\t\t\tbr.printf(\"named=%b\\n\", idx.isNamed());\n"}]}