{"repo": "paceville/ElenaBogacheva_LevelUP", "id": "8", "total": 2, "items": [{"type": "NM_CLASS_NAMING_CONVENTION", "file_name": "src/test/java/homework_5/task_1/isNegativeTest.java", "commit_sha": "5be133c44f695f18bc10cb5014eebe3ab991e4e8", "line_no": 8, "priority": 2, "description": "Nm: Class names should start with an upper case letter", "line_content": "public class isNegativeTest {\n"}, {"type": "NM_CLASS_NAMING_CONVENTION", "file_name": "src/test/java/homework_5/task_1/isPositiveTest.java", "commit_sha": "5be133c44f695f18bc10cb5014eebe3ab991e4e8", "line_no": 8, "priority": 2, "description": "Nm: Class names should start with an upper case letter", "line_content": "public class isPositiveTest {\n"}]}