{"repo": "NetherlandsForensicInstitute/cellscanner", "id": "40", "total": 1, "items": [{"type": "ES_COMPARING_STRINGS_WITH_EQ", "file_name": "app/src/main/java/nl/nfi/cellscanner/UserDataUploadWorker.java", "commit_sha": "4353c535332780c57277688648be3aaf75d07a64", "line_no": 158, "priority": 2, "description": "Suspicious reference comparison of String objects", "line_content": "                if (uri.getScheme() == \"ftp\")\n                    uploadFtp(ctx, source, dest_filename, uri.getHost(), username, password);\n"}]}