{"repo": "hmcts/hmi-api-gateway-fh", "id": "352", "total": 4, "items": [{"type": "DMI_RANDOM_USED_ONLY_ONCE", "file_name": "src/functionalTest/java/uk/gov/hmcts/futurehearings/hmi/functional/hearings/HearingsAPITest.java", "commit_sha": "5969fe68dac56a1648fe0896529e1b46f049cacd", "line_no": 50, "priority": 1, "description": "Random object created and used only once", "line_content": "        int randomId = new Random().nextInt(99999999);\n"}, {"type": "DMI_RANDOM_USED_ONLY_ONCE", "file_name": "src/functionalTest/java/uk/gov/hmcts/futurehearings/hmi/functional/hearings/HearingsAPITest.java", "commit_sha": "5969fe68dac56a1648fe0896529e1b46f049cacd", "line_no": 60, "priority": 1, "description": "Random object created and used only once", "line_content": "        int randomId = new Random().nextInt(99999999);\n"}, {"type": "DMI_RANDOM_USED_ONLY_ONCE", "file_name": "src/functionalTest/java/uk/gov/hmcts/futurehearings/hmi/functional/resources/ResourcesAPITest.java", "commit_sha": "5969fe68dac56a1648fe0896529e1b46f049cacd", "line_no": 67, "priority": 1, "description": "Random object created and used only once", "line_content": "        int randomId = new Random().nextInt(99999999);\n"}, {"type": "DMI_RANDOM_USED_ONLY_ONCE", "file_name": "src/functionalTest/java/uk/gov/hmcts/futurehearings/hmi/functional/videohearing/VideoHearingTest.java", "commit_sha": "5969fe68dac56a1648fe0896529e1b46f049cacd", "line_no": 65, "priority": 1, "description": "Random object created and used only once", "line_content": "        final String username = String.format(\"abc\" + new Random().nextInt(999999));\n"}]}