{"repo": "Akssasori/ApiRestfull-Merchandising", "id": "1", "total": 3, "items": [{"type": "NM_METHOD_NAMING_CONVENTION", "file_name": "src/main/java/br/com/lucas/controller/CanalController.java", "commit_sha": "fc5880d7f66ba870335a4a735db4cd351f68c96c", "line_no": 55, "priority": 5, "description": "Nm: Method names should start with a lower case letter", "line_content": "\t\t\tservice.Save(canal);\n"}, {"type": "NM_METHOD_NAMING_CONVENTION", "file_name": "src/main/java/br/com/lucas/controller/CanalController.java", "commit_sha": "fc5880d7f66ba870335a4a735db4cd351f68c96c", "line_no": 71, "priority": 5, "description": "Nm: Method names should start with a lower case letter", "line_content": "\t\tservice.Save(canal);\n"}, {"type": "NM_METHOD_NAMING_CONVENTION", "file_name": "src/main/java/br/com/lucas/service/CanalService.java", "commit_sha": "fc5880d7f66ba870335a4a735db4cd351f68c96c", "line_no": 25, "priority": 2, "description": "Nm: Method names should start with a lower case letter", "line_content": "\tpublic void Save(Canal canal) {\n"}]}