{"repo": "openhab/openhab-addons", "id": "10277", "total": 4, "items": [{"type": "ES_COMPARING_STRINGS_WITH_EQ", "file_name": "bundles/org.openhab.binding.tapocontrol/src/main/java/org/openhab/binding/tapocontrol/internal/api/TapoConnector.java", "commit_sha": "7e868efb578561f7fd33c3a6778fa9b463e84db9", "line_no": 195, "priority": 2, "description": "Suspicious reference comparison of String objects", "line_content": "        if (cookie != \"\") {\n"}, {"type": "ES_COMPARING_STRINGS_WITH_EQ", "file_name": "bundles/org.openhab.binding.tapocontrol/src/main/java/org/openhab/binding/tapocontrol/internal/api/TapoConnector.java", "commit_sha": "7e868efb578561f7fd33c3a6778fa9b463e84db9", "line_no": 442, "priority": 2, "description": "Suspicious reference comparison of String objects", "line_content": "            return this.token != \"\";\n"}, {"type": "VA_FORMAT_STRING_USES_NEWLINE", "file_name": "bundles/org.openhab.binding.tapocontrol/src/main/java/org/openhab/binding/tapocontrol/internal/helpers/TapoCredentials.java", "commit_sha": "7e868efb578561f7fd33c3a6778fa9b463e84db9", "line_no": 149, "priority": 2, "description": "Format string should use %n rather than \\n", "line_content": "        return String.format(\"-----BEGIN PRIVATE KEY-----\\n%s\\n-----END PRIVATE KEY-----\\n\", privateKey);\n"}, {"type": "VA_FORMAT_STRING_USES_NEWLINE", "file_name": "bundles/org.openhab.binding.tapocontrol/src/main/java/org/openhab/binding/tapocontrol/internal/helpers/TapoCredentials.java", "commit_sha": "7e868efb578561f7fd33c3a6778fa9b463e84db9", "line_no": 158, "priority": 2, "description": "Format string should use %n rather than \\n", "line_content": "        return String.format(\"-----BEGIN PUBLIC KEY-----\\n%s\\n-----END PUBLIC KEY-----\\n\", publicKey);\n"}]}