{"repo": "NergzMohammed/NAVFORT_V1", "id": "4", "total": 2, "items": [{"type": "ES_COMPARING_STRINGS_WITH_EQ", "file_name": "src/test/java/com/navfort/stepdefinitions/VehicleStepDefs.java", "commit_sha": "b20f2b361e531300b03973a45cdae8d72c4d0ada", "line_no": 126, "priority": 2, "description": "Suspicious reference comparison of String objects", "line_content": "        if(action==\"Pin\"){\n"}, {"type": "ES_COMPARING_STRINGS_WITH_EQ", "file_name": "src/test/java/com/navfort/stepdefinitions/VehicleStepDefs.java", "commit_sha": "b20f2b361e531300b03973a45cdae8d72c4d0ada", "line_no": 128, "priority": 2, "description": "Suspicious reference comparison of String objects", "line_content": "        }else if (action == \"Favorite\") {\n"}]}