{"repo": "jenkinsci/urltrigger-plugin", "id": "38", "total": 4, "items": [{"type": "NM_METHOD_NAMING_CONVENTION", "file_name": "src/main/java/org/jenkinsci/plugins/urltrigger/URLTrigger.java", "commit_sha": "8a190b50327f8353b46d59cdd31fd145c8f64241", "line_no": 252, "priority": 5, "description": "Nm: Method names should start with a lower case letter", "line_content": "                URLTriggerCause.SetUrlTrigger(entry.getUrl());\n"}, {"type": "NM_METHOD_NAMING_CONVENTION", "file_name": "src/main/java/org/jenkinsci/plugins/urltrigger/URLTriggerCause.java", "commit_sha": "8a190b50327f8353b46d59cdd31fd145c8f64241", "line_no": 14, "priority": 2, "description": "Nm: Method names should start with a lower case letter", "line_content": "    public static void SetUrlTrigger(String url) {\n"}, {"type": "NM_METHOD_NAMING_CONVENTION", "file_name": "src/test/java/org/jenkinsci/plugins/urltrigger/environment/URLTriggerEnvironmentContributorTest.java", "commit_sha": "8a190b50327f8353b46d59cdd31fd145c8f64241", "line_no": 38, "priority": 5, "description": "Nm: Method names should start with a lower case letter", "line_content": "        URLTriggerCause.SetUrlTrigger(\"http://test.com\");\n"}, {"type": "NM_METHOD_NAMING_CONVENTION", "file_name": "src/test/java/org/jenkinsci/plugins/urltrigger/environment/URLTriggerEnvironmentContributorTest.java", "commit_sha": "8a190b50327f8353b46d59cdd31fd145c8f64241", "line_no": 50, "priority": 5, "description": "Nm: Method names should start with a lower case letter", "line_content": "        URLTriggerCause.SetUrlTrigger(\"http://test.com\");\n"}]}