{"repo": "metasfresh/metasfresh", "id": "10852", "total": 4, "items": [{"type": "UI_INHERITANCE_UNSAFE_GETRESOURCE", "file_name": "backend/de.metas.payment.esr/src/test/java/de/metas/payment/esr/dataimporter/impl/camt54/ESRDataImporterCamt54V02Tests.java", "commit_sha": "a59bd44b78cd56fe991e4f034c4251b3f794cd88", "line_no": 285, "priority": 3, "description": "Usage of GetResource may be unsafe if class is extended", "line_content": "\t\tfinal InputStream inputStream = getClass().getResourceAsStream(\"/camt54_v02_QRR.xml\");\n"}, {"type": "UI_INHERITANCE_UNSAFE_GETRESOURCE", "file_name": "backend/de.metas.payment.esr/src/test/java/de/metas/payment/esr/dataimporter/impl/camt54/ESRDataImporterCamt54V02Tests.java", "commit_sha": "a59bd44b78cd56fe991e4f034c4251b3f794cd88", "line_no": 306, "priority": 3, "description": "Usage of GetResource may be unsafe if class is extended", "line_content": "\t\tfinal InputStream inputStream = getClass().getResourceAsStream(\"/camt54_v02_QRR_MultipleTrxTypes.xml\");\n"}, {"type": "UI_INHERITANCE_UNSAFE_GETRESOURCE", "file_name": "backend/de.metas.payment.esr/src/test/java/de/metas/payment/esr/dataimporter/impl/camt54/ESRDataImporterCamt54V06Tests.java", "commit_sha": "a59bd44b78cd56fe991e4f034c4251b3f794cd88", "line_no": 312, "priority": 3, "description": "Usage of GetResource may be unsafe if class is extended", "line_content": "\t\tfinal InputStream inputStream = getClass().getResourceAsStream(\"/camt054_QRR.xml\");\n"}, {"type": "UI_INHERITANCE_UNSAFE_GETRESOURCE", "file_name": "backend/de.metas.payment.esr/src/test/java/de/metas/payment/esr/dataimporter/impl/camt54/ESRDataImporterCamt54V06Tests.java", "commit_sha": "a59bd44b78cd56fe991e4f034c4251b3f794cd88", "line_no": 333, "priority": 3, "description": "Usage of GetResource may be unsafe if class is extended", "line_content": "\t\tfinal InputStream inputStream = getClass().getResourceAsStream(\"/camt054_QRR_MultipleTrxTypes.xml\");\n"}]}