{"repo": "europeana/corelib", "id": "233", "total": 1, "items": [{"type": "UI_INHERITANCE_UNSAFE_GETRESOURCE", "file_name": "corelib-schemaorg/src/test/java/eu/europeana/corelib/edm/utils/SchemaOrgUtilsTest.java", "commit_sha": "1d6a266bdae65d95184b5908b1dcf546f835d148", "line_no": 85, "priority": 3, "description": "Usage of GetResource may be unsafe if class is extended", "line_content": "        try (InputStream stream = getClass().getResourceAsStream(MockBeanConstants.EDMORGANIZATION_FILE)) {\n"}]}