{"repo": "ftsrg-retelab/base", "id": "31", "total": 2, "items": [{"type": "NM_METHOD_NAMING_CONVENTION", "file_name": "train-system/src/test/java/hu/bme/mit/train/system/TrainSystemTest.java", "commit_sha": "c62ecb03f9104a78c1302251244f89c67b74c12c", "line_no": 57, "priority": 2, "description": "Nm: Method names should start with a lower case letter", "line_content": "\tpublic void CheckJostickAndSpeedLimitInitializationCheck() {\n"}, {"type": "NM_METHOD_NAMING_CONVENTION", "file_name": "train-system/src/test/java/hu/bme/mit/train/system/TrainSystemTest.java", "commit_sha": "c62ecb03f9104a78c1302251244f89c67b74c12c", "line_no": 70, "priority": 2, "description": "Nm: Method names should start with a lower case letter", "line_content": "\tpublic void TachographTest() {\n"}]}