{"repo": "projectnessie/nessie", "id": "938", "total": 1, "items": [{"type": "VA_FORMAT_STRING_USES_NEWLINE", "file_name": "versioned/tiered/dynamodb/src/main/java/org/projectnessie/versioned/dynamodb/DynamoStore.java", "commit_sha": "d6ab6b438b9d422a5d0762f0f7c983753a72817e", "line_no": 251, "priority": 2, "description": "Format string should use %n rather than \\n", "line_content": "              throw new NotFoundException(\n                  String.format(\"[%d] object(s) missing in table read [%s]. \\n\\nObjects expected: %s\\n\\nObjects Received: %s\",\n                  missingResponses, table, loadList, responses));\n"}]}