{"repo": "Zipcoder/QuizZero.Maven", "id": "2", "total": 106, "items": [{"type": "SA_SELF_COMPUTATION", "file_name": "QuizZero.Maven/src/main/java/QuizZero.java", "commit_sha": "0ea974bbb460fcc3134b566a498ea35d4f62e139", "line_no": 14, "priority": 2, "description": "Nonsensical self computation involving a variable or field", "line_content": "        return 15 - 15;\n"}, {"type": "SA_SELF_COMPUTATION", "file_name": "QuizZero.Maven/src/main/java/QuizZero.java", "commit_sha": "0ea974bbb460fcc3134b566a498ea35d4f62e139", "line_no": 92, "priority": 2, "description": "Nonsensical self computation involving a variable or field", "line_content": "            return 5 - 5;\n"}, {"type": "NM_METHOD_NAMING_CONVENTION", "file_name": "QuizZero.Maven/src/main/java/QuizZero.java", "commit_sha": "0ea974bbb460fcc3134b566a498ea35d4f62e139", "line_no": 19, "priority": 2, "description": "Nm: Method names should start with a lower case letter", "line_content": "    public static  int Qzero(int a, int b) {\n"}, {"type": "NM_METHOD_NAMING_CONVENTION", "file_name": "QuizZero.Maven/src/main/java/QuizZero.java", "commit_sha": "0ea974bbb460fcc3134b566a498ea35d4f62e139", "line_no": 24, "priority": 2, "description": "Nm: Method names should start with a lower case letter", "line_content": "    public static  int Qone(int a, int b) {\n"}, {"type": "NM_METHOD_NAMING_CONVENTION", "file_name": "QuizZero.Maven/src/main/java/QuizZero.java", "commit_sha": "0ea974bbb460fcc3134b566a498ea35d4f62e139", "line_no": 29, "priority": 2, "description": "Nm: Method names should start with a lower case letter", "line_content": "    public static  int Qtwo(int a, int b) {  return a * b; }\n"}, {"type": "NM_METHOD_NAMING_CONVENTION", "file_name": "QuizZero.Maven/src/main/java/QuizZero.java", "commit_sha": "0ea974bbb460fcc3134b566a498ea35d4f62e139", "line_no": 31, "priority": 2, "description": "Nm: Method names should start with a lower case letter", "line_content": "    public static  int Qthree(int a, int b) { return a - b; }\n"}, {"type": "NM_METHOD_NAMING_CONVENTION", "file_name": "QuizZero.Maven/src/main/java/QuizZero.java", "commit_sha": "0ea974bbb460fcc3134b566a498ea35d4f62e139", "line_no": 33, "priority": 2, "description": "Nm: Method names should start with a lower case letter", "line_content": "    public static  int Qfour(int a) { return *= -1; }\n"}, {"type": "NM_METHOD_NAMING_CONVENTION", "file_name": "QuizZero.Maven/src/main/java/QuizZero.java", "commit_sha": "0ea974bbb460fcc3134b566a498ea35d4f62e139", "line_no": 35, "priority": 2, "description": "Nm: Method names should start with a lower case letter", "line_content": "    public static  int Qfive(int a, int b) {\n"}, {"type": "NM_METHOD_NAMING_CONVENTION", "file_name": "QuizZero.Maven/src/main/java/QuizZero.java", "commit_sha": "0ea974bbb460fcc3134b566a498ea35d4f62e139", "line_no": 40, "priority": 2, "description": "Nm: Method names should start with a lower case letter", "line_content": "    public static  int Qsix(int a) { return Math.pow(a, 3); }\n"}, {"type": "NM_METHOD_NAMING_CONVENTION", "file_name": "QuizZero.Maven/src/main/java/QuizZero.java", "commit_sha": "0ea974bbb460fcc3134b566a498ea35d4f62e139", "line_no": 42, "priority": 2, "description": "Nm: Method names should start with a lower case letter", "line_content": "    public static  int Qseven(int a, int b) { return a % b; }\n"}, {"type": "NM_METHOD_NAMING_CONVENTION", "file_name": "QuizZero.Maven/src/main/java/QuizZero.java", "commit_sha": "0ea974bbb460fcc3134b566a498ea35d4f62e139", "line_no": 44, "priority": 2, "description": "Nm: Method names should start with a lower case letter", "line_content": "    public static  int Qeight(int a, int b, int c) { return (a + b) / c; }\n"}, {"type": "NM_METHOD_NAMING_CONVENTION", "file_name": "QuizZero.Maven/src/main/java/QuizZero.java", "commit_sha": "0ea974bbb460fcc3134b566a498ea35d4f62e139", "line_no": 47, "priority": 2, "description": "Nm: Method names should start with a lower case letter", "line_content": "    public static  int Qnine(int a, int b) { return a * b + 5; }\n"}, {"type": "NM_METHOD_NAMING_CONVENTION", "file_name": "QuizZero.Maven/src/main/java/QuizZero.java", "commit_sha": "0ea974bbb460fcc3134b566a498ea35d4f62e139", "line_no": 50, "priority": 2, "description": "Nm: Method names should start with a lower case letter", "line_content": "    public static  boolean Qaay(boolean a, boolean b) { \n"}, {"type": "NM_METHOD_NAMING_CONVENTION", "file_name": "QuizZero.Maven/src/main/java/QuizZero.java", "commit_sha": "0ea974bbb460fcc3134b566a498ea35d4f62e139", "line_no": 57, "priority": 2, "description": "Nm: Method names should start with a lower case letter", "line_content": "    public static  boolean Qbee(boolean a, boolean b) { \n"}, {"type": "NM_METHOD_NAMING_CONVENTION", "file_name": "QuizZero.Maven/src/main/java/QuizZero.java", "commit_sha": "0ea974bbb460fcc3134b566a498ea35d4f62e139", "line_no": 64, "priority": 2, "description": "Nm: Method names should start with a lower case letter", "line_content": "    public static  int Qcee(boolean a, boolean b) { \n"}, {"type": "NM_METHOD_NAMING_CONVENTION", "file_name": "QuizZero.Maven/src/main/java/QuizZero.java", "commit_sha": "0ea974bbb460fcc3134b566a498ea35d4f62e139", "line_no": 74, "priority": 2, "description": "Nm: Method names should start with a lower case letter", "line_content": "    public static  float Qdee(float x, int b) { \n"}, {"type": "NM_METHOD_NAMING_CONVENTION", "file_name": "QuizZero.Maven/src/main/java/QuizZero.java", "commit_sha": "0ea974bbb460fcc3134b566a498ea35d4f62e139", "line_no": 78, "priority": 2, "description": "Nm: Method names should start with a lower case letter", "line_content": "    public static  int Qeee(double x, double y) { \n"}, {"type": "NM_METHOD_NAMING_CONVENTION", "file_name": "QuizZero.Maven/src/main/java/QuizZero.java", "commit_sha": "0ea974bbb460fcc3134b566a498ea35d4f62e139", "line_no": 86, "priority": 2, "description": "Nm: Method names should start with a lower case letter", "line_content": "    public static  int Qeff(int a) { \n"}, {"type": "NM_METHOD_NAMING_CONVENTION", "file_name": "QuizZero.Maven/src/test/java/QuizZeroTest.java", "commit_sha": "0ea974bbb460fcc3134b566a498ea35d4f62e139", "line_no": 9, "priority": 5, "description": "Nm: Method names should start with a lower case letter", "line_content": "        assertEquals(0, QuizZero.Qzero(5, 6));\n"}, {"type": "NM_METHOD_NAMING_CONVENTION", "file_name": "QuizZero.Maven/src/test/java/QuizZeroTest.java", "commit_sha": "0ea974bbb460fcc3134b566a498ea35d4f62e139", "line_no": 10, "priority": 5, "description": "Nm: Method names should start with a lower case letter", "line_content": "        assertEquals(0, QuizZero.Qzero(3, -96));\n"}, {"type": "NM_METHOD_NAMING_CONVENTION", "file_name": "QuizZero.Maven/src/test/java/QuizZeroTest.java", "commit_sha": "0ea974bbb460fcc3134b566a498ea35d4f62e139", "line_no": 15, "priority": 5, "description": "Nm: Method names should start with a lower case letter", "line_content": "        assertEquals(4, QuizZero.Qone(2, 2));\n"}, {"type": "NM_METHOD_NAMING_CONVENTION", "file_name": "QuizZero.Maven/src/test/java/QuizZeroTest.java", "commit_sha": "0ea974bbb460fcc3134b566a498ea35d4f62e139", "line_no": 16, "priority": 5, "description": "Nm: Method names should start with a lower case letter", "line_content": "        assertEquals(5, QuizZero.Qone(3, 2));\n"}, {"type": "NM_METHOD_NAMING_CONVENTION", "file_name": "QuizZero.Maven/src/test/java/QuizZeroTest.java", "commit_sha": "0ea974bbb460fcc3134b566a498ea35d4f62e139", "line_no": 17, "priority": 5, "description": "Nm: Method names should start with a lower case letter", "line_content": "        assertEquals(0, QuizZero.Qone(5, -5));\n"}, {"type": "NM_METHOD_NAMING_CONVENTION", "file_name": "QuizZero.Maven/src/test/java/QuizZeroTest.java", "commit_sha": "0ea974bbb460fcc3134b566a498ea35d4f62e139", "line_no": 18, "priority": 5, "description": "Nm: Method names should start with a lower case letter", "line_content": "        assertEquals(1000, QuizZero.Qone(200, 800));\n"}, {"type": "NM_METHOD_NAMING_CONVENTION", "file_name": "QuizZero.Maven/src/test/java/QuizZeroTest.java", "commit_sha": "0ea974bbb460fcc3134b566a498ea35d4f62e139", "line_no": 24, "priority": 5, "description": "Nm: Method names should start with a lower case letter", "line_content": "        assertEquals(4, QuizZero.Qtwo(2, 2));\n"}, {"type": "NM_METHOD_NAMING_CONVENTION", "file_name": "QuizZero.Maven/src/test/java/QuizZeroTest.java", "commit_sha": "0ea974bbb460fcc3134b566a498ea35d4f62e139", "line_no": 25, "priority": 5, "description": "Nm: Method names should start with a lower case letter", "line_content": "        assertEquals(6, QuizZero.Qtwo(3, 2));\n"}, {"type": "NM_METHOD_NAMING_CONVENTION", "file_name": "QuizZero.Maven/src/test/java/QuizZeroTest.java", "commit_sha": "0ea974bbb460fcc3134b566a498ea35d4f62e139", "line_no": 26, "priority": 5, "description": "Nm: Method names should start with a lower case letter", "line_content": "        assertEquals(30, QuizZero.Qtwo(5, 6));\n"}, {"type": "NM_METHOD_NAMING_CONVENTION", "file_name": "QuizZero.Maven/src/test/java/QuizZeroTest.java", "commit_sha": "0ea974bbb460fcc3134b566a498ea35d4f62e139", "line_no": 27, "priority": 5, "description": "Nm: Method names should start with a lower case letter", "line_content": "        assertEquals(33, QuizZero.Qtwo(11, 3));\n"}, {"type": "NM_METHOD_NAMING_CONVENTION", "file_name": "QuizZero.Maven/src/test/java/QuizZeroTest.java", "commit_sha": "0ea974bbb460fcc3134b566a498ea35d4f62e139", "line_no": 32, "priority": 5, "description": "Nm: Method names should start with a lower case letter", "line_content": "        assertEquals(0, QuizZero.Qthree(2, 2));\n"}, {"type": "NM_METHOD_NAMING_CONVENTION", "file_name": "QuizZero.Maven/src/test/java/QuizZeroTest.java", "commit_sha": "0ea974bbb460fcc3134b566a498ea35d4f62e139", "line_no": 33, "priority": 5, "description": "Nm: Method names should start with a lower case letter", "line_content": "        assertEquals(1, QuizZero.Qthree(2, 3));\n"}, {"type": "NM_METHOD_NAMING_CONVENTION", "file_name": "QuizZero.Maven/src/test/java/QuizZeroTest.java", "commit_sha": "0ea974bbb460fcc3134b566a498ea35d4f62e139", "line_no": 34, "priority": 5, "description": "Nm: Method names should start with a lower case letter", "line_content": "        assertEquals(2, QuizZero.Qthree(75, 77));\n"}, {"type": "NM_METHOD_NAMING_CONVENTION", "file_name": "QuizZero.Maven/src/test/java/QuizZeroTest.java", "commit_sha": "0ea974bbb460fcc3134b566a498ea35d4f62e139", "line_no": 35, "priority": 5, "description": "Nm: Method names should start with a lower case letter", "line_content": "        assertEquals(9, QuizZero.Qthree(2, 11));\n"}, {"type": "NM_METHOD_NAMING_CONVENTION", "file_name": "QuizZero.Maven/src/test/java/QuizZeroTest.java", "commit_sha": "0ea974bbb460fcc3134b566a498ea35d4f62e139", "line_no": 36, "priority": 5, "description": "Nm: Method names should start with a lower case letter", "line_content": "        assertEquals(-14, QuizZero.Qthree(-3, -17));\n"}, {"type": "NM_METHOD_NAMING_CONVENTION", "file_name": "QuizZero.Maven/src/test/java/QuizZeroTest.java", "commit_sha": "0ea974bbb460fcc3134b566a498ea35d4f62e139", "line_no": 41, "priority": 5, "description": "Nm: Method names should start with a lower case letter", "line_content": "        assertEquals(0, QuizZero.Qfour(0));\n"}, {"type": "NM_METHOD_NAMING_CONVENTION", "file_name": "QuizZero.Maven/src/test/java/QuizZeroTest.java", "commit_sha": "0ea974bbb460fcc3134b566a498ea35d4f62e139", "line_no": 42, "priority": 5, "description": "Nm: Method names should start with a lower case letter", "line_content": "        assertEquals(-1, QuizZero.Qfour(1));\n"}, {"type": "NM_METHOD_NAMING_CONVENTION", "file_name": "QuizZero.Maven/src/test/java/QuizZeroTest.java", "commit_sha": "0ea974bbb460fcc3134b566a498ea35d4f62e139", "line_no": 43, "priority": 5, "description": "Nm: Method names should start with a lower case letter", "line_content": "        assertEquals(2, QuizZero.Qfour(-2));\n"}, {"type": "NM_METHOD_NAMING_CONVENTION", "file_name": "QuizZero.Maven/src/test/java/QuizZeroTest.java", "commit_sha": "0ea974bbb460fcc3134b566a498ea35d4f62e139", "line_no": 48, "priority": 5, "description": "Nm: Method names should start with a lower case letter", "line_content": "        assertEquals(4, QuizZero.Qfive(2, 2));\n"}, {"type": "NM_METHOD_NAMING_CONVENTION", "file_name": "QuizZero.Maven/src/test/java/QuizZeroTest.java", "commit_sha": "0ea974bbb460fcc3134b566a498ea35d4f62e139", "line_no": 49, "priority": 5, "description": "Nm: Method names should start with a lower case letter", "line_content": "        assertEquals(4, QuizZero.Qfive(2, 3));\n"}, {"type": "NM_METHOD_NAMING_CONVENTION", "file_name": "QuizZero.Maven/src/test/java/QuizZeroTest.java", "commit_sha": "0ea974bbb460fcc3134b566a498ea35d4f62e139", "line_no": 50, "priority": 5, "description": "Nm: Method names should start with a lower case letter", "line_content": "        assertEquals(150, QuizZero.Qfive(75, 77));\n"}, {"type": "NM_METHOD_NAMING_CONVENTION", "file_name": "QuizZero.Maven/src/test/java/QuizZeroTest.java", "commit_sha": "0ea974bbb460fcc3134b566a498ea35d4f62e139", "line_no": 51, "priority": 5, "description": "Nm: Method names should start with a lower case letter", "line_content": "        assertEquals(6, QuizZero.Qfive(3, 3));\n"}, {"type": "NM_METHOD_NAMING_CONVENTION", "file_name": "QuizZero.Maven/src/test/java/QuizZeroTest.java", "commit_sha": "0ea974bbb460fcc3134b566a498ea35d4f62e139", "line_no": 52, "priority": 5, "description": "Nm: Method names should start with a lower case letter", "line_content": "        assertEquals(2, QuizZero.Qfive(1, 1));\n"}, {"type": "NM_METHOD_NAMING_CONVENTION", "file_name": "QuizZero.Maven/src/test/java/QuizZeroTest.java", "commit_sha": "0ea974bbb460fcc3134b566a498ea35d4f62e139", "line_no": 57, "priority": 5, "description": "Nm: Method names should start with a lower case letter", "line_content": "        assertEquals(0, QuizZero.Qsix(0));\n"}, {"type": "NM_METHOD_NAMING_CONVENTION", "file_name": "QuizZero.Maven/src/test/java/QuizZeroTest.java", "commit_sha": "0ea974bbb460fcc3134b566a498ea35d4f62e139", "line_no": 58, "priority": 5, "description": "Nm: Method names should start with a lower case letter", "line_content": "        assertEquals(1, QuizZero.Qsix(1));\n"}, {"type": "NM_METHOD_NAMING_CONVENTION", "file_name": "QuizZero.Maven/src/test/java/QuizZeroTest.java", "commit_sha": "0ea974bbb460fcc3134b566a498ea35d4f62e139", "line_no": 59, "priority": 5, "description": "Nm: Method names should start with a lower case letter", "line_content": "        assertEquals(8, QuizZero.Qsix(2));\n"}, {"type": "NM_METHOD_NAMING_CONVENTION", "file_name": "QuizZero.Maven/src/test/java/QuizZeroTest.java", "commit_sha": "0ea974bbb460fcc3134b566a498ea35d4f62e139", "line_no": 60, "priority": 5, "description": "Nm: Method names should start with a lower case letter", "line_content": "        assertEquals(125, QuizZero.Qsix(5));\n"}, {"type": "NM_METHOD_NAMING_CONVENTION", "file_name": "QuizZero.Maven/src/test/java/QuizZeroTest.java", "commit_sha": "0ea974bbb460fcc3134b566a498ea35d4f62e139", "line_no": 61, "priority": 5, "description": "Nm: Method names should start with a lower case letter", "line_content": "        assertEquals(27, QuizZero.Qsix(3));\n"}, {"type": "NM_METHOD_NAMING_CONVENTION", "file_name": "QuizZero.Maven/src/test/java/QuizZeroTest.java", "commit_sha": "0ea974bbb460fcc3134b566a498ea35d4f62e139", "line_no": 62, "priority": 5, "description": "Nm: Method names should start with a lower case letter", "line_content": "        assertEquals(-8, QuizZero.Qsix(-2));\n"}, {"type": "NM_METHOD_NAMING_CONVENTION", "file_name": "QuizZero.Maven/src/test/java/QuizZeroTest.java", "commit_sha": "0ea974bbb460fcc3134b566a498ea35d4f62e139", "line_no": 67, "priority": 5, "description": "Nm: Method names should start with a lower case letter", "line_content": "        assertEquals(0, QuizZero.Qseven(4, 2));\n"}, {"type": "NM_METHOD_NAMING_CONVENTION", "file_name": "QuizZero.Maven/src/test/java/QuizZeroTest.java", "commit_sha": "0ea974bbb460fcc3134b566a498ea35d4f62e139", "line_no": 68, "priority": 5, "description": "Nm: Method names should start with a lower case letter", "line_content": "        assertEquals(3, QuizZero.Qseven(13, 10));\n"}, {"type": "NM_METHOD_NAMING_CONVENTION", "file_name": "QuizZero.Maven/src/test/java/QuizZeroTest.java", "commit_sha": "0ea974bbb460fcc3134b566a498ea35d4f62e139", "line_no": 69, "priority": 5, "description": "Nm: Method names should start with a lower case letter", "line_content": "        assertEquals(1, QuizZero.Qseven(13, 6));\n"}, {"type": "NM_METHOD_NAMING_CONVENTION", "file_name": "QuizZero.Maven/src/test/java/QuizZeroTest.java", "commit_sha": "0ea974bbb460fcc3134b566a498ea35d4f62e139", "line_no": 70, "priority": 5, "description": "Nm: Method names should start with a lower case letter", "line_content": "        assertEquals(0, QuizZero.Qseven(4, 2));\n"}, {"type": "NM_METHOD_NAMING_CONVENTION", "file_name": "QuizZero.Maven/src/test/java/QuizZeroTest.java", "commit_sha": "0ea974bbb460fcc3134b566a498ea35d4f62e139", "line_no": 71, "priority": 5, "description": "Nm: Method names should start with a lower case letter", "line_content": "        assertEquals(1, QuizZero.Qseven(5, 2));\n"}, {"type": "NM_METHOD_NAMING_CONVENTION", "file_name": "QuizZero.Maven/src/test/java/QuizZeroTest.java", "commit_sha": "0ea974bbb460fcc3134b566a498ea35d4f62e139", "line_no": 76, "priority": 5, "description": "Nm: Method names should start with a lower case letter", "line_content": "        assertEquals(3, QuizZero.Qeight(4, 3, 2));\n"}, {"type": "NM_METHOD_NAMING_CONVENTION", "file_name": "QuizZero.Maven/src/test/java/QuizZeroTest.java", "commit_sha": "0ea974bbb460fcc3134b566a498ea35d4f62e139", "line_no": 77, "priority": 5, "description": "Nm: Method names should start with a lower case letter", "line_content": "        assertEquals(4, QuizZero.Qeight(13, 10, 5));\n"}, {"type": "NM_METHOD_NAMING_CONVENTION", "file_name": "QuizZero.Maven/src/test/java/QuizZeroTest.java", "commit_sha": "0ea974bbb460fcc3134b566a498ea35d4f62e139", "line_no": 78, "priority": 5, "description": "Nm: Method names should start with a lower case letter", "line_content": "        assertEquals(3, QuizZero.Qeight(12, 6, 6));\n"}, {"type": "NM_METHOD_NAMING_CONVENTION", "file_name": "QuizZero.Maven/src/test/java/QuizZeroTest.java", "commit_sha": "0ea974bbb460fcc3134b566a498ea35d4f62e139", "line_no": 79, "priority": 5, "description": "Nm: Method names should start with a lower case letter", "line_content": "        assertEquals(2, QuizZero.Qeight(4, 2, 3));\n"}, {"type": "NM_METHOD_NAMING_CONVENTION", "file_name": "QuizZero.Maven/src/test/java/QuizZeroTest.java", "commit_sha": "0ea974bbb460fcc3134b566a498ea35d4f62e139", "line_no": 80, "priority": 5, "description": "Nm: Method names should start with a lower case letter", "line_content": "        assertEquals(7, QuizZero.Qeight(5, 2, 1));\n"}, {"type": "NM_METHOD_NAMING_CONVENTION", "file_name": "QuizZero.Maven/src/test/java/QuizZeroTest.java", "commit_sha": "0ea974bbb460fcc3134b566a498ea35d4f62e139", "line_no": 86, "priority": 5, "description": "Nm: Method names should start with a lower case letter", "line_content": "        assertEquals(13, QuizZero.Qnine(4, 2));\n"}, {"type": "NM_METHOD_NAMING_CONVENTION", "file_name": "QuizZero.Maven/src/test/java/QuizZeroTest.java", "commit_sha": "0ea974bbb460fcc3134b566a498ea35d4f62e139", "line_no": 87, "priority": 5, "description": "Nm: Method names should start with a lower case letter", "line_content": "        assertEquals(135, QuizZero.Qnine(13, 10));\n"}, {"type": "NM_METHOD_NAMING_CONVENTION", "file_name": "QuizZero.Maven/src/test/java/QuizZeroTest.java", "commit_sha": "0ea974bbb460fcc3134b566a498ea35d4f62e139", "line_no": 88, "priority": 5, "description": "Nm: Method names should start with a lower case letter", "line_content": "        assertEquals(50, QuizZero.Qnine(5, 9));\n"}, {"type": "NM_METHOD_NAMING_CONVENTION", "file_name": "QuizZero.Maven/src/test/java/QuizZeroTest.java", "commit_sha": "0ea974bbb460fcc3134b566a498ea35d4f62e139", "line_no": 89, "priority": 5, "description": "Nm: Method names should start with a lower case letter", "line_content": "        assertEquals(17, QuizZero.Qnine(4, 3));\n"}, {"type": "NM_METHOD_NAMING_CONVENTION", "file_name": "QuizZero.Maven/src/test/java/QuizZeroTest.java", "commit_sha": "0ea974bbb460fcc3134b566a498ea35d4f62e139", "line_no": 90, "priority": 5, "description": "Nm: Method names should start with a lower case letter", "line_content": "        assertEquals(15, QuizZero.Qnine(5, 2));\n"}, {"type": "NM_METHOD_NAMING_CONVENTION", "file_name": "QuizZero.Maven/src/test/java/QuizZeroTest.java", "commit_sha": "0ea974bbb460fcc3134b566a498ea35d4f62e139", "line_no": 95, "priority": 5, "description": "Nm: Method names should start with a lower case letter", "line_content": "        assertEquals(false, QuizZero.Qaay(false, false));\n"}, {"type": "NM_METHOD_NAMING_CONVENTION", "file_name": "QuizZero.Maven/src/test/java/QuizZeroTest.java", "commit_sha": "0ea974bbb460fcc3134b566a498ea35d4f62e139", "line_no": 96, "priority": 5, "description": "Nm: Method names should start with a lower case letter", "line_content": "        assertEquals(false, QuizZero.Qaay(true, false));\n"}, {"type": "NM_METHOD_NAMING_CONVENTION", "file_name": "QuizZero.Maven/src/test/java/QuizZeroTest.java", "commit_sha": "0ea974bbb460fcc3134b566a498ea35d4f62e139", "line_no": 97, "priority": 5, "description": "Nm: Method names should start with a lower case letter", "line_content": "        assertEquals(false, QuizZero.Qaay(false, true));\n"}, {"type": "NM_METHOD_NAMING_CONVENTION", "file_name": "QuizZero.Maven/src/test/java/QuizZeroTest.java", "commit_sha": "0ea974bbb460fcc3134b566a498ea35d4f62e139", "line_no": 98, "priority": 5, "description": "Nm: Method names should start with a lower case letter", "line_content": "        assertEquals(true, QuizZero.Qaay(true, true));\n"}, {"type": "NM_METHOD_NAMING_CONVENTION", "file_name": "QuizZero.Maven/src/test/java/QuizZeroTest.java", "commit_sha": "0ea974bbb460fcc3134b566a498ea35d4f62e139", "line_no": 103, "priority": 5, "description": "Nm: Method names should start with a lower case letter", "line_content": "        assertEquals(false, QuizZero.Qbee(false, false));\n"}, {"type": "NM_METHOD_NAMING_CONVENTION", "file_name": "QuizZero.Maven/src/test/java/QuizZeroTest.java", "commit_sha": "0ea974bbb460fcc3134b566a498ea35d4f62e139", "line_no": 104, "priority": 5, "description": "Nm: Method names should start with a lower case letter", "line_content": "        assertEquals(true, QuizZero.Qbee(true, false));\n"}, {"type": "NM_METHOD_NAMING_CONVENTION", "file_name": "QuizZero.Maven/src/test/java/QuizZeroTest.java", "commit_sha": "0ea974bbb460fcc3134b566a498ea35d4f62e139", "line_no": 105, "priority": 5, "description": "Nm: Method names should start with a lower case letter", "line_content": "        assertEquals(true, QuizZero.Qbee(false, true));\n"}, {"type": "NM_METHOD_NAMING_CONVENTION", "file_name": "QuizZero.Maven/src/test/java/QuizZeroTest.java", "commit_sha": "0ea974bbb460fcc3134b566a498ea35d4f62e139", "line_no": 106, "priority": 5, "description": "Nm: Method names should start with a lower case letter", "line_content": "        assertEquals(true, QuizZero.Qbee(true, true));\n"}, {"type": "NM_METHOD_NAMING_CONVENTION", "file_name": "QuizZero.Maven/src/test/java/QuizZeroTest.java", "commit_sha": "0ea974bbb460fcc3134b566a498ea35d4f62e139", "line_no": 111, "priority": 5, "description": "Nm: Method names should start with a lower case letter", "line_content": "        assertEquals(-2, QuizZero.Qcee(true, true));\n"}, {"type": "NM_METHOD_NAMING_CONVENTION", "file_name": "QuizZero.Maven/src/test/java/QuizZeroTest.java", "commit_sha": "0ea974bbb460fcc3134b566a498ea35d4f62e139", "line_no": 112, "priority": 5, "description": "Nm: Method names should start with a lower case letter", "line_content": "        assertEquals(1, QuizZero.Qcee(false, true));\n"}, {"type": "NM_METHOD_NAMING_CONVENTION", "file_name": "QuizZero.Maven/src/test/java/QuizZeroTest.java", "commit_sha": "0ea974bbb460fcc3134b566a498ea35d4f62e139", "line_no": 113, "priority": 5, "description": "Nm: Method names should start with a lower case letter", "line_content": "        assertEquals(1, QuizZero.Qcee(true, false));\n"}, {"type": "NM_METHOD_NAMING_CONVENTION", "file_name": "QuizZero.Maven/src/test/java/QuizZeroTest.java", "commit_sha": "0ea974bbb460fcc3134b566a498ea35d4f62e139", "line_no": 114, "priority": 5, "description": "Nm: Method names should start with a lower case letter", "line_content": "        assertEquals(-2, QuizZero.Qcee(false, false));\n"}, {"type": "NM_METHOD_NAMING_CONVENTION", "file_name": "QuizZero.Maven/src/test/java/QuizZeroTest.java", "commit_sha": "0ea974bbb460fcc3134b566a498ea35d4f62e139", "line_no": 119, "priority": 5, "description": "Nm: Method names should start with a lower case letter", "line_content": "        assertEquals(1.0, QuizZero.Qdee(4.0f, 2), 0.00001);\n"}, {"type": "NM_METHOD_NAMING_CONVENTION", "file_name": "QuizZero.Maven/src/test/java/QuizZeroTest.java", "commit_sha": "0ea974bbb460fcc3134b566a498ea35d4f62e139", "line_no": 120, "priority": 5, "description": "Nm: Method names should start with a lower case letter", "line_content": "        assertEquals(0.0, QuizZero.Qdee(0.0f, 101), 0.00001);\n"}, {"type": "NM_METHOD_NAMING_CONVENTION", "file_name": "QuizZero.Maven/src/test/java/QuizZeroTest.java", "commit_sha": "0ea974bbb460fcc3134b566a498ea35d4f62e139", "line_no": 121, "priority": 5, "description": "Nm: Method names should start with a lower case letter", "line_content": "        assertEquals(0.333333, QuizZero.Qdee(3.0f, 3), 0.00001);\n"}, {"type": "NM_METHOD_NAMING_CONVENTION", "file_name": "QuizZero.Maven/src/test/java/QuizZeroTest.java", "commit_sha": "0ea974bbb460fcc3134b566a498ea35d4f62e139", "line_no": 122, "priority": 5, "description": "Nm: Method names should start with a lower case letter", "line_content": "        assertEquals(4.0, QuizZero.Qdee(64.0f, 4), 0.00001);\n"}, {"type": "NM_METHOD_NAMING_CONVENTION", "file_name": "QuizZero.Maven/src/test/java/QuizZeroTest.java", "commit_sha": "0ea974bbb460fcc3134b566a498ea35d4f62e139", "line_no": 123, "priority": 5, "description": "Nm: Method names should start with a lower case letter", "line_content": "        assertEquals(1.25, QuizZero.Qdee(5.0f, 2), 0.00001);\n"}, {"type": "NM_METHOD_NAMING_CONVENTION", "file_name": "QuizZero.Maven/src/test/java/QuizZeroTest.java", "commit_sha": "0ea974bbb460fcc3134b566a498ea35d4f62e139", "line_no": 128, "priority": 5, "description": "Nm: Method names should start with a lower case letter", "line_content": "        assertEquals(0, QuizZero.Qeee(5.0, 5.0));\n"}, {"type": "NM_METHOD_NAMING_CONVENTION", "file_name": "QuizZero.Maven/src/test/java/QuizZeroTest.java", "commit_sha": "0ea974bbb460fcc3134b566a498ea35d4f62e139", "line_no": 129, "priority": 5, "description": "Nm: Method names should start with a lower case letter", "line_content": "        assertEquals(1, QuizZero.Qeee(5.1, 5.2));\n"}, {"type": "NM_METHOD_NAMING_CONVENTION", "file_name": "QuizZero.Maven/src/test/java/QuizZeroTest.java", "commit_sha": "0ea974bbb460fcc3134b566a498ea35d4f62e139", "line_no": 130, "priority": 5, "description": "Nm: Method names should start with a lower case letter", "line_content": "        assertEquals(0, QuizZero.Qeee(5.0004, 5.0004));\n"}, {"type": "NM_METHOD_NAMING_CONVENTION", "file_name": "QuizZero.Maven/src/test/java/QuizZeroTest.java", "commit_sha": "0ea974bbb460fcc3134b566a498ea35d4f62e139", "line_no": 131, "priority": 5, "description": "Nm: Method names should start with a lower case letter", "line_content": "        assertEquals(0, QuizZero.Qeee(0.000004, 0.000006));\n"}, {"type": "NM_METHOD_NAMING_CONVENTION", "file_name": "QuizZero.Maven/src/test/java/QuizZeroTest.java", "commit_sha": "0ea974bbb460fcc3134b566a498ea35d4f62e139", "line_no": 132, "priority": 5, "description": "Nm: Method names should start with a lower case letter", "line_content": "        assertEquals(1, QuizZero.Qeee(7.56, 4567.3));\n"}, {"type": "NM_METHOD_NAMING_CONVENTION", "file_name": "QuizZero.Maven/src/test/java/QuizZeroTest.java", "commit_sha": "0ea974bbb460fcc3134b566a498ea35d4f62e139", "line_no": 137, "priority": 5, "description": "Nm: Method names should start with a lower case letter", "line_content": "        assertEquals(0, QuizZero.Qeff(0));\n"}, {"type": "NM_METHOD_NAMING_CONVENTION", "file_name": "QuizZero.Maven/src/test/java/QuizZeroTest.java", "commit_sha": "0ea974bbb460fcc3134b566a498ea35d4f62e139", "line_no": 138, "priority": 5, "description": "Nm: Method names should start with a lower case letter", "line_content": "        assertEquals(0, QuizZero.Qeff(1));\n"}, {"type": "NM_METHOD_NAMING_CONVENTION", "file_name": "QuizZero.Maven/src/test/java/QuizZeroTest.java", "commit_sha": "0ea974bbb460fcc3134b566a498ea35d4f62e139", "line_no": 139, "priority": 5, "description": "Nm: Method names should start with a lower case letter", "line_content": "        assertEquals(0, QuizZero.Qeff(4));\n"}, {"type": "NM_METHOD_NAMING_CONVENTION", "file_name": "QuizZero.Maven/src/test/java/QuizZeroTest.java", "commit_sha": "0ea974bbb460fcc3134b566a498ea35d4f62e139", "line_no": 140, "priority": 5, "description": "Nm: Method names should start with a lower case letter", "line_content": "        assertEquals(0, QuizZero.Qeff(9));\n"}, {"type": "NM_METHOD_NAMING_CONVENTION", "file_name": "QuizZero.Maven/src/test/java/QuizZeroTest.java", "commit_sha": "0ea974bbb460fcc3134b566a498ea35d4f62e139", "line_no": 141, "priority": 5, "description": "Nm: Method names should start with a lower case letter", "line_content": "        assertEquals(0, QuizZero.Qeff(176281683));\n"}, {"type": "SA_SELF_COMPUTATION", "file_name": "src/main/java/QuizZero.java", "commit_sha": "0ea974bbb460fcc3134b566a498ea35d4f62e139", "line_no": 92, "priority": 2, "description": "Nonsensical self computation involving a variable or field", "line_content": "            return 5 - 5;\n"}, {"type": "NM_METHOD_NAMING_CONVENTION", "file_name": "src/main/java/QuizZero.java", "commit_sha": "0ea974bbb460fcc3134b566a498ea35d4f62e139", "line_no": 19, "priority": 2, "description": "Nm: Method names should start with a lower case letter", "line_content": "    public static  int Qzero(int a, int b) {\n"}, {"type": "NM_METHOD_NAMING_CONVENTION", "file_name": "src/main/java/QuizZero.java", "commit_sha": "0ea974bbb460fcc3134b566a498ea35d4f62e139", "line_no": 24, "priority": 2, "description": "Nm: Method names should start with a lower case letter", "line_content": "    public static  int Qone(int a, int b) {\n"}, {"type": "NM_METHOD_NAMING_CONVENTION", "file_name": "src/main/java/QuizZero.java", "commit_sha": "0ea974bbb460fcc3134b566a498ea35d4f62e139", "line_no": 29, "priority": 2, "description": "Nm: Method names should start with a lower case letter", "line_content": "    public static  int Qtwo(int a, int b) {  return a * b; }\n"}, {"type": "NM_METHOD_NAMING_CONVENTION", "file_name": "src/main/java/QuizZero.java", "commit_sha": "0ea974bbb460fcc3134b566a498ea35d4f62e139", "line_no": 31, "priority": 2, "description": "Nm: Method names should start with a lower case letter", "line_content": "    public static  int Qthree(int a, int b) { return a - b; }\n"}, {"type": "NM_METHOD_NAMING_CONVENTION", "file_name": "src/main/java/QuizZero.java", "commit_sha": "0ea974bbb460fcc3134b566a498ea35d4f62e139", "line_no": 33, "priority": 2, "description": "Nm: Method names should start with a lower case letter", "line_content": "    public static  int Qfour(int a) { return *= -1; }\n"}, {"type": "NM_METHOD_NAMING_CONVENTION", "file_name": "src/main/java/QuizZero.java", "commit_sha": "0ea974bbb460fcc3134b566a498ea35d4f62e139", "line_no": 35, "priority": 2, "description": "Nm: Method names should start with a lower case letter", "line_content": "    public static  int Qfive(int a, int b) {\n"}, {"type": "NM_METHOD_NAMING_CONVENTION", "file_name": "src/main/java/QuizZero.java", "commit_sha": "0ea974bbb460fcc3134b566a498ea35d4f62e139", "line_no": 40, "priority": 2, "description": "Nm: Method names should start with a lower case letter", "line_content": "    public static  int Qsix(int a) { return Math.pow(a, 3); }\n"}, {"type": "NM_METHOD_NAMING_CONVENTION", "file_name": "src/main/java/QuizZero.java", "commit_sha": "0ea974bbb460fcc3134b566a498ea35d4f62e139", "line_no": 42, "priority": 2, "description": "Nm: Method names should start with a lower case letter", "line_content": "    public static  int Qseven(int a, int b) { return a % b; }\n"}, {"type": "NM_METHOD_NAMING_CONVENTION", "file_name": "src/main/java/QuizZero.java", "commit_sha": "0ea974bbb460fcc3134b566a498ea35d4f62e139", "line_no": 44, "priority": 2, "description": "Nm: Method names should start with a lower case letter", "line_content": "    public static  int Qeight(int a, int b, int c) { return (a + b) / c; }\n"}, {"type": "NM_METHOD_NAMING_CONVENTION", "file_name": "src/main/java/QuizZero.java", "commit_sha": "0ea974bbb460fcc3134b566a498ea35d4f62e139", "line_no": 47, "priority": 2, "description": "Nm: Method names should start with a lower case letter", "line_content": "    public static  int Qnine(int a, int b) { return a * b + 5; }\n"}, {"type": "NM_METHOD_NAMING_CONVENTION", "file_name": "src/main/java/QuizZero.java", "commit_sha": "0ea974bbb460fcc3134b566a498ea35d4f62e139", "line_no": 50, "priority": 2, "description": "Nm: Method names should start with a lower case letter", "line_content": "    public static  boolean Qaay(boolean a, boolean b) { \n"}, {"type": "NM_METHOD_NAMING_CONVENTION", "file_name": "src/main/java/QuizZero.java", "commit_sha": "0ea974bbb460fcc3134b566a498ea35d4f62e139", "line_no": 57, "priority": 2, "description": "Nm: Method names should start with a lower case letter", "line_content": "    public static  boolean Qbee(boolean a, boolean b) { \n"}, {"type": "NM_METHOD_NAMING_CONVENTION", "file_name": "src/main/java/QuizZero.java", "commit_sha": "0ea974bbb460fcc3134b566a498ea35d4f62e139", "line_no": 64, "priority": 2, "description": "Nm: Method names should start with a lower case letter", "line_content": "    public static  int Qcee(boolean a, boolean b) { \n"}, {"type": "NM_METHOD_NAMING_CONVENTION", "file_name": "src/main/java/QuizZero.java", "commit_sha": "0ea974bbb460fcc3134b566a498ea35d4f62e139", "line_no": 74, "priority": 2, "description": "Nm: Method names should start with a lower case letter", "line_content": "    public static  float Qdee(float x, int b) { \n"}, {"type": "NM_METHOD_NAMING_CONVENTION", "file_name": "src/main/java/QuizZero.java", "commit_sha": "0ea974bbb460fcc3134b566a498ea35d4f62e139", "line_no": 78, "priority": 2, "description": "Nm: Method names should start with a lower case letter", "line_content": "    public static  int Qeee(double x, double y) { \n"}, {"type": "NM_METHOD_NAMING_CONVENTION", "file_name": "src/main/java/QuizZero.java", "commit_sha": "0ea974bbb460fcc3134b566a498ea35d4f62e139", "line_no": 86, "priority": 2, "description": "Nm: Method names should start with a lower case letter", "line_content": "    public static  int Qeff(int a) { \n"}]}