{"repo": "devrayone/safedoor", "id": "11", "total": 2, "items": [{"type": "RV_EXCEPTION_NOT_THROWN", "file_name": "src/test/java/ru/devray/safedoor/SimpleTest.java", "commit_sha": "b9ed3f5c101d581ae0470ad60e08c7ffa9af24d5", "line_no": 39, "priority": 2, "description": "Exception created and dropped rather than thrown", "line_content": "        new RuntimeException(\"Test filed\");\n"}, {"type": "RV_EXCEPTION_NOT_THROWN", "file_name": "src/test/java/ru/devray/safedoor/SimpleTest.java", "commit_sha": "b9ed3f5c101d581ae0470ad60e08c7ffa9af24d5", "line_no": 45, "priority": 2, "description": "Exception created and dropped rather than thrown", "line_content": "        new RuntimeException(\"Test filed\");}\n"}]}