{"repo": "agonyforge/arbitrader", "id": "359", "total": 2, "items": [{"type": "VA_FORMAT_STRING_USES_NEWLINE", "file_name": "src/main/java/com/r307/arbitrader/service/NotificationServiceImpl.java", "commit_sha": "d4cbcbe2b6654567fbb6bac8bbf8aa0cea78d030", "line_no": 105, "priority": 2, "description": "Format string should use %n rather than \\n", "line_content": "        final String exitSpreadString = String.format(\"Exit spread: %s\\nExit spread target %s\\n\", spread.getOut(), exitTarget);\n"}, {"type": "VA_FORMAT_STRING_USES_NEWLINE", "file_name": "src/main/java/com/r307/arbitrader/service/NotificationServiceImpl.java", "commit_sha": "d4cbcbe2b6654567fbb6bac8bbf8aa0cea78d030", "line_no": 136, "priority": 2, "description": "Format string should use %n rather than \\n", "line_content": "            longCloseString +\n            shortCloseString +\n            String.format(\"Combined account balances on entry: $%s\\n\", entryBalance.toPlainString()) +\n            String.format(\"Profit calculation: $%s - $%s = $%s\\n and combined balance = $%s\",\n                updatedBalance.toPlainString(), entryBalance.toPlainString(), profit.toPlainString(), combinedBalance.toPlainString());\n"}]}