{"repo": "hugegraph/hugegraph-common", "id": "66", "total": 7, "items": [{"type": "CNT_ROUGH_CONSTANT_VALUE", "file_name": "src/test/java/com/baidu/hugegraph/unit/util/UnitUtilTest.java", "commit_sha": "52fbe8cc4d0aa08ebf4ef15a7b93f630c6240b7f", "line_no": 370, "priority": 2, "description": "Rough value of Math.PI found: 3.14", "line_content": "        Assert.assertEquals((long) (Bytes.KB * 3.14),\n                            UnitUtil.bytesFromReadableString(\"3.14 KB\"));\n", "constant": 3.14, "replacement": "Math.PI"}, {"type": "CNT_ROUGH_CONSTANT_VALUE", "file_name": "src/test/java/com/baidu/hugegraph/unit/util/UnitUtilTest.java", "commit_sha": "52fbe8cc4d0aa08ebf4ef15a7b93f630c6240b7f", "line_no": 386, "priority": 2, "description": "Rough value of Math.PI found: 3.14", "line_content": "        Assert.assertEquals((long) (Bytes.MB * 3.14),\n                            UnitUtil.bytesFromReadableString(\"3.14 MB\"));\n", "constant": 3.14, "replacement": "Math.PI"}, {"type": "CNT_ROUGH_CONSTANT_VALUE", "file_name": "src/test/java/com/baidu/hugegraph/unit/util/UnitUtilTest.java", "commit_sha": "52fbe8cc4d0aa08ebf4ef15a7b93f630c6240b7f", "line_no": 403, "priority": 2, "description": "Rough value of Math.PI found: 3.14", "line_content": "        Assert.assertEquals((long) (Bytes.GB * 3.14),\n                            UnitUtil.bytesFromReadableString(\"3.14 GB\"));\n", "constant": 3.14, "replacement": "Math.PI"}, {"type": "CNT_ROUGH_CONSTANT_VALUE", "file_name": "src/test/java/com/baidu/hugegraph/unit/util/UnitUtilTest.java", "commit_sha": "52fbe8cc4d0aa08ebf4ef15a7b93f630c6240b7f", "line_no": 420, "priority": 2, "description": "Rough value of Math.PI found: 3.14", "line_content": "        Assert.assertEquals((long) (Bytes.TB * 3.14),\n                            UnitUtil.bytesFromReadableString(\"3.14 TB\"));\n", "constant": 3.14, "replacement": "Math.PI"}, {"type": "CNT_ROUGH_CONSTANT_VALUE", "file_name": "src/test/java/com/baidu/hugegraph/unit/util/UnitUtilTest.java", "commit_sha": "52fbe8cc4d0aa08ebf4ef15a7b93f630c6240b7f", "line_no": 437, "priority": 2, "description": "Rough value of Math.PI found: 3.14", "line_content": "        Assert.assertEquals((long) (Bytes.PB * 3.14),\n                            UnitUtil.bytesFromReadableString(\"3.14 PB\"));\n", "constant": 3.14, "replacement": "Math.PI"}, {"type": "CNT_ROUGH_CONSTANT_VALUE", "file_name": "src/test/java/com/baidu/hugegraph/unit/util/UnitUtilTest.java", "commit_sha": "52fbe8cc4d0aa08ebf4ef15a7b93f630c6240b7f", "line_no": 454, "priority": 2, "description": "Rough value of Math.PI found: 3.14", "line_content": "        Assert.assertEquals((long) (Bytes.EB * 3.14),\n                            UnitUtil.bytesFromReadableString(\"3.14 EB\"));\n", "constant": 3.14, "replacement": "Math.PI"}, {"type": "CNT_ROUGH_CONSTANT_VALUE", "file_name": "src/test/java/com/baidu/hugegraph/unit/util/UnitUtilTest.java", "commit_sha": "52fbe8cc4d0aa08ebf4ef15a7b93f630c6240b7f", "line_no": 458, "priority": 3, "description": "Rough value of 2*Math.PI found: 6.28", "line_content": "        Assert.assertEquals((long) (Bytes.EB * 6.28),\n                            UnitUtil.bytesFromReadableString(\"6.28 EiB\"));\n", "constant": 6.28, "replacement": "2*Math.PI"}]}