{"repo": "Evengarr/TasksForLesson3", "id": "6", "total": 3, "items": [{"type": "UI_INHERITANCE_UNSAFE_GETRESOURCE", "file_name": "Lesson6/ChatClient/src/main/java/ChatClientApp.java", "commit_sha": "cb4d2a51649cb3bb46e60a960dd5d559b614090d", "line_no": 10, "priority": 3, "description": "Usage of GetResource may be unsafe if class is extended", "line_content": "        Parent root = FXMLLoader.load(getClass().getResource(\"main.fxml\"));\n"}, {"type": "NM_CLASS_NAMING_CONVENTION", "file_name": "Lesson6/ChatServer/src/main/java/mainServer.java", "commit_sha": "cb4d2a51649cb3bb46e60a960dd5d559b614090d", "line_no": 1, "priority": 2, "description": "Nm: Class names should start with an upper case letter", "line_content": "public class mainServer {\n"}, {"type": "NM_METHOD_NAMING_CONVENTION", "file_name": "Lesson6/src/test/java/MainTest.java", "commit_sha": "cb4d2a51649cb3bb46e60a960dd5d559b614090d", "line_no": 16, "priority": 2, "description": "Nm: Method names should start with a lower case letter", "line_content": "    public void TestArrayAfterFour(){\n"}]}