{"repo": "PryPurity/WorldBorder", "id": "30", "total": 6, "items": [{"type": "NM_METHOD_NAMING_CONVENTION", "file_name": "src/main/java/com/wimbli/WorldBorder/Config.java", "commit_sha": "26f970611dc71bd52082abbfee6dd2190c6a49b5", "line_no": 352, "priority": 2, "description": "Nm: Method names should start with a lower case letter", "line_content": "    public static String DynmapLayerLabel() {\n"}, {"type": "NM_METHOD_NAMING_CONVENTION", "file_name": "src/main/java/com/wimbli/WorldBorder/DynMapFeatures.java", "commit_sha": "26f970611dc71bd52082abbfee6dd2190c6a49b5", "line_no": 130, "priority": 5, "description": "Nm: Method names should start with a lower case letter", "line_content": "        if (markSet == null)\n            markSet = markApi.createMarkerSet(\"worldborder.markerset\", Config.DynmapLayerLabel(), null, false);\n"}, {"type": "NM_METHOD_NAMING_CONVENTION", "file_name": "src/main/java/com/wimbli/WorldBorder/DynMapFeatures.java", "commit_sha": "26f970611dc71bd52082abbfee6dd2190c6a49b5", "line_no": 132, "priority": 5, "description": "Nm: Method names should start with a lower case letter", "line_content": "        else\n            markSet.setMarkerSetLabel(Config.DynmapLayerLabel());\n"}, {"type": "NM_METHOD_NAMING_CONVENTION", "file_name": "src/main/java/com/wimbli/WorldBorder/DynMapFeatures.java", "commit_sha": "26f970611dc71bd52082abbfee6dd2190c6a49b5", "line_no": 133, "priority": 5, "description": "Nm: Method names should start with a lower case letter", "line_content": "        markSet.setLayerPriority(Config.DynmapPriority());\n"}, {"type": "NM_METHOD_NAMING_CONVENTION", "file_name": "src/main/java/com/wimbli/WorldBorder/DynMapFeatures.java", "commit_sha": "26f970611dc71bd52082abbfee6dd2190c6a49b5", "line_no": 134, "priority": 5, "description": "Nm: Method names should start with a lower case letter", "line_content": "        markSet.setHideByDefault(Config.DynmapHideByDefault());\n"}, {"type": "NM_METHOD_NAMING_CONVENTION", "file_name": "src/main/java/com/wimbli/WorldBorder/cmd/CmdDynmaplabel.java", "commit_sha": "26f970611dc71bd52082abbfee6dd2190c6a49b5", "line_no": 23, "priority": 5, "description": "Nm: Method names should start with a lower case letter", "line_content": "        sender.sendMessage(C_HEAD + \"DynMap border layer label is set to: \" + C_ERR + Config.DynmapLayerLabel());\n"}]}