{"repo": "jessicacordeiro/Projeto-Integrador-Generation", "id": "12", "total": 1, "items": [{"type": "NM_METHOD_NAMING_CONVENTION", "file_name": "meuAtelie/src/main/java/br/com/ecommerce/meuAtelie/controller/UsuarioController.java", "commit_sha": "cfd25e454eb33ce603d368710b897c9af50caa7f", "line_no": 81, "priority": 5, "description": "Nm: Method names should start with a lower case letter", "line_content": "\t\treturn usuarioService.Logar(user).map(resp -> ResponseEntity.ok(resp))\n\t\t\t\t.orElse(ResponseEntity.status(HttpStatus.UNAUTHORIZED).build());\n"}]}