{"repo": "BceOK007/homework", "id": "4", "total": 3, "items": [{"type": "VA_FORMAT_STRING_USES_NEWLINE", "file_name": "src/Animal.java", "commit_sha": "16e21aa8565707571e4f4e94282a872b130db160", "line_no": 29, "priority": 2, "description": "Format string should use %n rather than \\n", "line_content": "            System.out.printf(\"%s \u043f\u0440\u043e\u0431\u0435\u0436\u0430\u043b(\u0430) %s \u043c. \u0438\u0437 %s \u043c., \u0442.\u043a. \u0443\u043a\u0430\u0437\u0430\u043d\u043d\u043e\u0435 \u0440\u0430\u0441\u0441\u0442\u043e\u044f\u043d\u0438\u0435 \u043f\u0440\u0435\u0432\u044b\u0448\u0430\u0435\u0442 \u043c\u0430\u043a\u0441\u0438\u043c\u0430\u043b\u044c\u043d\u043e\u0435 \u0440\u0430\u0441\u0441\u0442\u043e\u044f\u043d\u0438\u0435 \u0431\u0435\u0433\u0430.\\n\", name, maxRunningDistance, distance);\n"}, {"type": "VA_FORMAT_STRING_USES_NEWLINE", "file_name": "src/Cat.java", "commit_sha": "16e21aa8565707571e4f4e94282a872b130db160", "line_no": 19, "priority": 2, "description": "Format string should use %n rather than \\n", "line_content": "        System.out.printf(\"\u041a\u043e\u0442 %s \u043d\u0435 \u0443\u043c\u0435\u0435\u0442 \u043f\u043b\u0430\u0432\u0430\u0442\u044c.\\n\", name);\n"}, {"type": "VA_FORMAT_STRING_USES_NEWLINE", "file_name": "src/Dog.java", "commit_sha": "16e21aa8565707571e4f4e94282a872b130db160", "line_no": 21, "priority": 2, "description": "Format string should use %n rather than \\n", "line_content": "            System.out.printf(\"\u0414\u043b\u044f \u0441\u043e\u0431\u0430\u043a\u0438 %s \u0443\u043a\u0430\u0437\u0430\u043d\u043d\u0430\u044f \u0434\u0438\u0441\u0442\u0430\u043d\u0446\u0438\u044f (%s \u043c.) \u0432\u0435\u043b\u0438\u043a\u0430, \u043f\u043e\u044d\u0442\u043e\u043c\u0443 \u0431\u044b\u043b\u0430 \u043f\u0440\u043e\u043f\u043b\u044b\u0442\u0430 \u0434\u0438\u0441\u0442\u0430\u043d\u0446\u0438\u044f %s \u043c.\\n\", name, distance, maxSwimmingDistance);\n"}]}