{"repo": "foo4u/conventional-commits-for-java", "id": "12", "total": 1, "items": [{"type": "VA_FORMAT_STRING_USES_NEWLINE", "file_name": "conventional-commits-common/src/main/java/com/smartling/cc4j/semantic/release/common/changelog/ChangelogGenerator.java", "commit_sha": "a38b6a58a520ece6b01096ed8167e4dba76e7637", "line_no": 67, "priority": 2, "description": "Format string should use %n rather than \\n", "line_content": "        return String.format(CHANGELOG_FORMAT, nextVersion, LocalDate.now(), \"\\n\" + String.join(\"\\n\", sections));\n"}]}