{"repo": "dr0i/jsonld-java", "id": "1", "total": 1, "items": [{"type": "UI_INHERITANCE_UNSAFE_GETRESOURCE", "file_name": "core/src/test/java/com/github/jsonldjava/core/ContextSerializationTest.java", "commit_sha": "b2a8ac68ae85b5f304ce930d161e8d686780996c", "line_no": 17, "priority": 3, "description": "Usage of GetResource may be unsafe if class is extended", "line_content": "        final Map<String, Object> json = (Map<String, Object>)JsonUtils\n                .fromInputStream(getClass().getResourceAsStream(\"/custom/contexttest-0005.jsonld\"));\n"}]}