{"repo": "TheJacksonLaboratory/LIRICAL", "id": "547", "total": 3, "items": [{"type": "VA_FORMAT_STRING_USES_NEWLINE", "file_name": "src/main/java/org/monarchinitiative/lirical/svg/Lr2Svg.java", "commit_sha": "cab2963a9cf57f89b8baabff2b36de0c54bb1979", "line_no": 250, "priority": 2, "description": "Format string should use %n rather than \\n", "line_content": "                writer.write(String.format(\"<rect height=\\\"%d\\\" width=\\\"%d\\\" y=\\\"%d\\\" x=\\\"%d\\\" \" + \"stroke-width=\\\"0\\\" \" +\n                        \"stroke=\\\"#000000\\\" fill=\\\"%s\\\" onmouseout=\\\"hideTooltip();\\\" \" +\n                        \"onmouseover=\\\"showTooltip(evt,'%s')\\\"/>\\n\", BOX_HEIGHT, (int) boxwidth, currentY, (int) xstart, color, explanationObserved.get(explanationIndex)));\n"}, {"type": "VA_FORMAT_STRING_USES_NEWLINE", "file_name": "src/main/java/org/monarchinitiative/lirical/svg/Lr2Svg.java", "commit_sha": "cab2963a9cf57f89b8baabff2b36de0c54bb1979", "line_no": 279, "priority": 2, "description": "Format string should use %n rather than \\n", "line_content": "                writer.write(String.format(\"<rect height=\\\"%d\\\" width=\\\"%d\\\" y=\\\"%d\\\" x=\\\"%d\\\" \" +\n                                \"stroke-width=\\\"0\\\" stroke=\\\"#000000\\\" fill=\\\"%s\\\" onmouseout=\\\"hideTooltip();\\\" \" +\n                                \"onmouseover=\\\"showTooltip(evt,'%s')\\\"/>\\n\",\n                        BOX_HEIGHT, (int) boxwidth, currentY, (int) xstart, color, explanationExcluded.get(explanationIndex)));\n"}, {"type": "VA_FORMAT_STRING_USES_NEWLINE", "file_name": "src/main/java/org/monarchinitiative/lirical/svg/Lr2Svg.java", "commit_sha": "cab2963a9cf57f89b8baabff2b36de0c54bb1979", "line_no": 312, "priority": 2, "description": "Format string should use %n rather than \\n", "line_content": "                writer.write(String.format(\"<rect height=\\\"%d\\\" width=\\\"%d\\\" y=\\\"%d\\\" x=\\\"%d\\\" \" +\n                        \"stroke-width=\\\"1\\\" stroke=\\\"#000000\\\" fill=\\\"%s\\\" onmouseout=\\\"hideTooltip();\\\" \" +\n                                \"onmouseover=\\\"showTooltip(evt,'%s')\\\"/>\\n\",\n                        BOX_HEIGHT, (int) boxwidth, currentY, X, color, lrstring));\n"}]}