{"repo": "ducdai1994/ac", "id": "1", "total": 2, "items": [{"type": "NM_CLASS_NAMING_CONVENTION", "file_name": "src/com/ducdai/strust/gitttt.java", "commit_sha": "12a817200d0a44ea252196ac3ce7c8e8fb1b0496", "line_no": 3, "priority": 2, "description": "Nm: Class names should start with an upper case letter", "line_content": "public class gitttt {\n"}, {"type": "NM_CLASS_NAMING_CONVENTION", "file_name": "src/com/ducdai/strust/testgit.java", "commit_sha": "12a817200d0a44ea252196ac3ce7c8e8fb1b0496", "line_no": 3, "priority": 2, "description": "Nm: Class names should start with an upper case letter", "line_content": "public class testgit {\n"}]}