{"repo": "TelestionTeam/telestion", "id": "222", "total": 12, "items": [{"type": "NM_METHOD_NAMING_CONVENTION", "file_name": "modules/telestion-core/src/main/java/org/telestion/core/connection/ConnectionData.java", "commit_sha": "44dc60cfae4c9ec969e5e48fe936b7dbd2bd7522", "line_no": 9, "priority": 2, "description": "Nm: Method names should start with a lower case letter", "line_content": "public record ConnectionData(@JsonProperty ConnectionDetails details,\n\t\t\t\t\t\t\t @JsonProperty byte[] data) implements JsonMessage {\n"}, {"type": "NM_METHOD_NAMING_CONVENTION", "file_name": "modules/telestion-core/src/main/java/org/telestion/core/connection/TcpConn.java", "commit_sha": "44dc60cfae4c9ec969e5e48fe936b7dbd2bd7522", "line_no": 167, "priority": 2, "description": "Nm: Method names should start with a lower case letter", "line_content": "\tpublic static record Data(@JsonProperty Participant participant, @JsonProperty byte[] data) implements JsonMessage {\n"}, {"type": "NM_METHOD_NAMING_CONVENTION", "file_name": "modules/telestion-core/src/main/java/org/telestion/core/connection/TcpConn.java", "commit_sha": "44dc60cfae4c9ec969e5e48fe936b7dbd2bd7522", "line_no": 182, "priority": 2, "description": "Nm: Method names should start with a lower case letter", "line_content": "\tpublic static record Participant(@JsonProperty String host, @JsonProperty int port) implements ConnectionDetails {\n"}, {"type": "NM_METHOD_NAMING_CONVENTION", "file_name": "modules/telestion-mavlink/src/main/java/org/telestion/protocol/mavlink/MavlinkAdapterFactory.java", "commit_sha": "44dc60cfae4c9ec969e5e48fe936b7dbd2bd7522", "line_no": 28, "priority": 2, "description": "Nm: Method names should start with a lower case letter", "line_content": "\tpublic final record Configuration() {\n"}, {"type": "NM_METHOD_NAMING_CONVENTION", "file_name": "modules/telestion-mavlink/src/main/java/org/telestion/protocol/mavlink/PayloadParser.java", "commit_sha": "44dc60cfae4c9ec969e5e48fe936b7dbd2bd7522", "line_no": 86, "priority": 2, "description": "Nm: Method names should start with a lower case letter", "line_content": "\tpublic record Configuration(@JsonProperty String inAddress,\n\t\t\t\t\t\t\t\t@JsonProperty String outAddress) implements JsonMessage {\n"}, {"type": "NM_METHOD_NAMING_CONVENTION", "file_name": "modules/telestion-mavlink/src/main/java/org/telestion/protocol/mavlink/ValidatorMavlink1.java", "commit_sha": "44dc60cfae4c9ec969e5e48fe936b7dbd2bd7522", "line_no": 30, "priority": 2, "description": "Nm: Method names should start with a lower case letter", "line_content": "\tpublic final record Configuration(@JsonProperty String inAddress,\n\t\t\t\t\t\t\t\t\t  @JsonProperty String packetOutAddress,\n\t\t\t\t\t\t\t\t\t  @JsonProperty String parserInAddress) implements JsonMessage {\n"}, {"type": "NM_METHOD_NAMING_CONVENTION", "file_name": "modules/telestion-mavlink/src/main/java/org/telestion/protocol/mavlink/ValidatorMavlink2.java", "commit_sha": "44dc60cfae4c9ec969e5e48fe936b7dbd2bd7522", "line_no": 34, "priority": 2, "description": "Nm: Method names should start with a lower case letter", "line_content": "\tpublic final record Configuration(@JsonProperty String inAddress,\n\t\t\t\t\t\t\t\t\t  @JsonProperty String packetOutAddress,\n\t\t\t\t\t\t\t\t\t  @JsonProperty String parserInAddress,\n\t\t\t\t\t\t\t\t\t  @JsonProperty byte[] password) implements JsonMessage {\n"}, {"type": "NM_METHOD_NAMING_CONVENTION", "file_name": "modules/telestion-mavlink/src/main/java/org/telestion/protocol/mavlink/dummy/NetPacket.java", "commit_sha": "44dc60cfae4c9ec969e5e48fe936b7dbd2bd7522", "line_no": 11, "priority": 2, "description": "Nm: Method names should start with a lower case letter", "line_content": "public record NetPacket(byte[] raw) implements JsonMessage {\n"}, {"type": "NM_METHOD_NAMING_CONVENTION", "file_name": "modules/telestion-mavlink/src/main/java/org/telestion/protocol/mavlink/message/Mavlink1Information.java", "commit_sha": "44dc60cfae4c9ec969e5e48fe936b7dbd2bd7522", "line_no": 5, "priority": 2, "description": "Nm: Method names should start with a lower case letter", "line_content": "public record Mavlink1Information(@JsonProperty int seq,\n\t\t\t\t\t\t\t\t  @JsonProperty int sysId,\n\t\t\t\t\t\t\t\t  @JsonProperty int compId) implements PacketInformation {\n"}, {"type": "NM_METHOD_NAMING_CONVENTION", "file_name": "modules/telestion-mavlink/src/main/java/org/telestion/protocol/mavlink/message/Mavlink2Information.java", "commit_sha": "44dc60cfae4c9ec969e5e48fe936b7dbd2bd7522", "line_no": 16, "priority": 2, "description": "Nm: Method names should start with a lower case letter", "line_content": "public record Mavlink2Information(@JsonProperty int incompatFlags,\n\t\t\t\t\t\t\t\t  @JsonProperty int compatFlags,\n\t\t\t\t\t\t\t\t  @JsonProperty int seqNum,\n\t\t\t\t\t\t\t\t  @JsonProperty int sysId,\n\t\t\t\t\t\t\t\t  @JsonProperty int compId) implements PacketInformation {\n"}, {"type": "NM_METHOD_NAMING_CONVENTION", "file_name": "modules/telestion-mavlink/src/main/java/org/telestion/protocol/mavlink/message/RawMavlinkPacket.java", "commit_sha": "44dc60cfae4c9ec969e5e48fe936b7dbd2bd7522", "line_no": 17, "priority": 2, "description": "Nm: Method names should start with a lower case letter", "line_content": "public record RawMavlinkPacket(@JsonProperty byte[] raw,\n\t\t\t\t\t\t\t   @JsonProperty boolean success) {\n"}, {"type": "NM_METHOD_NAMING_CONVENTION", "file_name": "modules/telestion-mavlink/src/main/java/org/telestion/protocol/mavlink/message/internal/ValidatedMavlinkPacket.java", "commit_sha": "44dc60cfae4c9ec969e5e48fe936b7dbd2bd7522", "line_no": 16, "priority": 2, "description": "Nm: Method names should start with a lower case letter", "line_content": "public record ValidatedMavlinkPacket(@JsonProperty byte[] payload,\n\t\t\t\t\t\t\t\t\t @JsonProperty Class<? extends MavlinkMessage> clazz,\n\t\t\t\t\t\t\t\t\t @JsonProperty PacketInformation info) implements JsonMessage {\n"}]}