{"repo": "hiepvu0201/inn-management", "id": "1", "total": 8, "items": [{"type": "NM_METHOD_NAMING_CONVENTION", "file_name": "src/main/java/com/thesis/innmanagement/controllers/ContractController.java", "commit_sha": "75a7e63c3f3ada59e303812a55449dbbebb04fc3", "line_no": 35, "priority": 2, "description": "Nm: Method names should start with a lower case letter", "line_content": "    public Contracts Create(@Validated @RequestBody Contracts contract) throws Exception{\n"}, {"type": "NM_METHOD_NAMING_CONVENTION", "file_name": "src/main/java/com/thesis/innmanagement/controllers/FacilityController.java", "commit_sha": "75a7e63c3f3ada59e303812a55449dbbebb04fc3", "line_no": 36, "priority": 2, "description": "Nm: Method names should start with a lower case letter", "line_content": "    public Facilities Create(@Validated @RequestBody Facilities facility) throws Exception{\n"}, {"type": "NM_METHOD_NAMING_CONVENTION", "file_name": "src/main/java/com/thesis/innmanagement/controllers/MonthlyIncomeController.java", "commit_sha": "75a7e63c3f3ada59e303812a55449dbbebb04fc3", "line_no": 37, "priority": 2, "description": "Nm: Method names should start with a lower case letter", "line_content": "    public MonthlyIncomes Create(@Validated @RequestBody MonthlyIncomes monthlyIncome) throws Exception{\n"}, {"type": "NM_METHOD_NAMING_CONVENTION", "file_name": "src/main/java/com/thesis/innmanagement/controllers/MonthlyPaymentController.java", "commit_sha": "75a7e63c3f3ada59e303812a55449dbbebb04fc3", "line_no": 36, "priority": 2, "description": "Nm: Method names should start with a lower case letter", "line_content": "    public MonthlyPayments Create(@Validated @RequestBody MonthlyPayments monthlyPayment) throws Exception{\n"}, {"type": "NM_METHOD_NAMING_CONVENTION", "file_name": "src/main/java/com/thesis/innmanagement/controllers/NotificationController.java", "commit_sha": "75a7e63c3f3ada59e303812a55449dbbebb04fc3", "line_no": 36, "priority": 2, "description": "Nm: Method names should start with a lower case letter", "line_content": "    public Notifications Create(@Validated @RequestBody Notifications notification) throws Exception{\n"}, {"type": "NM_METHOD_NAMING_CONVENTION", "file_name": "src/main/java/com/thesis/innmanagement/controllers/ReportedIssueController.java", "commit_sha": "75a7e63c3f3ada59e303812a55449dbbebb04fc3", "line_no": 36, "priority": 2, "description": "Nm: Method names should start with a lower case letter", "line_content": "    public ReportedIssues Create(@Validated @RequestBody ReportedIssues reportedIssue) throws Exception{\n"}, {"type": "NM_METHOD_NAMING_CONVENTION", "file_name": "src/main/java/com/thesis/innmanagement/controllers/RoleController.java", "commit_sha": "75a7e63c3f3ada59e303812a55449dbbebb04fc3", "line_no": 36, "priority": 2, "description": "Nm: Method names should start with a lower case letter", "line_content": "    public Roles Create(@Validated @RequestBody Roles role) throws Exception{\n"}, {"type": "NM_METHOD_NAMING_CONVENTION", "file_name": "src/main/java/com/thesis/innmanagement/controllers/RoomController.java", "commit_sha": "75a7e63c3f3ada59e303812a55449dbbebb04fc3", "line_no": 36, "priority": 2, "description": "Nm: Method names should start with a lower case letter", "line_content": "    public Rooms Create(@Validated @RequestBody Rooms room) throws Exception{\n"}]}