{"repo": "super30admin/Linked-List-2", "id": "361", "total": 4, "items": [{"type": "NM_CLASS_NAMING_CONVENTION", "file_name": "binarySaerchIterator.java", "commit_sha": "31d8ed8564109882fce77c4f4c0a650b70bec726", "line_no": 4, "priority": 2, "description": "Nm: Class names should start with an upper case letter", "line_content": "public class binarySaerchIterator {\n"}, {"type": "NM_CLASS_NAMING_CONVENTION", "file_name": "deleteWithoutHeadPointer.java", "commit_sha": "31d8ed8564109882fce77c4f4c0a650b70bec726", "line_no": 4, "priority": 2, "description": "Nm: Class names should start with an upper case letter", "line_content": "public class deleteWithoutHeadPointer {\n"}, {"type": "NM_CLASS_NAMING_CONVENTION", "file_name": "intersectionofTwoLinkedList.java", "commit_sha": "31d8ed8564109882fce77c4f4c0a650b70bec726", "line_no": 4, "priority": 2, "description": "Nm: Class names should start with an upper case letter", "line_content": "public class intersectionofTwoLinkedList {\n"}, {"type": "NM_CLASS_NAMING_CONVENTION", "file_name": "reorderList.java", "commit_sha": "31d8ed8564109882fce77c4f4c0a650b70bec726", "line_no": 4, "priority": 2, "description": "Nm: Class names should start with an upper case letter", "line_content": "public class reorderList {\n"}]}