{"repo": "tata-bor/java1", "id": "3", "total": 13, "items": [{"type": "NM_METHOD_NAMING_CONVENTION", "file_name": "src/HomeWork.java", "commit_sha": "aa6feb1a4f4cd82b1a7c8615fd093d18cd3e7c03", "line_no": 13, "priority": 2, "description": "Nm: Method names should start with a lower case letter", "line_content": "    public static float CalcResult1(float a, float b, float c, float d) {\n"}, {"type": "NM_METHOD_NAMING_CONVENTION", "file_name": "src/HomeWork.java", "commit_sha": "aa6feb1a4f4cd82b1a7c8615fd093d18cd3e7c03", "line_no": 18, "priority": 2, "description": "Nm: Method names should start with a lower case letter", "line_content": "    public static boolean CalcResult2(int a, int b) {\n"}, {"type": "NM_METHOD_NAMING_CONVENTION", "file_name": "src/HomeWork.java", "commit_sha": "aa6feb1a4f4cd82b1a7c8615fd093d18cd3e7c03", "line_no": 27, "priority": 2, "description": "Nm: Method names should start with a lower case letter", "line_content": "    public static void CalcResult3(int a) {\n"}, {"type": "NM_METHOD_NAMING_CONVENTION", "file_name": "src/HomeWork.java", "commit_sha": "aa6feb1a4f4cd82b1a7c8615fd093d18cd3e7c03", "line_no": 35, "priority": 2, "description": "Nm: Method names should start with a lower case letter", "line_content": "    public static boolean CalcResult4(int a) {\n"}, {"type": "NM_METHOD_NAMING_CONVENTION", "file_name": "src/HomeWork.java", "commit_sha": "aa6feb1a4f4cd82b1a7c8615fd093d18cd3e7c03", "line_no": 43, "priority": 2, "description": "Nm: Method names should start with a lower case letter", "line_content": "    public static void Hello(String name) {\n"}, {"type": "NM_METHOD_NAMING_CONVENTION", "file_name": "src/HomeWork2.java", "commit_sha": "aa6feb1a4f4cd82b1a7c8615fd093d18cd3e7c03", "line_no": 7, "priority": 2, "description": "Nm: Method names should start with a lower case letter", "line_content": "    public static void SetArray() {\n"}, {"type": "NM_METHOD_NAMING_CONVENTION", "file_name": "src/HomeWork2.java", "commit_sha": "aa6feb1a4f4cd82b1a7c8615fd093d18cd3e7c03", "line_no": 23, "priority": 2, "description": "Nm: Method names should start with a lower case letter", "line_content": "    public static void SetArray2() {\n"}, {"type": "NM_METHOD_NAMING_CONVENTION", "file_name": "src/HomeWork2.java", "commit_sha": "aa6feb1a4f4cd82b1a7c8615fd093d18cd3e7c03", "line_no": 34, "priority": 2, "description": "Nm: Method names should start with a lower case letter", "line_content": "    public static void SetArray3() {\n"}, {"type": "NM_METHOD_NAMING_CONVENTION", "file_name": "src/HomeWork2.java", "commit_sha": "aa6feb1a4f4cd82b1a7c8615fd093d18cd3e7c03", "line_no": 48, "priority": 2, "description": "Nm: Method names should start with a lower case letter", "line_content": "    public static void SetArray4() {\n"}, {"type": "NM_METHOD_NAMING_CONVENTION", "file_name": "src/HomeWork2.java", "commit_sha": "aa6feb1a4f4cd82b1a7c8615fd093d18cd3e7c03", "line_no": 67, "priority": 2, "description": "Nm: Method names should start with a lower case letter", "line_content": "    public static void SetArray5() {\n"}, {"type": "NM_METHOD_NAMING_CONVENTION", "file_name": "src/HomeWork2.java", "commit_sha": "aa6feb1a4f4cd82b1a7c8615fd093d18cd3e7c03", "line_no": 86, "priority": 2, "description": "Nm: Method names should start with a lower case letter", "line_content": "    public static boolean SetArray6(int arr6[]) {\n"}, {"type": "NM_METHOD_NAMING_CONVENTION", "file_name": "src/HomeWork3.java", "commit_sha": "aa6feb1a4f4cd82b1a7c8615fd093d18cd3e7c03", "line_no": 10, "priority": 2, "description": "Nm: Method names should start with a lower case letter", "line_content": "    public static void GuessNumber() {\n"}, {"type": "NM_METHOD_NAMING_CONVENTION", "file_name": "src/HomeWork3.java", "commit_sha": "aa6feb1a4f4cd82b1a7c8615fd093d18cd3e7c03", "line_no": 34, "priority": 5, "description": "Nm: Method names should start with a lower case letter", "line_content": "                GuessNumber();\n"}]}