{"repo": "AlyonaArlova/HW05032021", "id": "2", "total": 5, "items": [{"type": "NM_CLASS_NAMING_CONVENTION", "file_name": "src/task1.java", "commit_sha": "9be2977d2a05cbfbb07a14cac3180d2821146948", "line_no": 3, "priority": 2, "description": "Nm: Class names should start with an upper case letter", "line_content": "public class task1 {\n"}, {"type": "NM_CLASS_NAMING_CONVENTION", "file_name": "src/task2.java", "commit_sha": "9be2977d2a05cbfbb07a14cac3180d2821146948", "line_no": 3, "priority": 2, "description": "Nm: Class names should start with an upper case letter", "line_content": "public class task2 {\n"}, {"type": "NM_CLASS_NAMING_CONVENTION", "file_name": "src/task3.java", "commit_sha": "9be2977d2a05cbfbb07a14cac3180d2821146948", "line_no": 1, "priority": 2, "description": "Nm: Class names should start with an upper case letter", "line_content": "public class task3 {\n"}, {"type": "NM_CLASS_NAMING_CONVENTION", "file_name": "src/task4.java", "commit_sha": "9be2977d2a05cbfbb07a14cac3180d2821146948", "line_no": 4, "priority": 2, "description": "Nm: Class names should start with an upper case letter", "line_content": "public class task4 {\n"}, {"type": "NM_CLASS_NAMING_CONVENTION", "file_name": "src/task5.java", "commit_sha": "9be2977d2a05cbfbb07a14cac3180d2821146948", "line_no": 4, "priority": 2, "description": "Nm: Class names should start with an upper case letter", "line_content": "public class task5 {\n"}]}