{"repo": "nus-cs2113-AY2021S2/tp", "id": "12", "total": 5, "items": [{"type": "NM_CLASS_NAMING_CONVENTION", "file_name": "src/main/java/seedu/duke/exceptions/patient/duplicateIDException.java", "commit_sha": "4e507be3d82db1727c47ca75dbffb76e5567a1ed", "line_no": 5, "priority": 2, "description": "Nm: Class names should start with an upper case letter", "line_content": "public class duplicateIDException extends DukeException {\n"}, {"type": "NM_CLASS_NAMING_CONVENTION", "file_name": "src/main/java/seedu/duke/exceptions/patient/invalidIDLengthException.java", "commit_sha": "4e507be3d82db1727c47ca75dbffb76e5567a1ed", "line_no": 5, "priority": 2, "description": "Nm: Class names should start with an upper case letter", "line_content": "public class invalidIDLengthException extends DukeException {\n"}, {"type": "NM_CLASS_NAMING_CONVENTION", "file_name": "src/main/java/seedu/duke/exceptions/patient/invalidIDTypeException.java", "commit_sha": "4e507be3d82db1727c47ca75dbffb76e5567a1ed", "line_no": 5, "priority": 2, "description": "Nm: Class names should start with an upper case letter", "line_content": "public class invalidIDTypeException extends DukeException {\n"}, {"type": "NM_CLASS_NAMING_CONVENTION", "file_name": "src/main/java/seedu/duke/exceptions/patient/invalidIDValueException.java", "commit_sha": "4e507be3d82db1727c47ca75dbffb76e5567a1ed", "line_no": 5, "priority": 2, "description": "Nm: Class names should start with an upper case letter", "line_content": "public class invalidIDValueException extends DukeException {\n"}, {"type": "NM_CLASS_NAMING_CONVENTION", "file_name": "src/main/java/seedu/duke/exceptions/patient/nonexistentIDException.java", "commit_sha": "4e507be3d82db1727c47ca75dbffb76e5567a1ed", "line_no": 5, "priority": 2, "description": "Nm: Class names should start with an upper case letter", "line_content": "public class nonexistentIDException extends DukeException {\n"}]}