{"repo": "yageek/lambert-java", "id": "7", "total": 2, "items": [{"type": "NM_METHOD_NAMING_CONVENTION", "file_name": "src/test/java/net/yageek/lambert/LambertTest.java", "commit_sha": "a289bdd4dda318623c5f44dd956bd09281735d08", "line_no": 52, "priority": 2, "description": "Nm: Method names should start with a lower case letter", "line_content": "    public void LambertIIExtendedToWgs84Test() {\n"}, {"type": "NM_METHOD_NAMING_CONVENTION", "file_name": "src/test/java/net/yageek/lambert/LambertTest.java", "commit_sha": "a289bdd4dda318623c5f44dd956bd09281735d08", "line_no": 63, "priority": 2, "description": "Nm: Method names should start with a lower case letter", "line_content": "    public void LambertAlg0001Test() {\n"}]}