{"repo": "timurjava/smart-home-2020", "id": "5", "total": 7, "items": [{"type": "NM_METHOD_NAMING_CONVENTION", "file_name": "src/main/java/ru/sbt/mipt/oop/Alarm/AlarmTest.java", "commit_sha": "900b0291ea683ecf005877f8f7c6f3c06cbf98c5", "line_no": 28, "priority": 3, "description": "Nm: Method names should start with a lower case letter", "line_content": "    void AlarmStandardCreationTypeOfAlarm() {\n"}, {"type": "NM_METHOD_NAMING_CONVENTION", "file_name": "src/main/java/ru/sbt/mipt/oop/Alarm/AlarmTest.java", "commit_sha": "900b0291ea683ecf005877f8f7c6f3c06cbf98c5", "line_no": 34, "priority": 3, "description": "Nm: Method names should start with a lower case letter", "line_content": "    void AlarmStandardCreationSmartHome() {\n"}, {"type": "NM_METHOD_NAMING_CONVENTION", "file_name": "src/main/java/ru/sbt/mipt/oop/Alarm/AlarmTest.java", "commit_sha": "900b0291ea683ecf005877f8f7c6f3c06cbf98c5", "line_no": 40, "priority": 3, "description": "Nm: Method names should start with a lower case letter", "line_content": "    void DeactivatedAlarmAfterActivateBecomeActivated() {\n"}, {"type": "NM_METHOD_NAMING_CONVENTION", "file_name": "src/main/java/ru/sbt/mipt/oop/Alarm/AlarmTest.java", "commit_sha": "900b0291ea683ecf005877f8f7c6f3c06cbf98c5", "line_no": 46, "priority": 3, "description": "Nm: Method names should start with a lower case letter", "line_content": "    void ActivatedAlarmAfterActivateDoesnotChange() {\n"}, {"type": "NM_METHOD_NAMING_CONVENTION", "file_name": "src/main/java/ru/sbt/mipt/oop/Alarm/AlarmTest.java", "commit_sha": "900b0291ea683ecf005877f8f7c6f3c06cbf98c5", "line_no": 54, "priority": 3, "description": "Nm: Method names should start with a lower case letter", "line_content": "    void ActivatedAlarmAfterRightDeactivateBecomeDeactivatedAlarm() {\n"}, {"type": "NM_METHOD_NAMING_CONVENTION", "file_name": "src/main/java/ru/sbt/mipt/oop/Alarm/AlarmTest.java", "commit_sha": "900b0291ea683ecf005877f8f7c6f3c06cbf98c5", "line_no": 62, "priority": 3, "description": "Nm: Method names should start with a lower case letter", "line_content": "    void ActivatedAlarmAfterNotRightDeactivateBecomeActiveStateAlarm() {\n"}, {"type": "NM_METHOD_NAMING_CONVENTION", "file_name": "src/main/java/ru/sbt/mipt/oop/Alarm/AlarmTest.java", "commit_sha": "900b0291ea683ecf005877f8f7c6f3c06cbf98c5", "line_no": 70, "priority": 3, "description": "Nm: Method names should start with a lower case letter", "line_content": "    void ActiveStateAlarmDoesnotChangesAfterDeactivateAndActivate() {\n"}]}