{"repo": "eclipse/openvsx", "id": "262", "total": 4, "items": [{"type": "UI_INHERITANCE_UNSAFE_GETRESOURCE", "file_name": "server/src/test/java/org/eclipse/openvsx/ExtensionProcessorTest.java", "commit_sha": "99c6be42c6f335c466d95b3ed8e6ed1d1f32944a", "line_no": 24, "priority": 3, "description": "Usage of GetResource may be unsafe if class is extended", "line_content": "        try (\n            var stream = getClass().getResourceAsStream(\"util/todo-tree.zip\");\n"}, {"type": "UI_INHERITANCE_UNSAFE_GETRESOURCE", "file_name": "server/src/test/java/org/eclipse/openvsx/ExtensionProcessorTest.java", "commit_sha": "99c6be42c6f335c466d95b3ed8e6ed1d1f32944a", "line_no": 49, "priority": 3, "description": "Usage of GetResource may be unsafe if class is extended", "line_content": "        try (\n            var stream = getClass().getResourceAsStream(\"util/changelog.zip\");\n"}, {"type": "UI_INHERITANCE_UNSAFE_GETRESOURCE", "file_name": "server/src/test/java/org/eclipse/openvsx/ExtensionProcessorTest.java", "commit_sha": "99c6be42c6f335c466d95b3ed8e6ed1d1f32944a", "line_no": 59, "priority": 3, "description": "Usage of GetResource may be unsafe if class is extended", "line_content": "        try (\n            var stream = getClass().getResourceAsStream(\"util/with-capitalized-case.zip\");\n"}, {"type": "UI_INHERITANCE_UNSAFE_GETRESOURCE", "file_name": "server/src/test/java/org/eclipse/openvsx/ExtensionProcessorTest.java", "commit_sha": "99c6be42c6f335c466d95b3ed8e6ed1d1f32944a", "line_no": 71, "priority": 3, "description": "Usage of GetResource may be unsafe if class is extended", "line_content": "        try (\n            var stream = getClass().getResourceAsStream(\"util/with-minor-case.zip\");\n"}]}