{"repo": "adobe/aem-core-wcm-components", "id": "1420", "total": 2, "items": [{"type": "NM_SAME_SIMPLE_NAME_AS_SUPERCLASS", "file_name": "bundles/core/src/main/java/com/adobe/cq/wcm/core/components/internal/models/v2/ButtonImpl.java", "commit_sha": "107936652edabc492a5dad8ef27e074aacd9d9b8", "line_no": 38, "priority": 1, "description": "Class names shouldn\u2019t shadow simple name of superclass", "line_content": "@Model(\n        adaptables = SlingHttpServletRequest.class,\n        adapters = {Button.class, ComponentExporter.class},\n        resourceType = ButtonImpl.RESOURCE_TYPE\n)\n@Exporter(\n        name = ExporterConstants.SLING_MODEL_EXPORTER_NAME,\n        extensions = ExporterConstants.SLING_MODEL_EXTENSION\n)\npublic class ButtonImpl extends com.adobe.cq.wcm.core.components.internal.models.v1.ButtonImpl {\n"}, {"type": "NM_SAME_SIMPLE_NAME_AS_SUPERCLASS", "file_name": "bundles/core/src/test/java/com/adobe/cq/wcm/core/components/internal/models/v2/ButtonImplTest.java", "commit_sha": "107936652edabc492a5dad8ef27e074aacd9d9b8", "line_no": 32, "priority": 1, "description": "Class names shouldn\u2019t shadow simple name of superclass", "line_content": "class ButtonImplTest extends com.adobe.cq.wcm.core.components.internal.models.v1.ButtonImplTest {\n"}]}