{"repo": "falmeida-tech/geotab-development-assessment", "id": "1", "total": 16, "items": [{"type": "NM_METHOD_NAMING_CONVENTION", "file_name": "java-solution/src/main/java/com/jokecompany/utilities/ConsolePrinter.java", "commit_sha": "d60f74970a8e119ba5f5ab501f4dfa99222e4f21", "line_no": 7, "priority": 2, "description": "Nm: Method names should start with a lower case letter", "line_content": "    public ConsolePrinter Value(String value){\n"}, {"type": "NM_METHOD_NAMING_CONVENTION", "file_name": "java-solution/src/main/java/com/jokecompany/view/JokeCompanyUI.java", "commit_sha": "d60f74970a8e119ba5f5ab501f4dfa99222e4f21", "line_no": 36, "priority": 5, "description": "Nm: Method names should start with a lower case letter", "line_content": "        printer.Value(\"Press c to get categories\").toString();\n"}, {"type": "NM_METHOD_NAMING_CONVENTION", "file_name": "java-solution/src/main/java/com/jokecompany/view/JokeCompanyUI.java", "commit_sha": "d60f74970a8e119ba5f5ab501f4dfa99222e4f21", "line_no": 37, "priority": 5, "description": "Nm: Method names should start with a lower case letter", "line_content": "        printer.Value(\"Press r to get random jokes\").toString();\n"}, {"type": "NM_METHOD_NAMING_CONVENTION", "file_name": "java-solution/src/main/java/com/jokecompany/view/JokeCompanyUI.java", "commit_sha": "d60f74970a8e119ba5f5ab501f4dfa99222e4f21", "line_no": 38, "priority": 5, "description": "Nm: Method names should start with a lower case letter", "line_content": "        printer.Value(\"Press x to exit\").toString();\n"}, {"type": "NM_METHOD_NAMING_CONVENTION", "file_name": "java-solution/src/main/java/com/jokecompany/view/JokeCompanyUI.java", "commit_sha": "d60f74970a8e119ba5f5ab501f4dfa99222e4f21", "line_no": 43, "priority": 5, "description": "Nm: Method names should start with a lower case letter", "line_content": "        printer.Value(\"Want to use a random name? y/n\").toString();\n"}, {"type": "NM_METHOD_NAMING_CONVENTION", "file_name": "java-solution/src/main/java/com/jokecompany/view/JokeCompanyUI.java", "commit_sha": "d60f74970a8e119ba5f5ab501f4dfa99222e4f21", "line_no": 49, "priority": 5, "description": "Nm: Method names should start with a lower case letter", "line_content": "        printer.Value(fullNameDTO.toString()).toString();\n"}, {"type": "NM_METHOD_NAMING_CONVENTION", "file_name": "java-solution/src/main/java/com/jokecompany/view/JokeCompanyUI.java", "commit_sha": "d60f74970a8e119ba5f5ab501f4dfa99222e4f21", "line_no": 50, "priority": 5, "description": "Nm: Method names should start with a lower case letter", "line_content": "        printer.Value(\"Want to specify a category? y/n\").toString();\n"}, {"type": "NM_METHOD_NAMING_CONVENTION", "file_name": "java-solution/src/main/java/com/jokecompany/view/JokeCompanyUI.java", "commit_sha": "d60f74970a8e119ba5f5ab501f4dfa99222e4f21", "line_no": 55, "priority": 5, "description": "Nm: Method names should start with a lower case letter", "line_content": "        printer.Value(\"How many jokes do you want? (1-9)\").toString();\n"}, {"type": "NM_METHOD_NAMING_CONVENTION", "file_name": "java-solution/src/main/java/com/jokecompany/view/JokeCompanyUI.java", "commit_sha": "d60f74970a8e119ba5f5ab501f4dfa99222e4f21", "line_no": 59, "priority": 5, "description": "Nm: Method names should start with a lower case letter", "line_content": "        PrintResults();\n"}, {"type": "NM_METHOD_NAMING_CONVENTION", "file_name": "java-solution/src/main/java/com/jokecompany/view/JokeCompanyUI.java", "commit_sha": "d60f74970a8e119ba5f5ab501f4dfa99222e4f21", "line_no": 63, "priority": 5, "description": "Nm: Method names should start with a lower case letter", "line_content": "        printer.Value(\"How many jokes do you want? (1-9)\").toString();\n"}, {"type": "NM_METHOD_NAMING_CONVENTION", "file_name": "java-solution/src/main/java/com/jokecompany/view/JokeCompanyUI.java", "commit_sha": "d60f74970a8e119ba5f5ab501f4dfa99222e4f21", "line_no": 65, "priority": 5, "description": "Nm: Method names should start with a lower case letter", "line_content": "        printer.Value(\"Enter a category;\").toString();\n"}, {"type": "NM_METHOD_NAMING_CONVENTION", "file_name": "java-solution/src/main/java/com/jokecompany/view/JokeCompanyUI.java", "commit_sha": "d60f74970a8e119ba5f5ab501f4dfa99222e4f21", "line_no": 68, "priority": 5, "description": "Nm: Method names should start with a lower case letter", "line_content": "        PrintResults();\n"}, {"type": "NM_METHOD_NAMING_CONVENTION", "file_name": "java-solution/src/main/java/com/jokecompany/view/JokeCompanyUI.java", "commit_sha": "d60f74970a8e119ba5f5ab501f4dfa99222e4f21", "line_no": 73, "priority": 5, "description": "Nm: Method names should start with a lower case letter", "line_content": "        PrintResults();\n"}, {"type": "NM_METHOD_NAMING_CONVENTION", "file_name": "java-solution/src/main/java/com/jokecompany/view/JokeCompanyUI.java", "commit_sha": "d60f74970a8e119ba5f5ab501f4dfa99222e4f21", "line_no": 79, "priority": 5, "description": "Nm: Method names should start with a lower case letter", "line_content": "            printer.Value(\"Press ? to get instructions.\").toString();\n"}, {"type": "NM_METHOD_NAMING_CONVENTION", "file_name": "java-solution/src/main/java/com/jokecompany/view/JokeCompanyUI.java", "commit_sha": "d60f74970a8e119ba5f5ab501f4dfa99222e4f21", "line_no": 129, "priority": 3, "description": "Nm: Method names should start with a lower case letter", "line_content": "    private static void PrintResults() {\n"}, {"type": "NM_METHOD_NAMING_CONVENTION", "file_name": "java-solution/src/main/java/com/jokecompany/view/JokeCompanyUI.java", "commit_sha": "d60f74970a8e119ba5f5ab501f4dfa99222e4f21", "line_no": 130, "priority": 5, "description": "Nm: Method names should start with a lower case letter", "line_content": "        printer.Value(\"[\" + String.join(\",\", results) + \"]\").toString();\n"}]}