{"repo": "natalia171/praca_inz", "id": "1", "total": 30, "items": [{"type": "NM_METHOD_NAMING_CONVENTION", "file_name": "android_studio_project/praca_inz_03/app/src/main/java/com/example/praca_inz_03/DodajNowyTerminLekarz.java", "commit_sha": "1308cebd5abe9b9bd0704550ebd2546fe8928bb9", "line_no": 122, "priority": 2, "description": "Nm: Method names should start with a lower case letter", "line_content": "    public void DodajTermin(View view) {\n"}, {"type": "NM_METHOD_NAMING_CONVENTION", "file_name": "android_studio_project/praca_inz_03/app/src/main/java/com/example/praca_inz_03/DodajWizyte.java", "commit_sha": "1308cebd5abe9b9bd0704550ebd2546fe8928bb9", "line_no": 87, "priority": 2, "description": "Nm: Method names should start with a lower case letter", "line_content": "    public void Wyswietl (String pSpecjalizacja){\n"}, {"type": "ES_COMPARING_STRINGS_WITH_EQ", "file_name": "android_studio_project/praca_inz_03/app/src/main/java/com/example/praca_inz_03/MainActivity.java", "commit_sha": "1308cebd5abe9b9bd0704550ebd2546fe8928bb9", "line_no": 58, "priority": 2, "description": "Suspicious reference comparison of String objects", "line_content": "        if(kto==\"Pacjent\") {\n"}, {"type": "ES_COMPARING_STRINGS_WITH_EQ", "file_name": "android_studio_project/praca_inz_03/app/src/main/java/com/example/praca_inz_03/MainActivity.java", "commit_sha": "1308cebd5abe9b9bd0704550ebd2546fe8928bb9", "line_no": 63, "priority": 2, "description": "Suspicious reference comparison of String objects", "line_content": "        if(kto==\"Lekarz\"){\n"}, {"type": "ES_COMPARING_STRINGS_WITH_EQ", "file_name": "android_studio_project/praca_inz_03/app/src/main/java/com/example/praca_inz_03/MainActivity.java", "commit_sha": "1308cebd5abe9b9bd0704550ebd2546fe8928bb9", "line_no": 68, "priority": 2, "description": "Suspicious reference comparison of String objects", "line_content": "        else if (kto==\"\"){\n"}, {"type": "ES_COMPARING_STRINGS_WITH_EQ", "file_name": "android_studio_project/praca_inz_03/app/src/main/java/com/example/praca_inz_03/MainActivity.java", "commit_sha": "1308cebd5abe9b9bd0704550ebd2546fe8928bb9", "line_no": 74, "priority": 2, "description": "Suspicious reference comparison of String objects", "line_content": "        if(kto==\"Pacjent\") {\n"}, {"type": "ES_COMPARING_STRINGS_WITH_EQ", "file_name": "android_studio_project/praca_inz_03/app/src/main/java/com/example/praca_inz_03/MainActivity.java", "commit_sha": "1308cebd5abe9b9bd0704550ebd2546fe8928bb9", "line_no": 80, "priority": 2, "description": "Suspicious reference comparison of String objects", "line_content": "        if(kto==\"Lekarz\"){\n"}, {"type": "ES_COMPARING_STRINGS_WITH_EQ", "file_name": "android_studio_project/praca_inz_03/app/src/main/java/com/example/praca_inz_03/MainActivity.java", "commit_sha": "1308cebd5abe9b9bd0704550ebd2546fe8928bb9", "line_no": 85, "priority": 2, "description": "Suspicious reference comparison of String objects", "line_content": "        else if (kto==\"\"){\n"}, {"type": "NM_METHOD_NAMING_CONVENTION", "file_name": "android_studio_project/praca_inz_03/app/src/main/java/com/example/praca_inz_03/Opinie.java", "commit_sha": "1308cebd5abe9b9bd0704550ebd2546fe8928bb9", "line_no": 73, "priority": 5, "description": "Nm: Method names should start with a lower case letter", "line_content": "                Wyswietl(pSpecjalizacja);\n"}, {"type": "NM_METHOD_NAMING_CONVENTION", "file_name": "android_studio_project/praca_inz_03/app/src/main/java/com/example/praca_inz_03/Opinie.java", "commit_sha": "1308cebd5abe9b9bd0704550ebd2546fe8928bb9", "line_no": 84, "priority": 2, "description": "Nm: Method names should start with a lower case letter", "line_content": "    public void Wyswietl (String pSpecjalizacja){\n"}, {"type": "NM_CLASS_NAMING_CONVENTION", "file_name": "android_studio_project/praca_inz_03/app/src/main/java/com/example/praca_inz_03/bgAnulujTermin.java", "commit_sha": "1308cebd5abe9b9bd0704550ebd2546fe8928bb9", "line_no": 25, "priority": 2, "description": "Nm: Class names should start with an upper case letter", "line_content": "public class bgAnulujTermin extends AsyncTask <String, Void,String> {\n"}, {"type": "NM_CLASS_NAMING_CONVENTION", "file_name": "android_studio_project/praca_inz_03/app/src/main/java/com/example/praca_inz_03/bgAnulujWizyte.java", "commit_sha": "1308cebd5abe9b9bd0704550ebd2546fe8928bb9", "line_no": 25, "priority": 2, "description": "Nm: Class names should start with an upper case letter", "line_content": "public class bgAnulujWizyte extends AsyncTask <String, Void,String> {\n"}, {"type": "NM_CLASS_NAMING_CONVENTION", "file_name": "android_studio_project/praca_inz_03/app/src/main/java/com/example/praca_inz_03/bgDodajNowyTermin.java", "commit_sha": "1308cebd5abe9b9bd0704550ebd2546fe8928bb9", "line_no": 25, "priority": 2, "description": "Nm: Class names should start with an upper case letter", "line_content": "public class bgDodajNowyTermin extends AsyncTask <String, Void,String> {\n"}, {"type": "NM_CLASS_NAMING_CONVENTION", "file_name": "android_studio_project/praca_inz_03/app/src/main/java/com/example/praca_inz_03/bgDodajOpinie.java", "commit_sha": "1308cebd5abe9b9bd0704550ebd2546fe8928bb9", "line_no": 25, "priority": 2, "description": "Nm: Class names should start with an upper case letter", "line_content": "public class bgDodajOpinie extends AsyncTask <String, Void,String> {\n"}, {"type": "NM_CLASS_NAMING_CONVENTION", "file_name": "android_studio_project/praca_inz_03/app/src/main/java/com/example/praca_inz_03/bgLogowanieLekarz.java", "commit_sha": "1308cebd5abe9b9bd0704550ebd2546fe8928bb9", "line_no": 25, "priority": 2, "description": "Nm: Class names should start with an upper case letter", "line_content": "public class bgLogowanieLekarz extends AsyncTask <String, Void,String> {\n"}, {"type": "NM_CLASS_NAMING_CONVENTION", "file_name": "android_studio_project/praca_inz_03/app/src/main/java/com/example/praca_inz_03/bgPobierzDaneLekarza.java", "commit_sha": "1308cebd5abe9b9bd0704550ebd2546fe8928bb9", "line_no": 28, "priority": 2, "description": "Nm: Class names should start with an upper case letter", "line_content": "public class bgPobierzDaneLekarza extends AsyncTask <String, Void,String> {\n"}, {"type": "NM_CLASS_NAMING_CONVENTION", "file_name": "android_studio_project/praca_inz_03/app/src/main/java/com/example/praca_inz_03/bgPobierzDostepneWizyty.java", "commit_sha": "1308cebd5abe9b9bd0704550ebd2546fe8928bb9", "line_no": 35, "priority": 2, "description": "Nm: Class names should start with an upper case letter", "line_content": "public class bgPobierzDostepneWizyty extends AsyncTask<String, Void, LinkedHashMap<String,String>> {\n"}, {"type": "NM_CLASS_NAMING_CONVENTION", "file_name": "android_studio_project/praca_inz_03/app/src/main/java/com/example/praca_inz_03/bgPobierzHistorieWizyt.java", "commit_sha": "1308cebd5abe9b9bd0704550ebd2546fe8928bb9", "line_no": 32, "priority": 2, "description": "Nm: Class names should start with an upper case letter", "line_content": "public class bgPobierzHistorieWizyt extends AsyncTask<String, Void, List<String>> {\n"}, {"type": "NM_CLASS_NAMING_CONVENTION", "file_name": "android_studio_project/praca_inz_03/app/src/main/java/com/example/praca_inz_03/bgPobierzNadchodzaceWizyty.java", "commit_sha": "1308cebd5abe9b9bd0704550ebd2546fe8928bb9", "line_no": 33, "priority": 2, "description": "Nm: Class names should start with an upper case letter", "line_content": "public class bgPobierzNadchodzaceWizyty extends AsyncTask<String, Void, LinkedHashMap<String,String>> {\n"}, {"type": "NM_CLASS_NAMING_CONVENTION", "file_name": "android_studio_project/praca_inz_03/app/src/main/java/com/example/praca_inz_03/bgPobierzNadchodzaceWizytyLekarz.java", "commit_sha": "1308cebd5abe9b9bd0704550ebd2546fe8928bb9", "line_no": 32, "priority": 2, "description": "Nm: Class names should start with an upper case letter", "line_content": "public class bgPobierzNadchodzaceWizytyLekarz extends AsyncTask<String, Void, List<String>> {\n"}, {"type": "NM_CLASS_NAMING_CONVENTION", "file_name": "android_studio_project/praca_inz_03/app/src/main/java/com/example/praca_inz_03/bgPobierzNazwiskaSpecjalistow.java", "commit_sha": "1308cebd5abe9b9bd0704550ebd2546fe8928bb9", "line_no": 35, "priority": 2, "description": "Nm: Class names should start with an upper case letter", "line_content": "public class bgPobierzNazwiskaSpecjalistow extends AsyncTask<String, Void, LinkedHashMap<String,String>> {\n"}, {"type": "NM_CLASS_NAMING_CONVENTION", "file_name": "android_studio_project/praca_inz_03/app/src/main/java/com/example/praca_inz_03/bgPobierzSpecjalizacje.java", "commit_sha": "1308cebd5abe9b9bd0704550ebd2546fe8928bb9", "line_no": 19, "priority": 2, "description": "Nm: Class names should start with an upper case letter", "line_content": "public class bgPobierzSpecjalizacje extends AsyncTask<String, Void, List<String>> {\n"}, {"type": "NM_CLASS_NAMING_CONVENTION", "file_name": "android_studio_project/praca_inz_03/app/src/main/java/com/example/praca_inz_03/bgPobierzWolneTerminy.java", "commit_sha": "1308cebd5abe9b9bd0704550ebd2546fe8928bb9", "line_no": 33, "priority": 2, "description": "Nm: Class names should start with an upper case letter", "line_content": "public class bgPobierzWolneTerminy extends AsyncTask<String, Void, LinkedHashMap<String,String>> {\n"}, {"type": "NM_CLASS_NAMING_CONVENTION", "file_name": "android_studio_project/praca_inz_03/app/src/main/java/com/example/praca_inz_03/bgPotwierdzWizyte.java", "commit_sha": "1308cebd5abe9b9bd0704550ebd2546fe8928bb9", "line_no": 25, "priority": 2, "description": "Nm: Class names should start with an upper case letter", "line_content": "public class bgPotwierdzWizyte extends AsyncTask <String, Void,String> {\n"}, {"type": "NM_CLASS_NAMING_CONVENTION", "file_name": "android_studio_project/praca_inz_03/app/src/main/java/com/example/praca_inz_03/bgRejestracja.java", "commit_sha": "1308cebd5abe9b9bd0704550ebd2546fe8928bb9", "line_no": 21, "priority": 2, "description": "Nm: Class names should start with an upper case letter", "line_content": "public class bgRejestracja extends AsyncTask<String, Void,String> {\n"}, {"type": "NM_CLASS_NAMING_CONVENTION", "file_name": "android_studio_project/praca_inz_03/app/src/main/java/com/example/praca_inz_03/bgRejestracjaLekarza.java", "commit_sha": "1308cebd5abe9b9bd0704550ebd2546fe8928bb9", "line_no": 21, "priority": 2, "description": "Nm: Class names should start with an upper case letter", "line_content": "public class bgRejestracjaLekarza extends AsyncTask<String, Void,String> {\n"}, {"type": "NM_CLASS_NAMING_CONVENTION", "file_name": "android_studio_project/praca_inz_03/app/src/main/java/com/example/praca_inz_03/bgWyswietlOpinie.java", "commit_sha": "1308cebd5abe9b9bd0704550ebd2546fe8928bb9", "line_no": 32, "priority": 2, "description": "Nm: Class names should start with an upper case letter", "line_content": "public class bgWyswietlOpinie extends AsyncTask<String, Void, List<String>> {\n"}, {"type": "NM_CLASS_NAMING_CONVENTION", "file_name": "android_studio_project/praca_inz_03/app/src/main/java/com/example/praca_inz_03/rejestracja.java", "commit_sha": "1308cebd5abe9b9bd0704550ebd2546fe8928bb9", "line_no": 9, "priority": 2, "description": "Nm: Class names should start with an upper case letter", "line_content": "public class rejestracja extends AppCompatActivity {\n"}, {"type": "NM_CLASS_NAMING_CONVENTION", "file_name": "android_studio_project/praca_inz_03/app/src/main/java/com/example/praca_inz_03/rejestracjaLekarza.java", "commit_sha": "1308cebd5abe9b9bd0704550ebd2546fe8928bb9", "line_no": 9, "priority": 2, "description": "Nm: Class names should start with an upper case letter", "line_content": "public class rejestracjaLekarza extends AppCompatActivity {\n"}, {"type": "NM_METHOD_NAMING_CONVENTION", "file_name": "android_studio_project/praca_inz_03/app/src/main/java/com/example/praca_inz_03/rejestracjaLekarza.java", "commit_sha": "1308cebd5abe9b9bd0704550ebd2546fe8928bb9", "line_no": 32, "priority": 2, "description": "Nm: Method names should start with a lower case letter", "line_content": "    public void DodajBtn(View view) {\n"}]}