{"repo": "hayRenat/HomeWork7", "id": "1", "total": 2, "items": [{"type": "NM_METHOD_NAMING_CONVENTION", "file_name": "src/HW/TestedMethods.java", "commit_sha": "ecb42c9b81c5b58ddbd6a3d5578ecb87eb93be6b", "line_no": 6, "priority": 2, "description": "Nm: Method names should start with a lower case letter", "line_content": "    public static void BeforeMethod(){\n"}, {"type": "NM_METHOD_NAMING_CONVENTION", "file_name": "src/HW/TestedMethods.java", "commit_sha": "ecb42c9b81c5b58ddbd6a3d5578ecb87eb93be6b", "line_no": 11, "priority": 2, "description": "Nm: Method names should start with a lower case letter", "line_content": "    public static void AfterMethod(){\n"}]}