{"repo": "WSU-4110/GymBuddy", "id": "25", "total": 6, "items": [{"type": "NM_CLASS_NAMING_CONVENTION", "file_name": "src/database/login.java", "commit_sha": "fc8aa4b793f540ac2f769a1e51f1772c60f7d731", "line_no": 7, "priority": 2, "description": "Nm: Class names should start with an upper case letter", "line_content": "public class login { "}, {"type": "NM_CLASS_NAMING_CONVENTION", "file_name": "src/database/registration.java", "commit_sha": "fc8aa4b793f540ac2f769a1e51f1772c60f7d731", "line_no": 5, "priority": 2, "description": "Nm: Class names should start with an upper case letter", "line_content": "public class registration {\n"}, {"type": "NM_CLASS_NAMING_CONVENTION", "file_name": "src/database/userGrab.java", "commit_sha": "fc8aa4b793f540ac2f769a1e51f1772c60f7d731", "line_no": 6, "priority": 2, "description": "Nm: Class names should start with an upper case letter", "line_content": "public class userGrab {\n"}, {"type": "NM_CLASS_NAMING_CONVENTION", "file_name": "src/login.java", "commit_sha": "fc8aa4b793f540ac2f769a1e51f1772c60f7d731", "line_no": 1, "priority": 2, "description": "Nm: Class names should start with an upper case letter", "line_content": "public class login {\n"}, {"type": "ES_COMPARING_STRINGS_WITH_EQ", "file_name": "src/user.java", "commit_sha": "fc8aa4b793f540ac2f769a1e51f1772c60f7d731", "line_no": 124, "priority": 2, "description": "Suspicious reference comparison of String objects", "line_content": "    if (gender == \"male\" || gender == \"female\") {\n"}, {"type": "NM_CLASS_NAMING_CONVENTION", "file_name": "src/user.java", "commit_sha": "fc8aa4b793f540ac2f769a1e51f1772c60f7d731", "line_no": 1, "priority": 2, "description": "Nm: Class names should start with an upper case letter", "line_content": "public class user {\n"}]}