{"repo": "super30admin/Array-2", "id": "430", "total": 2, "items": [{"type": "VA_FORMAT_STRING_USES_NEWLINE", "file_name": "que-3.java", "commit_sha": "bb6eb9cd767003151731bd67875770cc1509f96d", "line_no": 55, "priority": 2, "description": "Format string should use %n rather than \\n", "line_content": "        System.out.printf(\"\\nMinimum element is %d\", minmax.min);\r\n"}, {"type": "VA_FORMAT_STRING_USES_NEWLINE", "file_name": "que-3.java", "commit_sha": "bb6eb9cd767003151731bd67875770cc1509f96d", "line_no": 56, "priority": 2, "description": "Format string should use %n rather than \\n", "line_content": "        System.out.printf(\"\\nMaximum element is %d\", minmax.max);\r\n"}]}