{"repo": "tu4nh/LyTuanAnh", "id": "1", "total": 11, "items": [{"type": "NM_METHOD_NAMING_CONVENTION", "file_name": "Sanpham.java", "commit_sha": "7e751290d40725a5e46750d8eb1dabab7ec71f6e", "line_no": 18, "priority": 3, "description": "Nm: Method names should start with a lower case letter", "line_content": "    private double ThueNhapKhau(){\r\n"}, {"type": "NM_METHOD_NAMING_CONVENTION", "file_name": "Sanpham.java", "commit_sha": "7e751290d40725a5e46750d8eb1dabab7ec71f6e", "line_no": 25, "priority": 5, "description": "Nm: Method names should start with a lower case letter", "line_content": "        System.out.println(\"Thue nhap khau: \"+ThueNhapKhau());\r\n"}, {"type": "NM_CLASS_NAMING_CONVENTION", "file_name": "bai2(10.3).java", "commit_sha": "7e751290d40725a5e46750d8eb1dabab7ec71f6e", "line_no": 2, "priority": 2, "description": "Nm: Class names should start with an upper case letter", "line_content": "public class bai2 {\r\n"}, {"type": "NM_METHOD_NAMING_CONVENTION", "file_name": "bai2(10.3).java", "commit_sha": "7e751290d40725a5e46750d8eb1dabab7ec71f6e", "line_no": 5, "priority": 5, "description": "Nm: Method names should start with a lower case letter", "line_content": "        tg.HamTao(0,0,0);\r\n"}, {"type": "NM_METHOD_NAMING_CONVENTION", "file_name": "bai2(10.3).java", "commit_sha": "7e751290d40725a5e46750d8eb1dabab7ec71f6e", "line_no": 8, "priority": 5, "description": "Nm: Method names should start with a lower case letter", "line_content": "        tg.HamChuyen();\r\n"}, {"type": "NM_METHOD_NAMING_CONVENTION", "file_name": "bai2(10.3).java", "commit_sha": "7e751290d40725a5e46750d8eb1dabab7ec71f6e", "line_no": 14, "priority": 3, "description": "Nm: Method names should start with a lower case letter", "line_content": "    void HamTao(int gio, int phut, int giay){\r\n"}, {"type": "NM_METHOD_NAMING_CONVENTION", "file_name": "bai2(10.3).java", "commit_sha": "7e751290d40725a5e46750d8eb1dabab7ec71f6e", "line_no": 31, "priority": 3, "description": "Nm: Method names should start with a lower case letter", "line_content": "    void HamChuyen(){\r\n"}, {"type": "NM_CLASS_NAMING_CONVENTION", "file_name": "bai2.java", "commit_sha": "7e751290d40725a5e46750d8eb1dabab7ec71f6e", "line_no": 2, "priority": 2, "description": "Nm: Class names should start with an upper case letter", "line_content": "public class bai2 {\r\n"}, {"type": "NM_CLASS_NAMING_CONVENTION", "file_name": "bai3(10.3).java", "commit_sha": "7e751290d40725a5e46750d8eb1dabab7ec71f6e", "line_no": 2, "priority": 2, "description": "Nm: Class names should start with an upper case letter", "line_content": "public class bai3 {\r\n"}, {"type": "NM_CLASS_NAMING_CONVENTION", "file_name": "bai3.java", "commit_sha": "7e751290d40725a5e46750d8eb1dabab7ec71f6e", "line_no": 2, "priority": 2, "description": "Nm: Class names should start with an upper case letter", "line_content": "public class bai3 {\r\n"}, {"type": "NM_CLASS_NAMING_CONVENTION", "file_name": "bai4(10.3).java", "commit_sha": "7e751290d40725a5e46750d8eb1dabab7ec71f6e", "line_no": 2, "priority": 2, "description": "Nm: Class names should start with an upper case letter", "line_content": "public class bai4 {\r\n"}]}