{"repo": "Quiksilver1/HomeWork1", "id": "17", "total": 28, "items": [{"type": "NM_METHOD_NAMING_CONVENTION", "file_name": "src/ru/geekbrains/HomeWork/Java2/Lesson1/Interface/Treadmill.java", "commit_sha": "173fe67ff6190cdf2575753d951e846fc6d3cf45", "line_no": 9, "priority": 3, "description": "Nm: Method names should start with a lower case letter", "line_content": "    void RunningHuman(Human human);\n"}, {"type": "NM_METHOD_NAMING_CONVENTION", "file_name": "src/ru/geekbrains/HomeWork/Java2/Lesson1/Interface/Treadmill.java", "commit_sha": "173fe67ff6190cdf2575753d951e846fc6d3cf45", "line_no": 11, "priority": 3, "description": "Nm: Method names should start with a lower case letter", "line_content": "    void RunningRobot(Robot robot);\n"}, {"type": "NM_METHOD_NAMING_CONVENTION", "file_name": "src/ru/geekbrains/HomeWork/Java2/Lesson1/Interface/Treadmill.java", "commit_sha": "173fe67ff6190cdf2575753d951e846fc6d3cf45", "line_no": 13, "priority": 3, "description": "Nm: Method names should start with a lower case letter", "line_content": "    void RunningCat(Cat cat);\n"}, {"type": "NM_METHOD_NAMING_CONVENTION", "file_name": "src/ru/geekbrains/HomeWork/Java2/Lesson1/Interface/Wall.java", "commit_sha": "173fe67ff6190cdf2575753d951e846fc6d3cf45", "line_no": 9, "priority": 3, "description": "Nm: Method names should start with a lower case letter", "line_content": "    void JumpHuman(Human human);\n"}, {"type": "NM_METHOD_NAMING_CONVENTION", "file_name": "src/ru/geekbrains/HomeWork/Java2/Lesson1/Interface/Wall.java", "commit_sha": "173fe67ff6190cdf2575753d951e846fc6d3cf45", "line_no": 11, "priority": 3, "description": "Nm: Method names should start with a lower case letter", "line_content": "    void JumpRobot(Robot robot);\n"}, {"type": "NM_METHOD_NAMING_CONVENTION", "file_name": "src/ru/geekbrains/HomeWork/Java2/Lesson1/Interface/Wall.java", "commit_sha": "173fe67ff6190cdf2575753d951e846fc6d3cf45", "line_no": 13, "priority": 3, "description": "Nm: Method names should start with a lower case letter", "line_content": "    void JumpCat(Cat cat);\n"}, {"type": "NM_METHOD_NAMING_CONVENTION", "file_name": "src/ru/geekbrains/HomeWork/Java2/Lesson1/model/Cat.java", "commit_sha": "173fe67ff6190cdf2575753d951e846fc6d3cf45", "line_no": 24, "priority": 2, "description": "Nm: Method names should start with a lower case letter", "line_content": "    public void Run(){\n"}, {"type": "NM_METHOD_NAMING_CONVENTION", "file_name": "src/ru/geekbrains/HomeWork/Java2/Lesson1/model/Cat.java", "commit_sha": "173fe67ff6190cdf2575753d951e846fc6d3cf45", "line_no": 28, "priority": 2, "description": "Nm: Method names should start with a lower case letter", "line_content": "    public void Jump(){\n"}, {"type": "NM_METHOD_NAMING_CONVENTION", "file_name": "src/ru/geekbrains/HomeWork/Java2/Lesson1/model/Human.java", "commit_sha": "173fe67ff6190cdf2575753d951e846fc6d3cf45", "line_no": 49, "priority": 2, "description": "Nm: Method names should start with a lower case letter", "line_content": "    public void Run(){\n"}, {"type": "NM_METHOD_NAMING_CONVENTION", "file_name": "src/ru/geekbrains/HomeWork/Java2/Lesson1/model/Human.java", "commit_sha": "173fe67ff6190cdf2575753d951e846fc6d3cf45", "line_no": 53, "priority": 2, "description": "Nm: Method names should start with a lower case letter", "line_content": "    public void Jump(){\n"}, {"type": "NM_METHOD_NAMING_CONVENTION", "file_name": "src/ru/geekbrains/HomeWork/Java2/Lesson1/model/Polygon.java", "commit_sha": "173fe67ff6190cdf2575753d951e846fc6d3cf45", "line_no": 33, "priority": 5, "description": "Nm: Method names should start with a lower case letter", "line_content": "                    treadmill.RunningHuman(human);\n"}, {"type": "NM_METHOD_NAMING_CONVENTION", "file_name": "src/ru/geekbrains/HomeWork/Java2/Lesson1/model/Polygon.java", "commit_sha": "173fe67ff6190cdf2575753d951e846fc6d3cf45", "line_no": 41, "priority": 5, "description": "Nm: Method names should start with a lower case letter", "line_content": "                    treadmill.RunningCat(cat);\n"}, {"type": "NM_METHOD_NAMING_CONVENTION", "file_name": "src/ru/geekbrains/HomeWork/Java2/Lesson1/model/Polygon.java", "commit_sha": "173fe67ff6190cdf2575753d951e846fc6d3cf45", "line_no": 49, "priority": 5, "description": "Nm: Method names should start with a lower case letter", "line_content": "                    treadmill.RunningRobot(robot);\n"}, {"type": "NM_METHOD_NAMING_CONVENTION", "file_name": "src/ru/geekbrains/HomeWork/Java2/Lesson1/model/Polygon.java", "commit_sha": "173fe67ff6190cdf2575753d951e846fc6d3cf45", "line_no": 61, "priority": 5, "description": "Nm: Method names should start with a lower case letter", "line_content": "                    wallimpl.JumpHuman(human);\n"}, {"type": "NM_METHOD_NAMING_CONVENTION", "file_name": "src/ru/geekbrains/HomeWork/Java2/Lesson1/model/Polygon.java", "commit_sha": "173fe67ff6190cdf2575753d951e846fc6d3cf45", "line_no": 69, "priority": 5, "description": "Nm: Method names should start with a lower case letter", "line_content": "                    wallimpl.JumpRobot(robot);\n"}, {"type": "NM_METHOD_NAMING_CONVENTION", "file_name": "src/ru/geekbrains/HomeWork/Java2/Lesson1/model/Polygon.java", "commit_sha": "173fe67ff6190cdf2575753d951e846fc6d3cf45", "line_no": 77, "priority": 5, "description": "Nm: Method names should start with a lower case letter", "line_content": "                    wallimpl.JumpCat(cat);\n"}, {"type": "NM_METHOD_NAMING_CONVENTION", "file_name": "src/ru/geekbrains/HomeWork/Java2/Lesson1/model/Robot.java", "commit_sha": "173fe67ff6190cdf2575753d951e846fc6d3cf45", "line_no": 24, "priority": 2, "description": "Nm: Method names should start with a lower case letter", "line_content": "    public void Run(){\n"}, {"type": "NM_METHOD_NAMING_CONVENTION", "file_name": "src/ru/geekbrains/HomeWork/Java2/Lesson1/model/Robot.java", "commit_sha": "173fe67ff6190cdf2575753d951e846fc6d3cf45", "line_no": 28, "priority": 2, "description": "Nm: Method names should start with a lower case letter", "line_content": "    public void Jump(){\n"}, {"type": "NM_METHOD_NAMING_CONVENTION", "file_name": "src/ru/geekbrains/HomeWork/Java2/Lesson1/service/TreadmillImpl.java", "commit_sha": "173fe67ff6190cdf2575753d951e846fc6d3cf45", "line_no": 22, "priority": 2, "description": "Nm: Method names should start with a lower case letter", "line_content": "    public void RunningHuman(Human human) {\n"}, {"type": "NM_METHOD_NAMING_CONVENTION", "file_name": "src/ru/geekbrains/HomeWork/Java2/Lesson1/service/TreadmillImpl.java", "commit_sha": "173fe67ff6190cdf2575753d951e846fc6d3cf45", "line_no": 33, "priority": 2, "description": "Nm: Method names should start with a lower case letter", "line_content": "    public void RunningRobot(Robot robot) {\n"}, {"type": "NM_METHOD_NAMING_CONVENTION", "file_name": "src/ru/geekbrains/HomeWork/Java2/Lesson1/service/TreadmillImpl.java", "commit_sha": "173fe67ff6190cdf2575753d951e846fc6d3cf45", "line_no": 45, "priority": 2, "description": "Nm: Method names should start with a lower case letter", "line_content": "    public void RunningCat(Cat cat) {\n"}, {"type": "NM_METHOD_NAMING_CONVENTION", "file_name": "src/ru/geekbrains/HomeWork/Java2/Lesson1/service/WallImpl.java", "commit_sha": "173fe67ff6190cdf2575753d951e846fc6d3cf45", "line_no": 22, "priority": 2, "description": "Nm: Method names should start with a lower case letter", "line_content": "    public void JumpHuman(Human human) {\n"}, {"type": "NM_METHOD_NAMING_CONVENTION", "file_name": "src/ru/geekbrains/HomeWork/Java2/Lesson1/service/WallImpl.java", "commit_sha": "173fe67ff6190cdf2575753d951e846fc6d3cf45", "line_no": 34, "priority": 2, "description": "Nm: Method names should start with a lower case letter", "line_content": "    public void JumpRobot(Robot robot) {\n"}, {"type": "NM_METHOD_NAMING_CONVENTION", "file_name": "src/ru/geekbrains/HomeWork/Java2/Lesson1/service/WallImpl.java", "commit_sha": "173fe67ff6190cdf2575753d951e846fc6d3cf45", "line_no": 44, "priority": 2, "description": "Nm: Method names should start with a lower case letter", "line_content": "    public void JumpCat(Cat cat) {\n"}, {"type": "NM_METHOD_NAMING_CONVENTION", "file_name": "src/ru/geekbrains/HomeWork/Java2/Lesson2/PracticumException.java", "commit_sha": "173fe67ff6190cdf2575753d951e846fc6d3cf45", "line_no": 22, "priority": 5, "description": "Nm: Method names should start with a lower case letter", "line_content": "            TestException(str);\n"}, {"type": "NM_METHOD_NAMING_CONVENTION", "file_name": "src/ru/geekbrains/HomeWork/Java2/Lesson3/AppRun.java", "commit_sha": "173fe67ff6190cdf2575753d951e846fc6d3cf45", "line_no": 10, "priority": 5, "description": "Nm: Method names should start with a lower case letter", "line_content": "        MakeUnic(arr);\n"}, {"type": "NM_METHOD_NAMING_CONVENTION", "file_name": "src/ru/geekbrains/HomeWork/Java2/Lesson3/ArraysWithUnic.java", "commit_sha": "173fe67ff6190cdf2575753d951e846fc6d3cf45", "line_no": 13, "priority": 2, "description": "Nm: Method names should start with a lower case letter", "line_content": "    public static void MakeUnic(String[] arr){\n"}, {"type": "VA_FORMAT_STRING_USES_NEWLINE", "file_name": "src/ru/geekbrains/HomeWork/Java2/Lesson3/Contact.java", "commit_sha": "173fe67ff6190cdf2575753d951e846fc6d3cf45", "line_no": 13, "priority": 2, "description": "Format string should use %n rather than \\n", "line_content": "            System.out.printf(\"Key: %s  Value:%s  \\n\", item.getKey(),item.getValue());\n"}]}