{"repo": "justincnn/BilibiliTask", "id": "3", "total": 3, "items": [{"type": "NM_METHOD_NAMING_CONVENTION", "file_name": "src/test/java/top/srcrs/util/SendTest.java", "commit_sha": "6c36ded06fcdc7fe3524e5e3afd007d9b301e9d5", "line_no": 21, "priority": 3, "description": "Nm: Method names should start with a lower case letter", "line_content": "    void SendServerChanTest() {\n"}, {"type": "NM_METHOD_NAMING_CONVENTION", "file_name": "src/test/java/top/srcrs/util/SendTest.java", "commit_sha": "6c36ded06fcdc7fe3524e5e3afd007d9b301e9d5", "line_no": 28, "priority": 3, "description": "Nm: Method names should start with a lower case letter", "line_content": "    void SendPushPlusTest() {\n"}, {"type": "NM_METHOD_NAMING_CONVENTION", "file_name": "src/test/java/top/srcrs/util/SendTest.java", "commit_sha": "6c36ded06fcdc7fe3524e5e3afd007d9b301e9d5", "line_no": 35, "priority": 3, "description": "Nm: Method names should start with a lower case letter", "line_content": "    void SendTgBotTest() {\n"}]}