{"repo": "MariaNazar/blogPessoal", "id": "6", "total": 3, "items": [{"type": "NM_CLASS_NAMING_CONVENTION", "file_name": "blogPessoal/src/main/java/org/generation/blogPessoal/controller/usuarioController.java", "commit_sha": "a161e6f15fbbcc76be462caa33318ec5b2601e15", "line_no": 22, "priority": 2, "description": "Nm: Class names should start with an upper case letter", "line_content": "public class usuarioController {\n"}, {"type": "NM_METHOD_NAMING_CONVENTION", "file_name": "blogPessoal/src/main/java/org/generation/blogPessoal/controller/usuarioController.java", "commit_sha": "a161e6f15fbbcc76be462caa33318ec5b2601e15", "line_no": 30, "priority": 5, "description": "Nm: Method names should start with a lower case letter", "line_content": "\t\treturn usuarioService.Logar(user).map(resp -> ResponseEntity.ok(resp))\n\t\t\t\t.orElse(ResponseEntity.status(HttpStatus.UNAUTHORIZED).build());\n"}, {"type": "NM_METHOD_NAMING_CONVENTION", "file_name": "blogPessoal/src/main/java/org/generation/blogPessoal/controller/usuarioController.java", "commit_sha": "a161e6f15fbbcc76be462caa33318ec5b2601e15", "line_no": 37, "priority": 5, "description": "Nm: Method names should start with a lower case letter", "line_content": "\t\treturn ResponseEntity.status(HttpStatus.CREATED)\n\t\t\t\t.body(usuarioService.CadastrarUsuario(usuario));\n"}]}