{"repo": "TNG/ArchUnit", "id": "551", "total": 2, "items": [{"type": "NM_CLASS_NAMING_CONVENTION", "file_name": "archunit/src/main/java/com/tngtech/archunit/core/domain/JavaClass.java", "commit_sha": "70898373b40ede845d8cde0cc0ccf5434b15d091", "line_no": 1364, "priority": 3, "description": "Nm: Class names should start with an upper case letter", "line_content": "        Superclass withRawType(JavaClass newRawType) {\n"}, {"type": "NM_CLASS_NAMING_CONVENTION", "file_name": "archunit/src/test/java/com/tngtech/archunit/core/domain/DependencyTest.java", "commit_sha": "70898373b40ede845d8cde0cc0ccf5434b15d091", "line_no": 281, "priority": 3, "description": "Nm: Class names should start with an upper case letter", "line_content": "        class ClassWithGenericSuperclass extends Base<String> {\n"}]}