{"repo": "chestateerobotics/First-Tech-Challenge-Robot-Code", "id": "4", "total": 2, "items": [{"type": "NM_METHOD_NAMING_CONVENTION", "file_name": "TeamCode/DistanceSensorAutonomous.java", "commit_sha": "b85fea8c3cfb40f2d1c8c895c83b1149386c2e7e", "line_no": 37, "priority": 5, "description": "Nm: Method names should start with a lower case letter", "line_content": "        Initiate();\n"}, {"type": "NM_METHOD_NAMING_CONVENTION", "file_name": "TeamCode/DistanceSensorAutonomous.java", "commit_sha": "b85fea8c3cfb40f2d1c8c895c83b1149386c2e7e", "line_no": 128, "priority": 3, "description": "Nm: Method names should start with a lower case letter", "line_content": "    private void Initiate(){\n"}]}