{"repo": "wso2/carbon-apimgt", "id": "9971", "total": 2, "items": [{"type": "NM_METHOD_NAMING_CONVENTION", "file_name": "components/apimgt/org.wso2.carbon.apimgt.throttling.siddhi.extension/src/test/java/org/wso2/carbon/apimgt/throttling/siddhi/extension/ThrottlingTimeLengthWindowTestCase.java", "commit_sha": "62c30622d3cd0a0f1e68589440ae7f03959e3d82", "line_no": 59, "priority": 3, "description": "Nm: Method names should start with a lower case letter", "line_content": "        String requestStream = \"\" +\n                \"define stream RequestStream (messageID string, isEligible bool, throttleKey string);\";\n"}, {"type": "NM_METHOD_NAMING_CONVENTION", "file_name": "components/apimgt/org.wso2.carbon.apimgt.throttling.siddhi.extension/src/test/java/org/wso2/carbon/apimgt/throttling/siddhi/extension/ThrottlingTimeLengthWindowTestCase.java", "commit_sha": "62c30622d3cd0a0f1e68589440ae7f03959e3d82", "line_no": 114, "priority": 3, "description": "Nm: Method names should start with a lower case letter", "line_content": "        String requestStream = \"\" +\n                \"define stream RequestStream (messageID string, isEligible bool, throttleKey string);\";\n"}]}