{"repo": "WrenchDressing/UltimateGoal", "id": "5", "total": 179, "items": [{"type": "ES_COMPARING_STRINGS_WITH_EQ", "file_name": "TeamCode/src/main/java/org/firstinspires/ftc/teamcode/BestSTATEAutoEver.java", "commit_sha": "90e3fbdaa1a2ec540ad7caaa6d0a88999d2dfe04", "line_no": 879, "priority": 2, "description": "Suspicious reference comparison of String objects", "line_content": "                        if (recognition.getLabel() == \"Quad\") {\n"}, {"type": "ES_COMPARING_STRINGS_WITH_EQ", "file_name": "TeamCode/src/main/java/org/firstinspires/ftc/teamcode/BestSTATEAutoEver.java", "commit_sha": "90e3fbdaa1a2ec540ad7caaa6d0a88999d2dfe04", "line_no": 881, "priority": 2, "description": "Suspicious reference comparison of String objects", "line_content": "                        } else if (recognition.getLabel() == \"Single\") {\n"}, {"type": "NM_METHOD_NAMING_CONVENTION", "file_name": "TeamCode/src/main/java/org/firstinspires/ftc/teamcode/BestSTATEAutoEver.java", "commit_sha": "90e3fbdaa1a2ec540ad7caaa6d0a88999d2dfe04", "line_no": 379, "priority": 3, "description": "Nm: Method names should start with a lower case letter", "line_content": "    private void DistanceTracker() {\n"}, {"type": "NM_METHOD_NAMING_CONVENTION", "file_name": "TeamCode/src/main/java/org/firstinspires/ftc/teamcode/BestSTATEAutoEver.java", "commit_sha": "90e3fbdaa1a2ec540ad7caaa6d0a88999d2dfe04", "line_no": 395, "priority": 3, "description": "Nm: Method names should start with a lower case letter", "line_content": "    private void ResetTracker() {\n"}, {"type": "NM_METHOD_NAMING_CONVENTION", "file_name": "TeamCode/src/main/java/org/firstinspires/ftc/teamcode/BestSTATEAutoEver.java", "commit_sha": "90e3fbdaa1a2ec540ad7caaa6d0a88999d2dfe04", "line_no": 400, "priority": 3, "description": "Nm: Method names should start with a lower case letter", "line_content": "    private void WallTargetGoTo(VuforiaLocalizer vufor, Iterable<? extends VuforiaTrackable> allTrackables, double xTarget, double yTarget, double Speed) {\n"}, {"type": "NM_METHOD_NAMING_CONVENTION", "file_name": "TeamCode/src/main/java/org/firstinspires/ftc/teamcode/BestSTATEAutoEver.java", "commit_sha": "90e3fbdaa1a2ec540ad7caaa6d0a88999d2dfe04", "line_no": 441, "priority": 3, "description": "Nm: Method names should start with a lower case letter", "line_content": "    private void SpeedCalculator(double XDistance, double YDistance, double Speed, double AccelDistance, double DecelDistance, boolean Accel, boolean Decel) {\n"}, {"type": "NM_METHOD_NAMING_CONVENTION", "file_name": "TeamCode/src/main/java/org/firstinspires/ftc/teamcode/BestSTATEAutoEver.java", "commit_sha": "90e3fbdaa1a2ec540ad7caaa6d0a88999d2dfe04", "line_no": 494, "priority": 3, "description": "Nm: Method names should start with a lower case letter", "line_content": "    private void GoTov2(double XDistance, double YDistance, double Speed, double MaintainAngle, double AccelDistance, double DecelDistance, boolean Accel, boolean Decel, double IMUGain, boolean Reset) {\n"}, {"type": "NM_METHOD_NAMING_CONVENTION", "file_name": "TeamCode/src/main/java/org/firstinspires/ftc/teamcode/BestSTATEAutoEver.java", "commit_sha": "90e3fbdaa1a2ec540ad7caaa6d0a88999d2dfe04", "line_no": 574, "priority": 3, "description": "Nm: Method names should start with a lower case letter", "line_content": "    private void MagFull(double Yl, double Xl, double Timeout, double Distance, double MaintainAngle, double IMUGain) {\n"}, {"type": "NM_METHOD_NAMING_CONVENTION", "file_name": "TeamCode/src/main/java/org/firstinspires/ftc/teamcode/BestSTATEAutoEver.java", "commit_sha": "90e3fbdaa1a2ec540ad7caaa6d0a88999d2dfe04", "line_no": 597, "priority": 3, "description": "Nm: Method names should start with a lower case letter", "line_content": "    private void AngularAdjustment(double targetangle, double IMUgain) {\n"}, {"type": "NM_METHOD_NAMING_CONVENTION", "file_name": "TeamCode/src/main/java/org/firstinspires/ftc/teamcode/BestSTATEAutoEver.java", "commit_sha": "90e3fbdaa1a2ec540ad7caaa6d0a88999d2dfe04", "line_no": 612, "priority": 3, "description": "Nm: Method names should start with a lower case letter", "line_content": "    private void BulkCaching() {\n"}, {"type": "NM_METHOD_NAMING_CONVENTION", "file_name": "TeamCode/src/main/java/org/firstinspires/ftc/teamcode/BestSTATEAutoEver.java", "commit_sha": "90e3fbdaa1a2ec540ad7caaa6d0a88999d2dfe04", "line_no": 733, "priority": 3, "description": "Nm: Method names should start with a lower case letter", "line_content": "    private void Initialization() {\n"}, {"type": "NM_METHOD_NAMING_CONVENTION", "file_name": "TeamCode/src/main/java/org/firstinspires/ftc/teamcode/BestSTATEAutoEver.java", "commit_sha": "90e3fbdaa1a2ec540ad7caaa6d0a88999d2dfe04", "line_no": 914, "priority": 3, "description": "Nm: Method names should start with a lower case letter", "line_content": "    private void Shoot(double RP, double LP, double Timer, boolean Stop) {\n"}, {"type": "NM_METHOD_NAMING_CONVENTION", "file_name": "TeamCode/src/main/java/org/firstinspires/ftc/teamcode/BestSTATEAutoEver.java", "commit_sha": "90e3fbdaa1a2ec540ad7caaa6d0a88999d2dfe04", "line_no": 950, "priority": 3, "description": "Nm: Method names should start with a lower case letter", "line_content": "    private void MecanumFunction(double YL, double XL, double XR) {\n"}, {"type": "NM_METHOD_NAMING_CONVENTION", "file_name": "TeamCode/src/main/java/org/firstinspires/ftc/teamcode/BestSTATEAutoEver.java", "commit_sha": "90e3fbdaa1a2ec540ad7caaa6d0a88999d2dfe04", "line_no": 1045, "priority": 3, "description": "Nm: Method names should start with a lower case letter", "line_content": "    private void AngleAdjustment(double DegreeChange) {\n"}, {"type": "NM_METHOD_NAMING_CONVENTION", "file_name": "TeamCode/src/main/java/org/firstinspires/ftc/teamcode/BestSTATEAutoEver.java", "commit_sha": "90e3fbdaa1a2ec540ad7caaa6d0a88999d2dfe04", "line_no": 1076, "priority": 3, "description": "Nm: Method names should start with a lower case letter", "line_content": "    private void DistanceSmoothTravel(double Distance, double Speed, double MaintainAngle,\n                                      double IMUGain, boolean Accel_, boolean Decel_, double DecelDistance) {\n"}, {"type": "NM_METHOD_NAMING_CONVENTION", "file_name": "TeamCode/src/main/java/org/firstinspires/ftc/teamcode/BestSTATEAutoEver.java", "commit_sha": "90e3fbdaa1a2ec540ad7caaa6d0a88999d2dfe04", "line_no": 1198, "priority": 3, "description": "Nm: Method names should start with a lower case letter", "line_content": "    private void DistanceStrafe(double Distance, double Speed, double MaintainAngle,\n                                double IMUGain, boolean Accel_, boolean Decel_, double DecelDistance) {\n"}, {"type": "NM_METHOD_NAMING_CONVENTION", "file_name": "TeamCode/src/main/java/org/firstinspires/ftc/teamcode/BestSTATEAutoEver.java", "commit_sha": "90e3fbdaa1a2ec540ad7caaa6d0a88999d2dfe04", "line_no": 1313, "priority": 3, "description": "Nm: Method names should start with a lower case letter", "line_content": "    private void GoTo(double XDistance, double YDistance, double Speed, double MaintainAngle, double AccelDistance, double DecelDistance, boolean Accel, boolean Decel, double IMUGain, boolean Reset) {\n"}, {"type": "NM_METHOD_NAMING_CONVENTION", "file_name": "TeamCode/src/main/java/org/firstinspires/ftc/teamcode/BestSTATEAutoEver.java", "commit_sha": "90e3fbdaa1a2ec540ad7caaa6d0a88999d2dfe04", "line_no": 1452, "priority": 3, "description": "Nm: Method names should start with a lower case letter", "line_content": "    private void PersonalityStateMachine() {\n"}, {"type": "ES_COMPARING_STRINGS_WITH_EQ", "file_name": "TeamCode/src/main/java/org/firstinspires/ftc/teamcode/FunctionTest.java", "commit_sha": "90e3fbdaa1a2ec540ad7caaa6d0a88999d2dfe04", "line_no": 467, "priority": 2, "description": "Suspicious reference comparison of String objects", "line_content": "                        if (recognition.getLabel() == \"Quad\") {\n"}, {"type": "ES_COMPARING_STRINGS_WITH_EQ", "file_name": "TeamCode/src/main/java/org/firstinspires/ftc/teamcode/FunctionTest.java", "commit_sha": "90e3fbdaa1a2ec540ad7caaa6d0a88999d2dfe04", "line_no": 471, "priority": 2, "description": "Suspicious reference comparison of String objects", "line_content": "                        if (recognition.getLabel() == \"Single\") {\n"}, {"type": "NM_METHOD_NAMING_CONVENTION", "file_name": "TeamCode/src/main/java/org/firstinspires/ftc/teamcode/FunctionTest.java", "commit_sha": "90e3fbdaa1a2ec540ad7caaa6d0a88999d2dfe04", "line_no": 117, "priority": 5, "description": "Nm: Method names should start with a lower case letter", "line_content": "        Initialization();\n"}, {"type": "NM_METHOD_NAMING_CONVENTION", "file_name": "TeamCode/src/main/java/org/firstinspires/ftc/teamcode/FunctionTest.java", "commit_sha": "90e3fbdaa1a2ec540ad7caaa6d0a88999d2dfe04", "line_no": 332, "priority": 3, "description": "Nm: Method names should start with a lower case letter", "line_content": "    private void Initialization() {\n"}, {"type": "NM_METHOD_NAMING_CONVENTION", "file_name": "TeamCode/src/main/java/org/firstinspires/ftc/teamcode/FunctionTest.java", "commit_sha": "90e3fbdaa1a2ec540ad7caaa6d0a88999d2dfe04", "line_no": 517, "priority": 3, "description": "Nm: Method names should start with a lower case letter", "line_content": "    private void MecanumFunction(double YL, double XL, double XR) {\n"}, {"type": "ES_COMPARING_STRINGS_WITH_EQ", "file_name": "TeamCode/src/main/java/org/firstinspires/ftc/teamcode/FunctionTest2.java", "commit_sha": "90e3fbdaa1a2ec540ad7caaa6d0a88999d2dfe04", "line_no": 629, "priority": 2, "description": "Suspicious reference comparison of String objects", "line_content": "                        if (recognition.getLabel() == \"Quad\") {\n"}, {"type": "ES_COMPARING_STRINGS_WITH_EQ", "file_name": "TeamCode/src/main/java/org/firstinspires/ftc/teamcode/FunctionTest2.java", "commit_sha": "90e3fbdaa1a2ec540ad7caaa6d0a88999d2dfe04", "line_no": 633, "priority": 2, "description": "Suspicious reference comparison of String objects", "line_content": "                        if (recognition.getLabel() == \"Single\") {\n"}, {"type": "NM_METHOD_NAMING_CONVENTION", "file_name": "TeamCode/src/main/java/org/firstinspires/ftc/teamcode/FunctionTest2.java", "commit_sha": "90e3fbdaa1a2ec540ad7caaa6d0a88999d2dfe04", "line_no": 132, "priority": 5, "description": "Nm: Method names should start with a lower case letter", "line_content": "        Initialization();\n"}, {"type": "NM_METHOD_NAMING_CONVENTION", "file_name": "TeamCode/src/main/java/org/firstinspires/ftc/teamcode/FunctionTest2.java", "commit_sha": "90e3fbdaa1a2ec540ad7caaa6d0a88999d2dfe04", "line_no": 203, "priority": 5, "description": "Nm: Method names should start with a lower case letter", "line_content": "        DistanceSmoothTravel(22, .4, 0, 0.025, true, true, 1400);\n"}, {"type": "NM_METHOD_NAMING_CONVENTION", "file_name": "TeamCode/src/main/java/org/firstinspires/ftc/teamcode/FunctionTest2.java", "commit_sha": "90e3fbdaa1a2ec540ad7caaa6d0a88999d2dfe04", "line_no": 207, "priority": 5, "description": "Nm: Method names should start with a lower case letter", "line_content": "        DistanceSmoothTravel(42, .3, 0, 0.025, true, true, 4000);\n"}, {"type": "NM_METHOD_NAMING_CONVENTION", "file_name": "TeamCode/src/main/java/org/firstinspires/ftc/teamcode/FunctionTest2.java", "commit_sha": "90e3fbdaa1a2ec540ad7caaa6d0a88999d2dfe04", "line_no": 209, "priority": 5, "description": "Nm: Method names should start with a lower case letter", "line_content": "        AngularAdjustment(0, 0.01);\n"}, {"type": "NM_METHOD_NAMING_CONVENTION", "file_name": "TeamCode/src/main/java/org/firstinspires/ftc/teamcode/FunctionTest2.java", "commit_sha": "90e3fbdaa1a2ec540ad7caaa6d0a88999d2dfe04", "line_no": 210, "priority": 5, "description": "Nm: Method names should start with a lower case letter", "line_content": "        Shoot(-0.31, 0.745, 1.5, false);\n"}, {"type": "NM_METHOD_NAMING_CONVENTION", "file_name": "TeamCode/src/main/java/org/firstinspires/ftc/teamcode/FunctionTest2.java", "commit_sha": "90e3fbdaa1a2ec540ad7caaa6d0a88999d2dfe04", "line_no": 211, "priority": 5, "description": "Nm: Method names should start with a lower case letter", "line_content": "        AngularAdjustment(-4, 0.019);\n"}, {"type": "NM_METHOD_NAMING_CONVENTION", "file_name": "TeamCode/src/main/java/org/firstinspires/ftc/teamcode/FunctionTest2.java", "commit_sha": "90e3fbdaa1a2ec540ad7caaa6d0a88999d2dfe04", "line_no": 212, "priority": 5, "description": "Nm: Method names should start with a lower case letter", "line_content": "        Shoot(-0.31, 0.73, 1.5, false);\n"}, {"type": "NM_METHOD_NAMING_CONVENTION", "file_name": "TeamCode/src/main/java/org/firstinspires/ftc/teamcode/FunctionTest2.java", "commit_sha": "90e3fbdaa1a2ec540ad7caaa6d0a88999d2dfe04", "line_no": 213, "priority": 5, "description": "Nm: Method names should start with a lower case letter", "line_content": "        AngularAdjustment(-8.5, 0.025);\n"}, {"type": "NM_METHOD_NAMING_CONVENTION", "file_name": "TeamCode/src/main/java/org/firstinspires/ftc/teamcode/FunctionTest2.java", "commit_sha": "90e3fbdaa1a2ec540ad7caaa6d0a88999d2dfe04", "line_no": 214, "priority": 5, "description": "Nm: Method names should start with a lower case letter", "line_content": "        Shoot(-0.31, 0.733, 1.5, true);\n"}, {"type": "NM_METHOD_NAMING_CONVENTION", "file_name": "TeamCode/src/main/java/org/firstinspires/ftc/teamcode/FunctionTest2.java", "commit_sha": "90e3fbdaa1a2ec540ad7caaa6d0a88999d2dfe04", "line_no": 221, "priority": 5, "description": "Nm: Method names should start with a lower case letter", "line_content": "            DistanceSmoothTravel(38, .6, 33, 0.025, true, true, 1400);\n"}, {"type": "NM_METHOD_NAMING_CONVENTION", "file_name": "TeamCode/src/main/java/org/firstinspires/ftc/teamcode/FunctionTest2.java", "commit_sha": "90e3fbdaa1a2ec540ad7caaa6d0a88999d2dfe04", "line_no": 223, "priority": 5, "description": "Nm: Method names should start with a lower case letter", "line_content": "            DistanceSmoothTravel(15, .4, 90, 0.025, true, true, 1400);\n"}, {"type": "NM_METHOD_NAMING_CONVENTION", "file_name": "TeamCode/src/main/java/org/firstinspires/ftc/teamcode/FunctionTest2.java", "commit_sha": "90e3fbdaa1a2ec540ad7caaa6d0a88999d2dfe04", "line_no": 233, "priority": 5, "description": "Nm: Method names should start with a lower case letter", "line_content": "            DistanceSmoothTravel(-22, .7, 13, 0.025, true, true, 1400);\n"}, {"type": "NM_METHOD_NAMING_CONVENTION", "file_name": "TeamCode/src/main/java/org/firstinspires/ftc/teamcode/FunctionTest2.java", "commit_sha": "90e3fbdaa1a2ec540ad7caaa6d0a88999d2dfe04", "line_no": 235, "priority": 5, "description": "Nm: Method names should start with a lower case letter", "line_content": "            DistanceSmoothTravel(-18, .5, 0, 0.025, true, true, 2800);\n"}, {"type": "NM_METHOD_NAMING_CONVENTION", "file_name": "TeamCode/src/main/java/org/firstinspires/ftc/teamcode/FunctionTest2.java", "commit_sha": "90e3fbdaa1a2ec540ad7caaa6d0a88999d2dfe04", "line_no": 245, "priority": 5, "description": "Nm: Method names should start with a lower case letter", "line_content": "            DistanceSmoothTravel(54, 0.7, 0, 0.025, true, true, 1400);\n"}, {"type": "NM_METHOD_NAMING_CONVENTION", "file_name": "TeamCode/src/main/java/org/firstinspires/ftc/teamcode/FunctionTest2.java", "commit_sha": "90e3fbdaa1a2ec540ad7caaa6d0a88999d2dfe04", "line_no": 247, "priority": 5, "description": "Nm: Method names should start with a lower case letter", "line_content": "            DistanceSmoothTravel(14, .4, 90, 0.025, true, true, 1400);\n"}, {"type": "NM_METHOD_NAMING_CONVENTION", "file_name": "TeamCode/src/main/java/org/firstinspires/ftc/teamcode/FunctionTest2.java", "commit_sha": "90e3fbdaa1a2ec540ad7caaa6d0a88999d2dfe04", "line_no": 258, "priority": 5, "description": "Nm: Method names should start with a lower case letter", "line_content": "            DistanceSmoothTravel(-19, .7, 0, 0.025, true, true, 1400);\n"}, {"type": "NM_METHOD_NAMING_CONVENTION", "file_name": "TeamCode/src/main/java/org/firstinspires/ftc/teamcode/FunctionTest2.java", "commit_sha": "90e3fbdaa1a2ec540ad7caaa6d0a88999d2dfe04", "line_no": 259, "priority": 5, "description": "Nm: Method names should start with a lower case letter", "line_content": "            MecanumFunction(0, 0, 0);\n"}, {"type": "NM_METHOD_NAMING_CONVENTION", "file_name": "TeamCode/src/main/java/org/firstinspires/ftc/teamcode/FunctionTest2.java", "commit_sha": "90e3fbdaa1a2ec540ad7caaa6d0a88999d2dfe04", "line_no": 263, "priority": 5, "description": "Nm: Method names should start with a lower case letter", "line_content": "            DistanceSmoothTravel(8, .4, 12.5, 0.025, true, true, 1400);\n"}, {"type": "NM_METHOD_NAMING_CONVENTION", "file_name": "TeamCode/src/main/java/org/firstinspires/ftc/teamcode/FunctionTest2.java", "commit_sha": "90e3fbdaa1a2ec540ad7caaa6d0a88999d2dfe04", "line_no": 265, "priority": 5, "description": "Nm: Method names should start with a lower case letter", "line_content": "            DistanceSmoothTravel(13, .4, 90, 0.025, true, true, 1400);\n"}, {"type": "NM_METHOD_NAMING_CONVENTION", "file_name": "TeamCode/src/main/java/org/firstinspires/ftc/teamcode/FunctionTest2.java", "commit_sha": "90e3fbdaa1a2ec540ad7caaa6d0a88999d2dfe04", "line_no": 274, "priority": 5, "description": "Nm: Method names should start with a lower case letter", "line_content": "            DistanceSmoothTravel(3, .4, 90, 0.025, true, true, 1400);\n"}, {"type": "NM_METHOD_NAMING_CONVENTION", "file_name": "TeamCode/src/main/java/org/firstinspires/ftc/teamcode/FunctionTest2.java", "commit_sha": "90e3fbdaa1a2ec540ad7caaa6d0a88999d2dfe04", "line_no": 276, "priority": 5, "description": "Nm: Method names should start with a lower case letter", "line_content": "            DistanceSmoothTravel(-4, .4, -5, 0.025, true, true, 1400);\n"}, {"type": "NM_METHOD_NAMING_CONVENTION", "file_name": "TeamCode/src/main/java/org/firstinspires/ftc/teamcode/FunctionTest2.java", "commit_sha": "90e3fbdaa1a2ec540ad7caaa6d0a88999d2dfe04", "line_no": 278, "priority": 5, "description": "Nm: Method names should start with a lower case letter", "line_content": "            DistanceSmoothTravel(-17.7, .4, 0, 0.025, true, true, 1400);\n"}, {"type": "NM_METHOD_NAMING_CONVENTION", "file_name": "TeamCode/src/main/java/org/firstinspires/ftc/teamcode/FunctionTest2.java", "commit_sha": "90e3fbdaa1a2ec540ad7caaa6d0a88999d2dfe04", "line_no": 288, "priority": 5, "description": "Nm: Method names should start with a lower case letter", "line_content": "            DistanceSmoothTravel(60, .4, 7, 0.025, true, true, 1400);\n"}, {"type": "NM_METHOD_NAMING_CONVENTION", "file_name": "TeamCode/src/main/java/org/firstinspires/ftc/teamcode/FunctionTest2.java", "commit_sha": "90e3fbdaa1a2ec540ad7caaa6d0a88999d2dfe04", "line_no": 297, "priority": 5, "description": "Nm: Method names should start with a lower case letter", "line_content": "            DistanceSmoothTravel(-16, .4, 0, 0.025, true, true, 1400);\n"}, {"type": "NM_METHOD_NAMING_CONVENTION", "file_name": "TeamCode/src/main/java/org/firstinspires/ftc/teamcode/FunctionTest2.java", "commit_sha": "90e3fbdaa1a2ec540ad7caaa6d0a88999d2dfe04", "line_no": 302, "priority": 5, "description": "Nm: Method names should start with a lower case letter", "line_content": "            DistanceSmoothTravel(-6, .4, 0, 0.025, true, true, 1400);\n"}, {"type": "NM_METHOD_NAMING_CONVENTION", "file_name": "TeamCode/src/main/java/org/firstinspires/ftc/teamcode/FunctionTest2.java", "commit_sha": "90e3fbdaa1a2ec540ad7caaa6d0a88999d2dfe04", "line_no": 305, "priority": 5, "description": "Nm: Method names should start with a lower case letter", "line_content": "            DistanceSmoothTravel(36, .4, 90, 0.025, true, true, 1400);\n"}, {"type": "NM_METHOD_NAMING_CONVENTION", "file_name": "TeamCode/src/main/java/org/firstinspires/ftc/teamcode/FunctionTest2.java", "commit_sha": "90e3fbdaa1a2ec540ad7caaa6d0a88999d2dfe04", "line_no": 315, "priority": 5, "description": "Nm: Method names should start with a lower case letter", "line_content": "            DistanceSmoothTravel(-6, .4, 90, 0.025, true, true, 1400);\n"}, {"type": "NM_METHOD_NAMING_CONVENTION", "file_name": "TeamCode/src/main/java/org/firstinspires/ftc/teamcode/FunctionTest2.java", "commit_sha": "90e3fbdaa1a2ec540ad7caaa6d0a88999d2dfe04", "line_no": 317, "priority": 5, "description": "Nm: Method names should start with a lower case letter", "line_content": "            DistanceSmoothTravel(2, .4, -5, 0.025, true, true, 1400);\n"}, {"type": "NM_METHOD_NAMING_CONVENTION", "file_name": "TeamCode/src/main/java/org/firstinspires/ftc/teamcode/FunctionTest2.java", "commit_sha": "90e3fbdaa1a2ec540ad7caaa6d0a88999d2dfe04", "line_no": 320, "priority": 5, "description": "Nm: Method names should start with a lower case letter", "line_content": "            DistanceSmoothTravel(-8.25, .4, 0, 0.025, true, true, 1400);\n"}, {"type": "NM_METHOD_NAMING_CONVENTION", "file_name": "TeamCode/src/main/java/org/firstinspires/ftc/teamcode/FunctionTest2.java", "commit_sha": "90e3fbdaa1a2ec540ad7caaa6d0a88999d2dfe04", "line_no": 330, "priority": 5, "description": "Nm: Method names should start with a lower case letter", "line_content": "            DistanceSmoothTravel(10, .4, 0, 0.025, true, true, 1400);\n"}, {"type": "NM_METHOD_NAMING_CONVENTION", "file_name": "TeamCode/src/main/java/org/firstinspires/ftc/teamcode/FunctionTest2.java", "commit_sha": "90e3fbdaa1a2ec540ad7caaa6d0a88999d2dfe04", "line_no": 332, "priority": 5, "description": "Nm: Method names should start with a lower case letter", "line_content": "            DistanceSmoothTravel(10, .4, 90, 0.025, true, true, 1400);\n"}, {"type": "NM_METHOD_NAMING_CONVENTION", "file_name": "TeamCode/src/main/java/org/firstinspires/ftc/teamcode/FunctionTest2.java", "commit_sha": "90e3fbdaa1a2ec540ad7caaa6d0a88999d2dfe04", "line_no": 341, "priority": 5, "description": "Nm: Method names should start with a lower case letter", "line_content": "            DistanceSmoothTravel(-26, .4, 90, 0.025, true, true, 1400);\n"}, {"type": "NM_METHOD_NAMING_CONVENTION", "file_name": "TeamCode/src/main/java/org/firstinspires/ftc/teamcode/FunctionTest2.java", "commit_sha": "90e3fbdaa1a2ec540ad7caaa6d0a88999d2dfe04", "line_no": 343, "priority": 5, "description": "Nm: Method names should start with a lower case letter", "line_content": "            DistanceSmoothTravel(18, .4, 0, 0.025, true, true, 1400);\n"}, {"type": "NM_METHOD_NAMING_CONVENTION", "file_name": "TeamCode/src/main/java/org/firstinspires/ftc/teamcode/FunctionTest2.java", "commit_sha": "90e3fbdaa1a2ec540ad7caaa6d0a88999d2dfe04", "line_no": 357, "priority": 3, "description": "Nm: Method names should start with a lower case letter", "line_content": "    private void AngularAdjustment(double targetangle, double IMUgain) {\n"}, {"type": "NM_METHOD_NAMING_CONVENTION", "file_name": "TeamCode/src/main/java/org/firstinspires/ftc/teamcode/FunctionTest2.java", "commit_sha": "90e3fbdaa1a2ec540ad7caaa6d0a88999d2dfe04", "line_no": 359, "priority": 5, "description": "Nm: Method names should start with a lower case letter", "line_content": "            BulkCaching();\n"}, {"type": "NM_METHOD_NAMING_CONVENTION", "file_name": "TeamCode/src/main/java/org/firstinspires/ftc/teamcode/FunctionTest2.java", "commit_sha": "90e3fbdaa1a2ec540ad7caaa6d0a88999d2dfe04", "line_no": 360, "priority": 5, "description": "Nm: Method names should start with a lower case letter", "line_content": "            MecanumFunction(0, 0, IMUgain * (-targetangle + CurrentHeading));\n"}, {"type": "NM_METHOD_NAMING_CONVENTION", "file_name": "TeamCode/src/main/java/org/firstinspires/ftc/teamcode/FunctionTest2.java", "commit_sha": "90e3fbdaa1a2ec540ad7caaa6d0a88999d2dfe04", "line_no": 362, "priority": 5, "description": "Nm: Method names should start with a lower case letter", "line_content": "        MecanumFunction(0, 0, 0);\n"}, {"type": "NM_METHOD_NAMING_CONVENTION", "file_name": "TeamCode/src/main/java/org/firstinspires/ftc/teamcode/FunctionTest2.java", "commit_sha": "90e3fbdaa1a2ec540ad7caaa6d0a88999d2dfe04", "line_no": 365, "priority": 3, "description": "Nm: Method names should start with a lower case letter", "line_content": "    private void BulkCaching() {\n"}, {"type": "NM_METHOD_NAMING_CONVENTION", "file_name": "TeamCode/src/main/java/org/firstinspires/ftc/teamcode/FunctionTest2.java", "commit_sha": "90e3fbdaa1a2ec540ad7caaa6d0a88999d2dfe04", "line_no": 410, "priority": 5, "description": "Nm: Method names should start with a lower case letter", "line_content": "            BulkCaching();\n"}, {"type": "NM_METHOD_NAMING_CONVENTION", "file_name": "TeamCode/src/main/java/org/firstinspires/ftc/teamcode/FunctionTest2.java", "commit_sha": "90e3fbdaa1a2ec540ad7caaa6d0a88999d2dfe04", "line_no": 467, "priority": 5, "description": "Nm: Method names should start with a lower case letter", "line_content": "                    MecanumFunction(1 * (-0.01 * (xTarget - CurrentX)), (-1 * (0.018 * (yTarget - CurrentY))), TrueTrackSwitch * (-0.0075 * (yawTarget - (CurrentVal))) + (-1 * IMUTrackSwitch * -0.01 * (-TargetAngle + CurrentHeading)));\n"}, {"type": "NM_METHOD_NAMING_CONVENTION", "file_name": "TeamCode/src/main/java/org/firstinspires/ftc/teamcode/FunctionTest2.java", "commit_sha": "90e3fbdaa1a2ec540ad7caaa6d0a88999d2dfe04", "line_no": 478, "priority": 5, "description": "Nm: Method names should start with a lower case letter", "line_content": "                MecanumFunction(0, 0, 0);\n"}, {"type": "NM_METHOD_NAMING_CONVENTION", "file_name": "TeamCode/src/main/java/org/firstinspires/ftc/teamcode/FunctionTest2.java", "commit_sha": "90e3fbdaa1a2ec540ad7caaa6d0a88999d2dfe04", "line_no": 486, "priority": 3, "description": "Nm: Method names should start with a lower case letter", "line_content": "    private void Initialization() {\n"}, {"type": "NM_METHOD_NAMING_CONVENTION", "file_name": "TeamCode/src/main/java/org/firstinspires/ftc/teamcode/FunctionTest2.java", "commit_sha": "90e3fbdaa1a2ec540ad7caaa6d0a88999d2dfe04", "line_no": 658, "priority": 3, "description": "Nm: Method names should start with a lower case letter", "line_content": "    private void Shoot(double RP, double LP, double Timer, boolean Stop) {\n"}, {"type": "NM_METHOD_NAMING_CONVENTION", "file_name": "TeamCode/src/main/java/org/firstinspires/ftc/teamcode/FunctionTest2.java", "commit_sha": "90e3fbdaa1a2ec540ad7caaa6d0a88999d2dfe04", "line_no": 693, "priority": 3, "description": "Nm: Method names should start with a lower case letter", "line_content": "    private void MecanumFunction(double YL, double XL, double XR) {\n"}, {"type": "NM_METHOD_NAMING_CONVENTION", "file_name": "TeamCode/src/main/java/org/firstinspires/ftc/teamcode/FunctionTest2.java", "commit_sha": "90e3fbdaa1a2ec540ad7caaa6d0a88999d2dfe04", "line_no": 758, "priority": 5, "description": "Nm: Method names should start with a lower case letter", "line_content": "        BulkCaching();\n"}, {"type": "NM_METHOD_NAMING_CONVENTION", "file_name": "TeamCode/src/main/java/org/firstinspires/ftc/teamcode/FunctionTest2.java", "commit_sha": "90e3fbdaa1a2ec540ad7caaa6d0a88999d2dfe04", "line_no": 762, "priority": 5, "description": "Nm: Method names should start with a lower case letter", "line_content": "                BulkCaching();\n"}, {"type": "NM_METHOD_NAMING_CONVENTION", "file_name": "TeamCode/src/main/java/org/firstinspires/ftc/teamcode/FunctionTest2.java", "commit_sha": "90e3fbdaa1a2ec540ad7caaa6d0a88999d2dfe04", "line_no": 767, "priority": 5, "description": "Nm: Method names should start with a lower case letter", "line_content": "                    MecanumFunction(0, 0, 0.8);\n"}, {"type": "NM_METHOD_NAMING_CONVENTION", "file_name": "TeamCode/src/main/java/org/firstinspires/ftc/teamcode/FunctionTest2.java", "commit_sha": "90e3fbdaa1a2ec540ad7caaa6d0a88999d2dfe04", "line_no": 769, "priority": 5, "description": "Nm: Method names should start with a lower case letter", "line_content": "                    MecanumFunction(0, 0, 0.2);\n"}, {"type": "NM_METHOD_NAMING_CONVENTION", "file_name": "TeamCode/src/main/java/org/firstinspires/ftc/teamcode/FunctionTest2.java", "commit_sha": "90e3fbdaa1a2ec540ad7caaa6d0a88999d2dfe04", "line_no": 774, "priority": 5, "description": "Nm: Method names should start with a lower case letter", "line_content": "                BulkCaching();\n"}, {"type": "NM_METHOD_NAMING_CONVENTION", "file_name": "TeamCode/src/main/java/org/firstinspires/ftc/teamcode/FunctionTest2.java", "commit_sha": "90e3fbdaa1a2ec540ad7caaa6d0a88999d2dfe04", "line_no": 779, "priority": 5, "description": "Nm: Method names should start with a lower case letter", "line_content": "                    MecanumFunction(0, 0, -0.8);\n"}, {"type": "NM_METHOD_NAMING_CONVENTION", "file_name": "TeamCode/src/main/java/org/firstinspires/ftc/teamcode/FunctionTest2.java", "commit_sha": "90e3fbdaa1a2ec540ad7caaa6d0a88999d2dfe04", "line_no": 781, "priority": 5, "description": "Nm: Method names should start with a lower case letter", "line_content": "                    MecanumFunction(0, 0, -0.2);\n"}, {"type": "NM_METHOD_NAMING_CONVENTION", "file_name": "TeamCode/src/main/java/org/firstinspires/ftc/teamcode/FunctionTest2.java", "commit_sha": "90e3fbdaa1a2ec540ad7caaa6d0a88999d2dfe04", "line_no": 785, "priority": 5, "description": "Nm: Method names should start with a lower case letter", "line_content": "        MecanumFunction(0, 0, 0);\n"}, {"type": "NM_METHOD_NAMING_CONVENTION", "file_name": "TeamCode/src/main/java/org/firstinspires/ftc/teamcode/FunctionTest2.java", "commit_sha": "90e3fbdaa1a2ec540ad7caaa6d0a88999d2dfe04", "line_no": 788, "priority": 3, "description": "Nm: Method names should start with a lower case letter", "line_content": "    private void AngleAdjustment(double DegreeChange) {\n"}, {"type": "NM_METHOD_NAMING_CONVENTION", "file_name": "TeamCode/src/main/java/org/firstinspires/ftc/teamcode/FunctionTest2.java", "commit_sha": "90e3fbdaa1a2ec540ad7caaa6d0a88999d2dfe04", "line_no": 791, "priority": 5, "description": "Nm: Method names should start with a lower case letter", "line_content": "        BulkCaching();\n"}, {"type": "NM_METHOD_NAMING_CONVENTION", "file_name": "TeamCode/src/main/java/org/firstinspires/ftc/teamcode/FunctionTest2.java", "commit_sha": "90e3fbdaa1a2ec540ad7caaa6d0a88999d2dfe04", "line_no": 796, "priority": 5, "description": "Nm: Method names should start with a lower case letter", "line_content": "                BulkCaching();\n"}, {"type": "NM_METHOD_NAMING_CONVENTION", "file_name": "TeamCode/src/main/java/org/firstinspires/ftc/teamcode/FunctionTest2.java", "commit_sha": "90e3fbdaa1a2ec540ad7caaa6d0a88999d2dfe04", "line_no": 800, "priority": 5, "description": "Nm: Method names should start with a lower case letter", "line_content": "                MecanumFunction(0, 0, 0.2);\n"}, {"type": "NM_METHOD_NAMING_CONVENTION", "file_name": "TeamCode/src/main/java/org/firstinspires/ftc/teamcode/FunctionTest2.java", "commit_sha": "90e3fbdaa1a2ec540ad7caaa6d0a88999d2dfe04", "line_no": 804, "priority": 5, "description": "Nm: Method names should start with a lower case letter", "line_content": "                BulkCaching();\n"}, {"type": "NM_METHOD_NAMING_CONVENTION", "file_name": "TeamCode/src/main/java/org/firstinspires/ftc/teamcode/FunctionTest2.java", "commit_sha": "90e3fbdaa1a2ec540ad7caaa6d0a88999d2dfe04", "line_no": 809, "priority": 5, "description": "Nm: Method names should start with a lower case letter", "line_content": "                MecanumFunction(0, 0, -0.2);\n"}, {"type": "NM_METHOD_NAMING_CONVENTION", "file_name": "TeamCode/src/main/java/org/firstinspires/ftc/teamcode/FunctionTest2.java", "commit_sha": "90e3fbdaa1a2ec540ad7caaa6d0a88999d2dfe04", "line_no": 812, "priority": 5, "description": "Nm: Method names should start with a lower case letter", "line_content": "        MecanumFunction(0, 0, 0);\n"}, {"type": "NM_METHOD_NAMING_CONVENTION", "file_name": "TeamCode/src/main/java/org/firstinspires/ftc/teamcode/FunctionTest2.java", "commit_sha": "90e3fbdaa1a2ec540ad7caaa6d0a88999d2dfe04", "line_no": 823, "priority": 3, "description": "Nm: Method names should start with a lower case letter", "line_content": "    private void DistanceSmoothTravel(double Distance, double Speed, double MaintainAngle,\n                                      double IMUGain, boolean Accel_, boolean Decel_, double DecelDistance) {\n"}, {"type": "NM_METHOD_NAMING_CONVENTION", "file_name": "TeamCode/src/main/java/org/firstinspires/ftc/teamcode/FunctionTest2.java", "commit_sha": "90e3fbdaa1a2ec540ad7caaa6d0a88999d2dfe04", "line_no": 855, "priority": 5, "description": "Nm: Method names should start with a lower case letter", "line_content": "                BulkCaching();\n"}, {"type": "NM_METHOD_NAMING_CONVENTION", "file_name": "TeamCode/src/main/java/org/firstinspires/ftc/teamcode/FunctionTest2.java", "commit_sha": "90e3fbdaa1a2ec540ad7caaa6d0a88999d2dfe04", "line_no": 866, "priority": 5, "description": "Nm: Method names should start with a lower case letter", "line_content": "                    MecanumFunction(Math.min(Math.max(Speed * (TimerAccel.seconds() + 1) * 15, -0.2), Speed), 0, (-MaintainAngle + CurrentHeading) * IMUGain);\n"}, {"type": "NM_METHOD_NAMING_CONVENTION", "file_name": "TeamCode/src/main/java/org/firstinspires/ftc/teamcode/FunctionTest2.java", "commit_sha": "90e3fbdaa1a2ec540ad7caaa6d0a88999d2dfe04", "line_no": 872, "priority": 5, "description": "Nm: Method names should start with a lower case letter", "line_content": "                    MecanumFunction(Math.min(Math.max(Speed * (0.1 / (0.1 + TimerDecel.seconds())), 0.1), Math.abs(Speed)), 0, (-MaintainAngle + CurrentHeading) * IMUGain);\n"}, {"type": "NM_METHOD_NAMING_CONVENTION", "file_name": "TeamCode/src/main/java/org/firstinspires/ftc/teamcode/FunctionTest2.java", "commit_sha": "90e3fbdaa1a2ec540ad7caaa6d0a88999d2dfe04", "line_no": 874, "priority": 5, "description": "Nm: Method names should start with a lower case letter", "line_content": "                    MecanumFunction(Speed, 0, (-MaintainAngle + CurrentHeading) * IMUGain);\n"}, {"type": "NM_METHOD_NAMING_CONVENTION", "file_name": "TeamCode/src/main/java/org/firstinspires/ftc/teamcode/FunctionTest2.java", "commit_sha": "90e3fbdaa1a2ec540ad7caaa6d0a88999d2dfe04", "line_no": 883, "priority": 5, "description": "Nm: Method names should start with a lower case letter", "line_content": "            MecanumFunction(0, 0, 0);\n"}, {"type": "NM_METHOD_NAMING_CONVENTION", "file_name": "TeamCode/src/main/java/org/firstinspires/ftc/teamcode/FunctionTest2.java", "commit_sha": "90e3fbdaa1a2ec540ad7caaa6d0a88999d2dfe04", "line_no": 894, "priority": 5, "description": "Nm: Method names should start with a lower case letter", "line_content": "                BulkCaching();\n"}, {"type": "NM_METHOD_NAMING_CONVENTION", "file_name": "TeamCode/src/main/java/org/firstinspires/ftc/teamcode/FunctionTest2.java", "commit_sha": "90e3fbdaa1a2ec540ad7caaa6d0a88999d2dfe04", "line_no": 905, "priority": 5, "description": "Nm: Method names should start with a lower case letter", "line_content": "                    MecanumFunction(Math.min(Math.max(-Speed * TimerAccel.seconds() * 1, -Speed), -0.1), 0, (-MaintainAngle + CurrentHeading) * IMUGain);\n"}, {"type": "NM_METHOD_NAMING_CONVENTION", "file_name": "TeamCode/src/main/java/org/firstinspires/ftc/teamcode/FunctionTest2.java", "commit_sha": "90e3fbdaa1a2ec540ad7caaa6d0a88999d2dfe04", "line_no": 913, "priority": 5, "description": "Nm: Method names should start with a lower case letter", "line_content": "                    MecanumFunction(Math.min(Math.max(-Speed * (0.1 / (0.1 + TimerDecel.seconds())), -Speed), -0.1), 0, (-MaintainAngle + CurrentHeading) * IMUGain);\n"}, {"type": "NM_METHOD_NAMING_CONVENTION", "file_name": "TeamCode/src/main/java/org/firstinspires/ftc/teamcode/FunctionTest2.java", "commit_sha": "90e3fbdaa1a2ec540ad7caaa6d0a88999d2dfe04", "line_no": 915, "priority": 5, "description": "Nm: Method names should start with a lower case letter", "line_content": "                    MecanumFunction(-Speed, 0, (-MaintainAngle + CurrentHeading) * IMUGain);\n"}, {"type": "NM_METHOD_NAMING_CONVENTION", "file_name": "TeamCode/src/main/java/org/firstinspires/ftc/teamcode/FunctionTest2.java", "commit_sha": "90e3fbdaa1a2ec540ad7caaa6d0a88999d2dfe04", "line_no": 925, "priority": 5, "description": "Nm: Method names should start with a lower case letter", "line_content": "                MecanumFunction(0, 0, 0);\n"}, {"type": "ES_COMPARING_STRINGS_WITH_EQ", "file_name": "TeamCode/src/main/java/org/firstinspires/ftc/teamcode/FunctionTest3.java", "commit_sha": "90e3fbdaa1a2ec540ad7caaa6d0a88999d2dfe04", "line_no": 489, "priority": 2, "description": "Suspicious reference comparison of String objects", "line_content": "                        if (recognition.getLabel() == \"Quad\") {\n"}, {"type": "ES_COMPARING_STRINGS_WITH_EQ", "file_name": "TeamCode/src/main/java/org/firstinspires/ftc/teamcode/FunctionTest3.java", "commit_sha": "90e3fbdaa1a2ec540ad7caaa6d0a88999d2dfe04", "line_no": 493, "priority": 2, "description": "Suspicious reference comparison of String objects", "line_content": "                        if (recognition.getLabel() == \"Single\") {\n"}, {"type": "NM_METHOD_NAMING_CONVENTION", "file_name": "TeamCode/src/main/java/org/firstinspires/ftc/teamcode/FunctionTest3.java", "commit_sha": "90e3fbdaa1a2ec540ad7caaa6d0a88999d2dfe04", "line_no": 129, "priority": 5, "description": "Nm: Method names should start with a lower case letter", "line_content": "        Initialization();\n"}, {"type": "NM_METHOD_NAMING_CONVENTION", "file_name": "TeamCode/src/main/java/org/firstinspires/ftc/teamcode/FunctionTest3.java", "commit_sha": "90e3fbdaa1a2ec540ad7caaa6d0a88999d2dfe04", "line_no": 200, "priority": 5, "description": "Nm: Method names should start with a lower case letter", "line_content": "        DistanceSmoothTravel(22, .4, 0, 0.025, true, true, 1400);\n"}, {"type": "NM_METHOD_NAMING_CONVENTION", "file_name": "TeamCode/src/main/java/org/firstinspires/ftc/teamcode/FunctionTest3.java", "commit_sha": "90e3fbdaa1a2ec540ad7caaa6d0a88999d2dfe04", "line_no": 204, "priority": 5, "description": "Nm: Method names should start with a lower case letter", "line_content": "        DistanceSmoothTravel(42, .3, 0, 0.025, true, true, 4000);\n"}, {"type": "NM_METHOD_NAMING_CONVENTION", "file_name": "TeamCode/src/main/java/org/firstinspires/ftc/teamcode/FunctionTest3.java", "commit_sha": "90e3fbdaa1a2ec540ad7caaa6d0a88999d2dfe04", "line_no": 206, "priority": 5, "description": "Nm: Method names should start with a lower case letter", "line_content": "        AngularAdjustment(.8, 0.01);\n"}, {"type": "NM_METHOD_NAMING_CONVENTION", "file_name": "TeamCode/src/main/java/org/firstinspires/ftc/teamcode/FunctionTest3.java", "commit_sha": "90e3fbdaa1a2ec540ad7caaa6d0a88999d2dfe04", "line_no": 207, "priority": 5, "description": "Nm: Method names should start with a lower case letter", "line_content": "        Shoot(-0.315, 0.737, 1.5, false);\n"}, {"type": "NM_METHOD_NAMING_CONVENTION", "file_name": "TeamCode/src/main/java/org/firstinspires/ftc/teamcode/FunctionTest3.java", "commit_sha": "90e3fbdaa1a2ec540ad7caaa6d0a88999d2dfe04", "line_no": 208, "priority": 5, "description": "Nm: Method names should start with a lower case letter", "line_content": "        AngularAdjustment(-4, 0.02);\n"}, {"type": "NM_METHOD_NAMING_CONVENTION", "file_name": "TeamCode/src/main/java/org/firstinspires/ftc/teamcode/FunctionTest3.java", "commit_sha": "90e3fbdaa1a2ec540ad7caaa6d0a88999d2dfe04", "line_no": 209, "priority": 5, "description": "Nm: Method names should start with a lower case letter", "line_content": "        Shoot(-0.315, 0.737, 1.5, false);\n"}, {"type": "NM_METHOD_NAMING_CONVENTION", "file_name": "TeamCode/src/main/java/org/firstinspires/ftc/teamcode/FunctionTest3.java", "commit_sha": "90e3fbdaa1a2ec540ad7caaa6d0a88999d2dfe04", "line_no": 210, "priority": 5, "description": "Nm: Method names should start with a lower case letter", "line_content": "        AngularAdjustment(-8.5, 0.03);\n"}, {"type": "NM_METHOD_NAMING_CONVENTION", "file_name": "TeamCode/src/main/java/org/firstinspires/ftc/teamcode/FunctionTest3.java", "commit_sha": "90e3fbdaa1a2ec540ad7caaa6d0a88999d2dfe04", "line_no": 211, "priority": 5, "description": "Nm: Method names should start with a lower case letter", "line_content": "        Shoot(-0.315, 0.737, 1.5, true);\n"}, {"type": "NM_METHOD_NAMING_CONVENTION", "file_name": "TeamCode/src/main/java/org/firstinspires/ftc/teamcode/FunctionTest3.java", "commit_sha": "90e3fbdaa1a2ec540ad7caaa6d0a88999d2dfe04", "line_no": 216, "priority": 3, "description": "Nm: Method names should start with a lower case letter", "line_content": "    private void AngularAdjustment(double targetangle, double IMUgain) {\n"}, {"type": "NM_METHOD_NAMING_CONVENTION", "file_name": "TeamCode/src/main/java/org/firstinspires/ftc/teamcode/FunctionTest3.java", "commit_sha": "90e3fbdaa1a2ec540ad7caaa6d0a88999d2dfe04", "line_no": 221, "priority": 5, "description": "Nm: Method names should start with a lower case letter", "line_content": "            BulkCaching();\n"}, {"type": "NM_METHOD_NAMING_CONVENTION", "file_name": "TeamCode/src/main/java/org/firstinspires/ftc/teamcode/FunctionTest3.java", "commit_sha": "90e3fbdaa1a2ec540ad7caaa6d0a88999d2dfe04", "line_no": 222, "priority": 5, "description": "Nm: Method names should start with a lower case letter", "line_content": "            MecanumFunction(0, 0, IMUgain * (-targetangle + CurrentHeading));\n"}, {"type": "NM_METHOD_NAMING_CONVENTION", "file_name": "TeamCode/src/main/java/org/firstinspires/ftc/teamcode/FunctionTest3.java", "commit_sha": "90e3fbdaa1a2ec540ad7caaa6d0a88999d2dfe04", "line_no": 224, "priority": 5, "description": "Nm: Method names should start with a lower case letter", "line_content": "        MecanumFunction(0, 0, 0);\n"}, {"type": "NM_METHOD_NAMING_CONVENTION", "file_name": "TeamCode/src/main/java/org/firstinspires/ftc/teamcode/FunctionTest3.java", "commit_sha": "90e3fbdaa1a2ec540ad7caaa6d0a88999d2dfe04", "line_no": 227, "priority": 3, "description": "Nm: Method names should start with a lower case letter", "line_content": "    private void BulkCaching() {\n"}, {"type": "NM_METHOD_NAMING_CONVENTION", "file_name": "TeamCode/src/main/java/org/firstinspires/ftc/teamcode/FunctionTest3.java", "commit_sha": "90e3fbdaa1a2ec540ad7caaa6d0a88999d2dfe04", "line_no": 272, "priority": 5, "description": "Nm: Method names should start with a lower case letter", "line_content": "            BulkCaching();\n"}, {"type": "NM_METHOD_NAMING_CONVENTION", "file_name": "TeamCode/src/main/java/org/firstinspires/ftc/teamcode/FunctionTest3.java", "commit_sha": "90e3fbdaa1a2ec540ad7caaa6d0a88999d2dfe04", "line_no": 329, "priority": 5, "description": "Nm: Method names should start with a lower case letter", "line_content": "                    MecanumFunction(1 * (-0.01 * (xTarget - CurrentX)), (-1 * (0.018 * (yTarget - CurrentY))), TrueTrackSwitch * (-0.0075 * (yawTarget - (CurrentVal))) + (-1 * IMUTrackSwitch * -0.01 * (-TargetAngle + CurrentHeading)));\n"}, {"type": "NM_METHOD_NAMING_CONVENTION", "file_name": "TeamCode/src/main/java/org/firstinspires/ftc/teamcode/FunctionTest3.java", "commit_sha": "90e3fbdaa1a2ec540ad7caaa6d0a88999d2dfe04", "line_no": 340, "priority": 5, "description": "Nm: Method names should start with a lower case letter", "line_content": "                MecanumFunction(0, 0, 0);\n"}, {"type": "NM_METHOD_NAMING_CONVENTION", "file_name": "TeamCode/src/main/java/org/firstinspires/ftc/teamcode/FunctionTest3.java", "commit_sha": "90e3fbdaa1a2ec540ad7caaa6d0a88999d2dfe04", "line_no": 348, "priority": 3, "description": "Nm: Method names should start with a lower case letter", "line_content": "    private void Initialization() {\n"}, {"type": "NM_METHOD_NAMING_CONVENTION", "file_name": "TeamCode/src/main/java/org/firstinspires/ftc/teamcode/FunctionTest3.java", "commit_sha": "90e3fbdaa1a2ec540ad7caaa6d0a88999d2dfe04", "line_no": 518, "priority": 3, "description": "Nm: Method names should start with a lower case letter", "line_content": "    private void Shoot(double RP, double LP, double Timer, boolean Stop) {\n"}, {"type": "NM_METHOD_NAMING_CONVENTION", "file_name": "TeamCode/src/main/java/org/firstinspires/ftc/teamcode/FunctionTest3.java", "commit_sha": "90e3fbdaa1a2ec540ad7caaa6d0a88999d2dfe04", "line_no": 553, "priority": 3, "description": "Nm: Method names should start with a lower case letter", "line_content": "    private void MecanumFunction(double YL, double XL, double XR) {\n"}, {"type": "NM_METHOD_NAMING_CONVENTION", "file_name": "TeamCode/src/main/java/org/firstinspires/ftc/teamcode/FunctionTest3.java", "commit_sha": "90e3fbdaa1a2ec540ad7caaa6d0a88999d2dfe04", "line_no": 618, "priority": 5, "description": "Nm: Method names should start with a lower case letter", "line_content": "        BulkCaching();\n"}, {"type": "NM_METHOD_NAMING_CONVENTION", "file_name": "TeamCode/src/main/java/org/firstinspires/ftc/teamcode/FunctionTest3.java", "commit_sha": "90e3fbdaa1a2ec540ad7caaa6d0a88999d2dfe04", "line_no": 622, "priority": 5, "description": "Nm: Method names should start with a lower case letter", "line_content": "                BulkCaching();\n"}, {"type": "NM_METHOD_NAMING_CONVENTION", "file_name": "TeamCode/src/main/java/org/firstinspires/ftc/teamcode/FunctionTest3.java", "commit_sha": "90e3fbdaa1a2ec540ad7caaa6d0a88999d2dfe04", "line_no": 627, "priority": 5, "description": "Nm: Method names should start with a lower case letter", "line_content": "                    MecanumFunction(0, 0, 0.8);\n"}, {"type": "NM_METHOD_NAMING_CONVENTION", "file_name": "TeamCode/src/main/java/org/firstinspires/ftc/teamcode/FunctionTest3.java", "commit_sha": "90e3fbdaa1a2ec540ad7caaa6d0a88999d2dfe04", "line_no": 629, "priority": 5, "description": "Nm: Method names should start with a lower case letter", "line_content": "                    MecanumFunction(0, 0, 0.2);\n"}, {"type": "NM_METHOD_NAMING_CONVENTION", "file_name": "TeamCode/src/main/java/org/firstinspires/ftc/teamcode/FunctionTest3.java", "commit_sha": "90e3fbdaa1a2ec540ad7caaa6d0a88999d2dfe04", "line_no": 634, "priority": 5, "description": "Nm: Method names should start with a lower case letter", "line_content": "                BulkCaching();\n"}, {"type": "NM_METHOD_NAMING_CONVENTION", "file_name": "TeamCode/src/main/java/org/firstinspires/ftc/teamcode/FunctionTest3.java", "commit_sha": "90e3fbdaa1a2ec540ad7caaa6d0a88999d2dfe04", "line_no": 639, "priority": 5, "description": "Nm: Method names should start with a lower case letter", "line_content": "                    MecanumFunction(0, 0, -0.8);\n"}, {"type": "NM_METHOD_NAMING_CONVENTION", "file_name": "TeamCode/src/main/java/org/firstinspires/ftc/teamcode/FunctionTest3.java", "commit_sha": "90e3fbdaa1a2ec540ad7caaa6d0a88999d2dfe04", "line_no": 641, "priority": 5, "description": "Nm: Method names should start with a lower case letter", "line_content": "                    MecanumFunction(0, 0, -0.2);\n"}, {"type": "NM_METHOD_NAMING_CONVENTION", "file_name": "TeamCode/src/main/java/org/firstinspires/ftc/teamcode/FunctionTest3.java", "commit_sha": "90e3fbdaa1a2ec540ad7caaa6d0a88999d2dfe04", "line_no": 645, "priority": 5, "description": "Nm: Method names should start with a lower case letter", "line_content": "        MecanumFunction(0, 0, 0);\n"}, {"type": "NM_METHOD_NAMING_CONVENTION", "file_name": "TeamCode/src/main/java/org/firstinspires/ftc/teamcode/FunctionTest3.java", "commit_sha": "90e3fbdaa1a2ec540ad7caaa6d0a88999d2dfe04", "line_no": 648, "priority": 3, "description": "Nm: Method names should start with a lower case letter", "line_content": "    private void AngleAdjustment(double DegreeChange) {\n"}, {"type": "NM_METHOD_NAMING_CONVENTION", "file_name": "TeamCode/src/main/java/org/firstinspires/ftc/teamcode/FunctionTest3.java", "commit_sha": "90e3fbdaa1a2ec540ad7caaa6d0a88999d2dfe04", "line_no": 651, "priority": 5, "description": "Nm: Method names should start with a lower case letter", "line_content": "        BulkCaching();\n"}, {"type": "NM_METHOD_NAMING_CONVENTION", "file_name": "TeamCode/src/main/java/org/firstinspires/ftc/teamcode/FunctionTest3.java", "commit_sha": "90e3fbdaa1a2ec540ad7caaa6d0a88999d2dfe04", "line_no": 656, "priority": 5, "description": "Nm: Method names should start with a lower case letter", "line_content": "                BulkCaching();\n"}, {"type": "NM_METHOD_NAMING_CONVENTION", "file_name": "TeamCode/src/main/java/org/firstinspires/ftc/teamcode/FunctionTest3.java", "commit_sha": "90e3fbdaa1a2ec540ad7caaa6d0a88999d2dfe04", "line_no": 660, "priority": 5, "description": "Nm: Method names should start with a lower case letter", "line_content": "                MecanumFunction(0, 0, 0.2);\n"}, {"type": "NM_METHOD_NAMING_CONVENTION", "file_name": "TeamCode/src/main/java/org/firstinspires/ftc/teamcode/FunctionTest3.java", "commit_sha": "90e3fbdaa1a2ec540ad7caaa6d0a88999d2dfe04", "line_no": 664, "priority": 5, "description": "Nm: Method names should start with a lower case letter", "line_content": "                BulkCaching();\n"}, {"type": "NM_METHOD_NAMING_CONVENTION", "file_name": "TeamCode/src/main/java/org/firstinspires/ftc/teamcode/FunctionTest3.java", "commit_sha": "90e3fbdaa1a2ec540ad7caaa6d0a88999d2dfe04", "line_no": 669, "priority": 5, "description": "Nm: Method names should start with a lower case letter", "line_content": "                MecanumFunction(0, 0, -0.2);\n"}, {"type": "NM_METHOD_NAMING_CONVENTION", "file_name": "TeamCode/src/main/java/org/firstinspires/ftc/teamcode/FunctionTest3.java", "commit_sha": "90e3fbdaa1a2ec540ad7caaa6d0a88999d2dfe04", "line_no": 672, "priority": 5, "description": "Nm: Method names should start with a lower case letter", "line_content": "        MecanumFunction(0, 0, 0);\n"}, {"type": "NM_METHOD_NAMING_CONVENTION", "file_name": "TeamCode/src/main/java/org/firstinspires/ftc/teamcode/FunctionTest3.java", "commit_sha": "90e3fbdaa1a2ec540ad7caaa6d0a88999d2dfe04", "line_no": 679, "priority": 3, "description": "Nm: Method names should start with a lower case letter", "line_content": "    private void DistanceSmoothTravel(double Distance, double Speed, double MaintainAngle,\n                                      double IMUGain, boolean Accel_, boolean Decel_, double DecelDistance) {\n"}, {"type": "NM_METHOD_NAMING_CONVENTION", "file_name": "TeamCode/src/main/java/org/firstinspires/ftc/teamcode/FunctionTest3.java", "commit_sha": "90e3fbdaa1a2ec540ad7caaa6d0a88999d2dfe04", "line_no": 711, "priority": 5, "description": "Nm: Method names should start with a lower case letter", "line_content": "                BulkCaching();\n"}, {"type": "NM_METHOD_NAMING_CONVENTION", "file_name": "TeamCode/src/main/java/org/firstinspires/ftc/teamcode/FunctionTest3.java", "commit_sha": "90e3fbdaa1a2ec540ad7caaa6d0a88999d2dfe04", "line_no": 722, "priority": 5, "description": "Nm: Method names should start with a lower case letter", "line_content": "                    MecanumFunction(Math.min(Math.max(Speed * (TimerAccel.seconds() + 1) * 15, -0.2), Speed), 0, (-MaintainAngle + CurrentHeading) * IMUGain);\n"}, {"type": "NM_METHOD_NAMING_CONVENTION", "file_name": "TeamCode/src/main/java/org/firstinspires/ftc/teamcode/FunctionTest3.java", "commit_sha": "90e3fbdaa1a2ec540ad7caaa6d0a88999d2dfe04", "line_no": 728, "priority": 5, "description": "Nm: Method names should start with a lower case letter", "line_content": "                    MecanumFunction(Math.min(Math.max(Speed * (0.1 / (0.1 + TimerDecel.seconds())), 0.1), Math.abs(Speed)), 0, (-MaintainAngle + CurrentHeading) * IMUGain);\n"}, {"type": "NM_METHOD_NAMING_CONVENTION", "file_name": "TeamCode/src/main/java/org/firstinspires/ftc/teamcode/FunctionTest3.java", "commit_sha": "90e3fbdaa1a2ec540ad7caaa6d0a88999d2dfe04", "line_no": 730, "priority": 5, "description": "Nm: Method names should start with a lower case letter", "line_content": "                    MecanumFunction(Speed, 0, (-MaintainAngle + CurrentHeading) * IMUGain);\n"}, {"type": "NM_METHOD_NAMING_CONVENTION", "file_name": "TeamCode/src/main/java/org/firstinspires/ftc/teamcode/FunctionTest3.java", "commit_sha": "90e3fbdaa1a2ec540ad7caaa6d0a88999d2dfe04", "line_no": 739, "priority": 5, "description": "Nm: Method names should start with a lower case letter", "line_content": "            MecanumFunction(0, 0, 0);\n"}, {"type": "NM_METHOD_NAMING_CONVENTION", "file_name": "TeamCode/src/main/java/org/firstinspires/ftc/teamcode/FunctionTest3.java", "commit_sha": "90e3fbdaa1a2ec540ad7caaa6d0a88999d2dfe04", "line_no": 750, "priority": 5, "description": "Nm: Method names should start with a lower case letter", "line_content": "                BulkCaching();\n"}, {"type": "NM_METHOD_NAMING_CONVENTION", "file_name": "TeamCode/src/main/java/org/firstinspires/ftc/teamcode/FunctionTest3.java", "commit_sha": "90e3fbdaa1a2ec540ad7caaa6d0a88999d2dfe04", "line_no": 761, "priority": 5, "description": "Nm: Method names should start with a lower case letter", "line_content": "                    MecanumFunction(Math.min(Math.max(-Speed * TimerAccel.seconds() * 1, -Speed), -0.1), 0, (-MaintainAngle + CurrentHeading) * IMUGain);\n"}, {"type": "NM_METHOD_NAMING_CONVENTION", "file_name": "TeamCode/src/main/java/org/firstinspires/ftc/teamcode/FunctionTest3.java", "commit_sha": "90e3fbdaa1a2ec540ad7caaa6d0a88999d2dfe04", "line_no": 769, "priority": 5, "description": "Nm: Method names should start with a lower case letter", "line_content": "                    MecanumFunction(Math.min(Math.max(-Speed * (0.1 / (0.1 + TimerDecel.seconds())), -Speed), -0.1), 0, (-MaintainAngle + CurrentHeading) * IMUGain);\n"}, {"type": "NM_METHOD_NAMING_CONVENTION", "file_name": "TeamCode/src/main/java/org/firstinspires/ftc/teamcode/FunctionTest3.java", "commit_sha": "90e3fbdaa1a2ec540ad7caaa6d0a88999d2dfe04", "line_no": 771, "priority": 5, "description": "Nm: Method names should start with a lower case letter", "line_content": "                    MecanumFunction(-Speed, 0, (-MaintainAngle + CurrentHeading) * IMUGain);\n"}, {"type": "NM_METHOD_NAMING_CONVENTION", "file_name": "TeamCode/src/main/java/org/firstinspires/ftc/teamcode/FunctionTest3.java", "commit_sha": "90e3fbdaa1a2ec540ad7caaa6d0a88999d2dfe04", "line_no": 781, "priority": 5, "description": "Nm: Method names should start with a lower case letter", "line_content": "                MecanumFunction(0, 0, 0);\n"}, {"type": "NM_METHOD_NAMING_CONVENTION", "file_name": "TeamCode/src/main/java/org/firstinspires/ftc/teamcode/MainTeleop.java", "commit_sha": "90e3fbdaa1a2ec540ad7caaa6d0a88999d2dfe04", "line_no": 365, "priority": 3, "description": "Nm: Method names should start with a lower case letter", "line_content": "    private void BulkCaching() {\n"}, {"type": "NM_METHOD_NAMING_CONVENTION", "file_name": "TeamCode/src/main/java/org/firstinspires/ftc/teamcode/MainTeleop.java", "commit_sha": "90e3fbdaa1a2ec540ad7caaa6d0a88999d2dfe04", "line_no": 382, "priority": 3, "description": "Nm: Method names should start with a lower case letter", "line_content": "    private void Initialization() {\n"}, {"type": "NM_METHOD_NAMING_CONVENTION", "file_name": "TeamCode/src/main/java/org/firstinspires/ftc/teamcode/MainTeleop.java", "commit_sha": "90e3fbdaa1a2ec540ad7caaa6d0a88999d2dfe04", "line_no": 476, "priority": 3, "description": "Nm: Method names should start with a lower case letter", "line_content": "    private void PowerShot() {\n"}, {"type": "NM_METHOD_NAMING_CONVENTION", "file_name": "TeamCode/src/main/java/org/firstinspires/ftc/teamcode/MainTeleop.java", "commit_sha": "90e3fbdaa1a2ec540ad7caaa6d0a88999d2dfe04", "line_no": 481, "priority": 3, "description": "Nm: Method names should start with a lower case letter", "line_content": "    private void AngularAdjustment(double targetangle, double IMUgain) {\n"}, {"type": "NM_METHOD_NAMING_CONVENTION", "file_name": "TeamCode/src/main/java/org/firstinspires/ftc/teamcode/MainTeleop.java", "commit_sha": "90e3fbdaa1a2ec540ad7caaa6d0a88999d2dfe04", "line_no": 496, "priority": 3, "description": "Nm: Method names should start with a lower case letter", "line_content": "    private void Shoot(double RP, double LP, double Timer, boolean Stop) {\n"}, {"type": "NM_METHOD_NAMING_CONVENTION", "file_name": "TeamCode/src/main/java/org/firstinspires/ftc/teamcode/MainTeleop.java", "commit_sha": "90e3fbdaa1a2ec540ad7caaa6d0a88999d2dfe04", "line_no": 514, "priority": 3, "description": "Nm: Method names should start with a lower case letter", "line_content": "    private void ContinuedIMU() {\n"}, {"type": "NM_METHOD_NAMING_CONVENTION", "file_name": "TeamCode/src/main/java/org/firstinspires/ftc/teamcode/MainTeleop.java", "commit_sha": "90e3fbdaa1a2ec540ad7caaa6d0a88999d2dfe04", "line_no": 532, "priority": 3, "description": "Nm: Method names should start with a lower case letter", "line_content": "    private void DistanceTracker() {\n"}, {"type": "NM_METHOD_NAMING_CONVENTION", "file_name": "TeamCode/src/main/java/org/firstinspires/ftc/teamcode/MainTeleop.java", "commit_sha": "90e3fbdaa1a2ec540ad7caaa6d0a88999d2dfe04", "line_no": 548, "priority": 3, "description": "Nm: Method names should start with a lower case letter", "line_content": "    private void ResetTracker() {\n"}, {"type": "NM_METHOD_NAMING_CONVENTION", "file_name": "TeamCode/src/main/java/org/firstinspires/ftc/teamcode/MainTeleop.java", "commit_sha": "90e3fbdaa1a2ec540ad7caaa6d0a88999d2dfe04", "line_no": 553, "priority": 3, "description": "Nm: Method names should start with a lower case letter", "line_content": "    private void GoTo(double XDistance, double YDistance, double Speed, double MaintainAngle,\n                      double AccelDistance, double DecelDistance, boolean Accel, boolean Decel, double IMUGain,\n                      boolean Reset) {\n"}, {"type": "NM_METHOD_NAMING_CONVENTION", "file_name": "TeamCode/src/main/java/org/firstinspires/ftc/teamcode/MainTeleop.java", "commit_sha": "90e3fbdaa1a2ec540ad7caaa6d0a88999d2dfe04", "line_no": 694, "priority": 3, "description": "Nm: Method names should start with a lower case letter", "line_content": "    private void MecanumFunction(double YL, double XL, double XR, double ContinuosIMU) {\n"}, {"type": "NM_METHOD_NAMING_CONVENTION", "file_name": "TeamCode/src/main/java/org/firstinspires/ftc/teamcode/MainTeleop.java", "commit_sha": "90e3fbdaa1a2ec540ad7caaa6d0a88999d2dfe04", "line_no": 780, "priority": 3, "description": "Nm: Method names should start with a lower case letter", "line_content": "    private void PersonalityStateMachine() {\n"}, {"type": "ES_COMPARING_STRINGS_WITH_EQ", "file_name": "TeamCode/src/main/java/org/firstinspires/ftc/teamcode/RunnablesTestAuto.java", "commit_sha": "90e3fbdaa1a2ec540ad7caaa6d0a88999d2dfe04", "line_no": 932, "priority": 2, "description": "Suspicious reference comparison of String objects", "line_content": "                        if (recognition.getLabel() == \"Quad\") {\n"}, {"type": "ES_COMPARING_STRINGS_WITH_EQ", "file_name": "TeamCode/src/main/java/org/firstinspires/ftc/teamcode/RunnablesTestAuto.java", "commit_sha": "90e3fbdaa1a2ec540ad7caaa6d0a88999d2dfe04", "line_no": 934, "priority": 2, "description": "Suspicious reference comparison of String objects", "line_content": "                        } else if (recognition.getLabel() == \"Single\") {\n"}, {"type": "NM_METHOD_NAMING_CONVENTION", "file_name": "TeamCode/src/main/java/org/firstinspires/ftc/teamcode/RunnablesTestAuto.java", "commit_sha": "90e3fbdaa1a2ec540ad7caaa6d0a88999d2dfe04", "line_no": 432, "priority": 3, "description": "Nm: Method names should start with a lower case letter", "line_content": "    private void DistanceTracker() {\n"}, {"type": "NM_METHOD_NAMING_CONVENTION", "file_name": "TeamCode/src/main/java/org/firstinspires/ftc/teamcode/RunnablesTestAuto.java", "commit_sha": "90e3fbdaa1a2ec540ad7caaa6d0a88999d2dfe04", "line_no": 448, "priority": 3, "description": "Nm: Method names should start with a lower case letter", "line_content": "    private void ResetTracker() {\n"}, {"type": "NM_METHOD_NAMING_CONVENTION", "file_name": "TeamCode/src/main/java/org/firstinspires/ftc/teamcode/RunnablesTestAuto.java", "commit_sha": "90e3fbdaa1a2ec540ad7caaa6d0a88999d2dfe04", "line_no": 453, "priority": 3, "description": "Nm: Method names should start with a lower case letter", "line_content": "    private void WallTargetGoTo(VuforiaLocalizer vufor, Iterable<? extends VuforiaTrackable> allTrackables, double xTarget, double yTarget, double Speed) {\n"}, {"type": "NM_METHOD_NAMING_CONVENTION", "file_name": "TeamCode/src/main/java/org/firstinspires/ftc/teamcode/RunnablesTestAuto.java", "commit_sha": "90e3fbdaa1a2ec540ad7caaa6d0a88999d2dfe04", "line_no": 494, "priority": 3, "description": "Nm: Method names should start with a lower case letter", "line_content": "    private void SpeedCalculator(double XDistance, double YDistance, double Speed, double AccelDistance, double DecelDistance, boolean Accel, boolean Decel) {\n"}, {"type": "NM_METHOD_NAMING_CONVENTION", "file_name": "TeamCode/src/main/java/org/firstinspires/ftc/teamcode/RunnablesTestAuto.java", "commit_sha": "90e3fbdaa1a2ec540ad7caaa6d0a88999d2dfe04", "line_no": 547, "priority": 3, "description": "Nm: Method names should start with a lower case letter", "line_content": "    private void GoTov2(double XDistance, double YDistance, double Speed, double MaintainAngle, double AccelDistance, double DecelDistance, boolean Accel, boolean Decel, double IMUGain, boolean Reset) {\n"}, {"type": "NM_METHOD_NAMING_CONVENTION", "file_name": "TeamCode/src/main/java/org/firstinspires/ftc/teamcode/RunnablesTestAuto.java", "commit_sha": "90e3fbdaa1a2ec540ad7caaa6d0a88999d2dfe04", "line_no": 627, "priority": 3, "description": "Nm: Method names should start with a lower case letter", "line_content": "    private void MagFull(double Yl, double Xl, double Timeout, double Distance, double MaintainAngle, double IMUGain) {\n"}, {"type": "NM_METHOD_NAMING_CONVENTION", "file_name": "TeamCode/src/main/java/org/firstinspires/ftc/teamcode/RunnablesTestAuto.java", "commit_sha": "90e3fbdaa1a2ec540ad7caaa6d0a88999d2dfe04", "line_no": 650, "priority": 3, "description": "Nm: Method names should start with a lower case letter", "line_content": "    private void AngularAdjustment(double targetangle, double IMUgain) {\n"}, {"type": "NM_METHOD_NAMING_CONVENTION", "file_name": "TeamCode/src/main/java/org/firstinspires/ftc/teamcode/RunnablesTestAuto.java", "commit_sha": "90e3fbdaa1a2ec540ad7caaa6d0a88999d2dfe04", "line_no": 665, "priority": 3, "description": "Nm: Method names should start with a lower case letter", "line_content": "    private void BulkCaching() {\n"}, {"type": "NM_METHOD_NAMING_CONVENTION", "file_name": "TeamCode/src/main/java/org/firstinspires/ftc/teamcode/RunnablesTestAuto.java", "commit_sha": "90e3fbdaa1a2ec540ad7caaa6d0a88999d2dfe04", "line_no": 786, "priority": 3, "description": "Nm: Method names should start with a lower case letter", "line_content": "    private void Initialization() {\n"}, {"type": "NM_METHOD_NAMING_CONVENTION", "file_name": "TeamCode/src/main/java/org/firstinspires/ftc/teamcode/RunnablesTestAuto.java", "commit_sha": "90e3fbdaa1a2ec540ad7caaa6d0a88999d2dfe04", "line_no": 967, "priority": 3, "description": "Nm: Method names should start with a lower case letter", "line_content": "    private void Shoot(double RP, double LP, double Timer, boolean Stop) {\n"}, {"type": "NM_METHOD_NAMING_CONVENTION", "file_name": "TeamCode/src/main/java/org/firstinspires/ftc/teamcode/RunnablesTestAuto.java", "commit_sha": "90e3fbdaa1a2ec540ad7caaa6d0a88999d2dfe04", "line_no": 1003, "priority": 3, "description": "Nm: Method names should start with a lower case letter", "line_content": "    private void MecanumFunction(double YL, double XL, double XR) {\n"}, {"type": "NM_METHOD_NAMING_CONVENTION", "file_name": "TeamCode/src/main/java/org/firstinspires/ftc/teamcode/RunnablesTestAuto.java", "commit_sha": "90e3fbdaa1a2ec540ad7caaa6d0a88999d2dfe04", "line_no": 1098, "priority": 3, "description": "Nm: Method names should start with a lower case letter", "line_content": "    private void AngleAdjustment(double DegreeChange) {\n"}, {"type": "NM_METHOD_NAMING_CONVENTION", "file_name": "TeamCode/src/main/java/org/firstinspires/ftc/teamcode/RunnablesTestAuto.java", "commit_sha": "90e3fbdaa1a2ec540ad7caaa6d0a88999d2dfe04", "line_no": 1129, "priority": 3, "description": "Nm: Method names should start with a lower case letter", "line_content": "    private void DistanceSmoothTravel(double Distance, double Speed, double MaintainAngle,\n                                      double IMUGain, boolean Accel_, boolean Decel_, double DecelDistance) {\n"}, {"type": "NM_METHOD_NAMING_CONVENTION", "file_name": "TeamCode/src/main/java/org/firstinspires/ftc/teamcode/RunnablesTestAuto.java", "commit_sha": "90e3fbdaa1a2ec540ad7caaa6d0a88999d2dfe04", "line_no": 1251, "priority": 3, "description": "Nm: Method names should start with a lower case letter", "line_content": "    private void DistanceStrafe(double Distance, double Speed, double MaintainAngle,\n                                double IMUGain, boolean Accel_, boolean Decel_, double DecelDistance) {\n"}, {"type": "NM_METHOD_NAMING_CONVENTION", "file_name": "TeamCode/src/main/java/org/firstinspires/ftc/teamcode/RunnablesTestAuto.java", "commit_sha": "90e3fbdaa1a2ec540ad7caaa6d0a88999d2dfe04", "line_no": 1366, "priority": 3, "description": "Nm: Method names should start with a lower case letter", "line_content": "    private void GoTo(double XDistance, double YDistance, double Speed, double MaintainAngle, double AccelDistance, double DecelDistance, boolean Accel, boolean Decel, double IMUGain, boolean Reset) {\n"}, {"type": "NM_METHOD_NAMING_CONVENTION", "file_name": "TeamCode/src/main/java/org/firstinspires/ftc/teamcode/TestTeleopAS.java", "commit_sha": "90e3fbdaa1a2ec540ad7caaa6d0a88999d2dfe04", "line_no": 138, "priority": 5, "description": "Nm: Method names should start with a lower case letter", "line_content": "        Initialization();\n"}, {"type": "NM_METHOD_NAMING_CONVENTION", "file_name": "TeamCode/src/main/java/org/firstinspires/ftc/teamcode/TestTeleopAS.java", "commit_sha": "90e3fbdaa1a2ec540ad7caaa6d0a88999d2dfe04", "line_no": 235, "priority": 5, "description": "Nm: Method names should start with a lower case letter", "line_content": "            BulkCaching();\n"}, {"type": "NM_METHOD_NAMING_CONVENTION", "file_name": "TeamCode/src/main/java/org/firstinspires/ftc/teamcode/TestTeleopAS.java", "commit_sha": "90e3fbdaa1a2ec540ad7caaa6d0a88999d2dfe04", "line_no": 348, "priority": 3, "description": "Nm: Method names should start with a lower case letter", "line_content": "    private void BulkCaching() {\n"}, {"type": "NM_METHOD_NAMING_CONVENTION", "file_name": "TeamCode/src/main/java/org/firstinspires/ftc/teamcode/TestTeleopAS.java", "commit_sha": "90e3fbdaa1a2ec540ad7caaa6d0a88999d2dfe04", "line_no": 365, "priority": 3, "description": "Nm: Method names should start with a lower case letter", "line_content": "    private void Initialization() {\n"}, {"type": "NM_METHOD_NAMING_CONVENTION", "file_name": "TeamCode/src/main/java/org/firstinspires/ftc/teamcode/TestTeleopAS.java", "commit_sha": "90e3fbdaa1a2ec540ad7caaa6d0a88999d2dfe04", "line_no": 457, "priority": 3, "description": "Nm: Method names should start with a lower case letter", "line_content": "    private void MecanumFunction(double YL, double XL, double XR) {\n"}, {"type": "NM_METHOD_NAMING_CONVENTION", "file_name": "TeamCode/src/main/java/org/firstinspires/ftc/teamcode/TestTeleopAS.java", "commit_sha": "90e3fbdaa1a2ec540ad7caaa6d0a88999d2dfe04", "line_no": 549, "priority": 5, "description": "Nm: Method names should start with a lower case letter", "line_content": "            BulkCaching();\n"}, {"type": "NM_METHOD_NAMING_CONVENTION", "file_name": "TeamCode/src/main/java/org/firstinspires/ftc/teamcode/TestTeleopAS.java", "commit_sha": "90e3fbdaa1a2ec540ad7caaa6d0a88999d2dfe04", "line_no": 606, "priority": 5, "description": "Nm: Method names should start with a lower case letter", "line_content": "                    MecanumFunction(1 * (-0.013 * (xTarget - CurrentX)), (-1 * (0.021 * (yTarget - CurrentY))), TrueTrackSwitch * (-0.0075 * (yawTarget - (CurrentVal))) + (-1 * IMUTrackSwitch * -0.02 * (-TargetAngle + CurrentHeading)));\n"}, {"type": "NM_METHOD_NAMING_CONVENTION", "file_name": "TeamCode/src/main/java/org/firstinspires/ftc/teamcode/TestTeleopAS.java", "commit_sha": "90e3fbdaa1a2ec540ad7caaa6d0a88999d2dfe04", "line_no": 618, "priority": 5, "description": "Nm: Method names should start with a lower case letter", "line_content": "                MecanumFunction(0, 0, 0);\n"}]}