{"repo": "SergeyVitovskiy/Ankas", "id": "1", "total": 11, "items": [{"type": "NM_CLASS_NAMING_CONVENTION", "file_name": "app/src/main/java/com/example/ankas/CategoryAndProduct.java", "commit_sha": "d43d8f7a73b1690d6f83b3a16450e0f947f0f0d8", "line_no": 83, "priority": 3, "description": "Nm: Class names should start with an upper case letter", "line_content": "    private class getCategoryAndProduct extends AsyncTask<String, Void, String> {\n"}, {"type": "NM_CLASS_NAMING_CONVENTION", "file_name": "app/src/main/java/com/example/ankas/Components/MySliderImage.java", "commit_sha": "d43d8f7a73b1690d6f83b3a16450e0f947f0f0d8", "line_no": 135, "priority": 3, "description": "Nm: Class names should start with an upper case letter", "line_content": "    private class timerSlider extends AsyncTask<String, Void, String> {\n"}, {"type": "NM_CLASS_NAMING_CONVENTION", "file_name": "app/src/main/java/com/example/ankas/Fragments/CategoryFragment.java", "commit_sha": "d43d8f7a73b1690d6f83b3a16450e0f947f0f0d8", "line_no": 58, "priority": 3, "description": "Nm: Class names should start with an upper case letter", "line_content": "    private class getCategory extends AsyncTask<String, Void, String> {\n"}, {"type": "NM_CLASS_NAMING_CONVENTION", "file_name": "app/src/main/java/com/example/ankas/Fragments/MainFragment.java", "commit_sha": "d43d8f7a73b1690d6f83b3a16450e0f947f0f0d8", "line_no": 88, "priority": 3, "description": "Nm: Class names should start with an upper case letter", "line_content": "    private class getImageBanner extends AsyncTask<String, Void, String> {\n"}, {"type": "NM_CLASS_NAMING_CONVENTION", "file_name": "app/src/main/java/com/example/ankas/Fragments/MainFragment.java", "commit_sha": "d43d8f7a73b1690d6f83b3a16450e0f947f0f0d8", "line_no": 136, "priority": 3, "description": "Nm: Class names should start with an upper case letter", "line_content": "    private class getPopularCategory extends AsyncTask<String, Void, String> {\n"}, {"type": "NM_CLASS_NAMING_CONVENTION", "file_name": "app/src/main/java/com/example/ankas/Fragments/MainFragment.java", "commit_sha": "d43d8f7a73b1690d6f83b3a16450e0f947f0f0d8", "line_no": 183, "priority": 3, "description": "Nm: Class names should start with an upper case letter", "line_content": "    private class getPopularProductCategories extends AsyncTask<String, Void, String> {\n"}, {"type": "NM_CLASS_NAMING_CONVENTION", "file_name": "app/src/main/java/com/example/ankas/Fragments/MainFragment.java", "commit_sha": "d43d8f7a73b1690d6f83b3a16450e0f947f0f0d8", "line_no": 243, "priority": 3, "description": "Nm: Class names should start with an upper case letter", "line_content": "    private class getCategory extends AsyncTask<String, Void, String> {\n"}, {"type": "NM_CLASS_NAMING_CONVENTION", "file_name": "app/src/main/java/com/example/ankas/Fragments/MainFragment.java", "commit_sha": "d43d8f7a73b1690d6f83b3a16450e0f947f0f0d8", "line_no": 305, "priority": 3, "description": "Nm: Class names should start with an upper case letter", "line_content": "    private class getPopularProduct extends AsyncTask<String, Void, String> {\n"}, {"type": "NM_CLASS_NAMING_CONVENTION", "file_name": "app/src/main/java/com/example/ankas/ProductActivity.java", "commit_sha": "d43d8f7a73b1690d6f83b3a16450e0f947f0f0d8", "line_no": 117, "priority": 3, "description": "Nm: Class names should start with an upper case letter", "line_content": "    private class getImage extends AsyncTask<String, Void, String> {\n"}, {"type": "NM_CLASS_NAMING_CONVENTION", "file_name": "app/src/main/java/com/example/ankas/ProductActivity.java", "commit_sha": "d43d8f7a73b1690d6f83b3a16450e0f947f0f0d8", "line_no": 163, "priority": 3, "description": "Nm: Class names should start with an upper case letter", "line_content": "    private class getInfoProduct extends AsyncTask<String, Void, String> {\n"}, {"type": "NM_CLASS_NAMING_CONVENTION", "file_name": "app/src/main/java/com/example/ankas/ProductActivity.java", "commit_sha": "d43d8f7a73b1690d6f83b3a16450e0f947f0f0d8", "line_no": 193, "priority": 3, "description": "Nm: Class names should start with an upper case letter", "line_content": "    private class getSpecifications extends AsyncTask<String, Void, String> {\n"}]}