{"repo": "EvoSuite/evosuite", "id": "342", "total": 2, "items": [{"type": "NM_METHOD_NAMING_CONVENTION", "file_name": "client/src/main/java/org/evosuite/symbolic/dse/algorithm/strategies/KeepSearchingCriteriaStrategy.java", "commit_sha": "c1394624e4b571f9a419087391f77e4906bdfde1", "line_no": 33, "priority": 3, "description": "Nm: Method names should start with a lower case letter", "line_content": "    boolean ShouldKeepSearching(Queue<DSETestCase> generatedTests);\n"}, {"type": "NM_METHOD_NAMING_CONVENTION", "file_name": "client/src/main/java/org/evosuite/symbolic/dse/algorithm/strategies/implementations/KeepSearchingCriteriaStrategies/TestCasesPendingStrategy.java", "commit_sha": "c1394624e4b571f9a419087391f77e4906bdfde1", "line_no": 34, "priority": 2, "description": "Nm: Method names should start with a lower case letter", "line_content": "public boolean ShouldKeepSearching(Queue<DSETestCase> generatedTests) {\n"}]}