{"repo": "zoerAleksandr/GeekBrainsLesson", "id": "6", "total": 6, "items": [{"type": "VA_FORMAT_STRING_USES_NEWLINE", "file_name": "src/com/zoerAleksandr/lesson5/Main.java", "commit_sha": "00a5996dcfb2e3e4b172ec32d7692646a90fb9ea", "line_no": 17, "priority": 2, "description": "Format string should use %n rather than \\n", "line_content": "        System.out.printf(\"\u0412\u0441\u0435\u0433\u043e \u0436\u0438\u0432\u043e\u0442\u043d\u044b\u0445 - %d \\n\u0418\u0437 \u043d\u0438\u0445 \u0441\u043e\u0431\u0430\u043a - %d, \u043a\u043e\u0448\u0435\u043a - %d.\\n\\n\", Animal.getCountAnimal(),\n                Dogs.getCountDogs(), Cats.getCountCats());\n"}, {"type": "VA_FORMAT_STRING_USES_NEWLINE", "file_name": "src/com/zoerAleksandr/lesson5/Main.java", "commit_sha": "00a5996dcfb2e3e4b172ec32d7692646a90fb9ea", "line_no": 42, "priority": 2, "description": "Format string should use %n rather than \\n", "line_content": "            System.out.printf(\"%s %s \u043f\u0440\u043e\u0431\u0435\u0436\u0430\u043b \u0434\u0438\u0441\u0442\u0430\u043d\u0446\u0438\u044e \u0432 %d \u043a\u043c!\\n\", this.type, this.name, distance);\n"}, {"type": "VA_FORMAT_STRING_USES_NEWLINE", "file_name": "src/com/zoerAleksandr/lesson5/Main.java", "commit_sha": "00a5996dcfb2e3e4b172ec32d7692646a90fb9ea", "line_no": 45, "priority": 2, "description": "Format string should use %n rather than \\n", "line_content": "            System.out.printf(\"%s %s \u043d\u0435 \u0441\u043c\u043e\u0433 \u043f\u0440\u043e\u0431\u0435\u0436\u0430\u0442\u044c \u0434\u0438\u0441\u0442\u0430\u043d\u0446\u0438\u044e \u0432 %d \u043a\u043c :(\" +\n                    \"\" + \"\u041e\u043d \u043e\u0441\u0442\u0430\u043d\u043e\u0432\u0438\u043b\u0441\u044f \u043d\u0430 %d \u043a\u043c.\\n\", this.type, this.name, distance, this.maxRun);\n"}, {"type": "VA_FORMAT_STRING_USES_NEWLINE", "file_name": "src/com/zoerAleksandr/lesson5/Main.java", "commit_sha": "00a5996dcfb2e3e4b172ec32d7692646a90fb9ea", "line_no": 51, "priority": 2, "description": "Format string should use %n rather than \\n", "line_content": "            System.out.printf(\"%s %s \u043f\u0440\u043e\u043f\u043b\u044b\u043b \u0434\u0438\u0441\u0442\u0430\u043d\u0446\u0438\u044e \u0432 %d \u043a\u043c!\\n\\n\", this.type, this.name, distance);\n"}, {"type": "VA_FORMAT_STRING_USES_NEWLINE", "file_name": "src/com/zoerAleksandr/lesson5/Main.java", "commit_sha": "00a5996dcfb2e3e4b172ec32d7692646a90fb9ea", "line_no": 54, "priority": 2, "description": "Format string should use %n rather than \\n", "line_content": "            System.out.printf(\"%s %s \u043d\u0435 \u0441\u043c\u043e\u0433 \u043f\u0440\u043e\u043f\u043b\u044b\u0442\u044c \u0434\u0438\u0441\u0442\u0430\u043d\u0446\u0438\u044e \u0432 %d \u043a\u043c :(\" +\n                    \" \u041e\u043d \u043e\u0441\u0442\u0430\u043d\u043e\u0432\u0438\u043b\u0441\u044f \u043d\u0430 %d \u043a\u043c.\\n\\n\", this.type, this.name, distance, this.maxSwim);\n"}, {"type": "VA_FORMAT_STRING_USES_NEWLINE", "file_name": "src/com/zoerAleksandr/lesson5/Main.java", "commit_sha": "00a5996dcfb2e3e4b172ec32d7692646a90fb9ea", "line_no": 91, "priority": 2, "description": "Format string should use %n rather than \\n", "line_content": "        System.out.printf(\"%s %s \u043d\u0435 \u0432\u044b\u0448\u0435\u043b \u043d\u0430 \u0441\u0442\u0430\u0440\u0442! \u041a\u043e\u0442\u044b \u043d\u0435 \u043b\u044e\u0431\u044f\u0442 \u043f\u043b\u0430\u0432\u0430\u0442\u044c.\\n\\n\", this.type, this.name);\n"}]}