{"repo": "mishabartone/LessonOne", "id": "16", "total": 5, "items": [{"type": "VA_FORMAT_STRING_USES_NEWLINE", "file_name": "src/main/java/HomeWork11/Main.java", "commit_sha": "b2b74d75c84dbb5804991988b4726affc76385a4", "line_no": 27, "priority": 2, "description": "Format string should use %n rather than \\n", "line_content": "            System.out.printf(\"\u0421\u043b\u043e\u0432\u043e: %s \u041f\u043e\u0432\u0442\u043e\u0440\u0435\u043d\u0438\u0439: %d \\n\", item.getKey(), item.getValue());\n"}, {"type": "NM_CLASS_NAMING_CONVENTION", "file_name": "src/main/java/HomeWork15/clients/firstEchoClient.java", "commit_sha": "b2b74d75c84dbb5804991988b4726affc76385a4", "line_no": 12, "priority": 2, "description": "Nm: Class names should start with an upper case letter", "line_content": "public class firstEchoClient extends JFrame  {\n"}, {"type": "NM_CLASS_NAMING_CONVENTION", "file_name": "src/main/java/HomeWork15/clients/secEchoClient.java", "commit_sha": "b2b74d75c84dbb5804991988b4726affc76385a4", "line_no": 13, "priority": 2, "description": "Nm: Class names should start with an upper case letter", "line_content": "public class secEchoClient extends JFrame  {\n"}, {"type": "NM_CLASS_NAMING_CONVENTION", "file_name": "src/main/java/HomeWork15/clients/thirdEchoClient.java", "commit_sha": "b2b74d75c84dbb5804991988b4726affc76385a4", "line_no": 13, "priority": 2, "description": "Nm: Class names should start with an upper case letter", "line_content": "public class thirdEchoClient extends JFrame  {\n"}, {"type": "NM_CLASS_NAMING_CONVENTION", "file_name": "src/main/java/HomeWork16/clients/firstEchoClient.java", "commit_sha": "b2b74d75c84dbb5804991988b4726affc76385a4", "line_no": 16, "priority": 2, "description": "Nm: Class names should start with an upper case letter", "line_content": "public class firstEchoClient extends JFrame  {\n"}]}