{"repo": "NikitaNesterenko/JM-PROJECT", "id": "186", "total": 1, "items": [{"type": "NM_METHOD_NAMING_CONVENTION", "file_name": "dao-impl/src/main/java/jm/stockx/api/dao/SellingInfoDaoImpl.java", "commit_sha": "2f3ea1db30b93419374a05b7cde720c5d67af6dc", "line_no": 96, "priority": 5, "description": "Nm: Method names should start with a lower case letter", "line_content": "        String sql = \"\" +\n                \"SELECT NEW jm.stockx.dto.sellingInfo.ItemTopSeillingInfoDto(\" +\n                \"i.id, \" +\n                \"i.item.name, \" +\n                \"COUNT(si.itemInfo)) \" +\n                \"FROM SellingInfo as si \" +\n                \"LEFT JOIN ItemInfo as i \" +\n                \"ON si.itemInfo.id = i.id \" +\n                \"GROUP BY 1, 2 \" +\n                \"ORDER BY COUNT(si.itemInfo) DESC\";\n"}]}