{"repo": "ZhuravlevDmitry/Home-work", "id": "2", "total": 2, "items": [{"type": "NM_CLASS_NAMING_CONVENTION", "file_name": "src/main/java/hw1.java", "commit_sha": "dcf48f07cc472304cae7262ba239ff65f0b0c254", "line_no": 6, "priority": 2, "description": "Nm: Class names should start with an upper case letter", "line_content": "public class hw1 {\n"}, {"type": "NM_CLASS_NAMING_CONVENTION", "file_name": "src/main/java/hw2.java", "commit_sha": "dcf48f07cc472304cae7262ba239ff65f0b0c254", "line_no": 8, "priority": 2, "description": "Nm: Class names should start with an upper case letter", "line_content": "public class hw2 {\n"}]}