{"repo": "AY2021S2-CS2103-W17-2/tp", "id": "17", "total": 4, "items": [{"type": "EC_NULL_ARG", "file_name": "src/test/java/seedu/address/logic/commands/RemarkCommandTest.java", "commit_sha": "60d4a55770a470902cf46ebec24f01fc08b37be1", "line_no": 122, "priority": 2, "description": "Call to equals(null)", "line_content": "        assertFalse(standardCommand.equals(null));\n"}, {"type": "SA_SELF_COMPARISON", "file_name": "src/test/java/seedu/address/logic/commands/RemarkCommandTest.java", "commit_sha": "60d4a55770a470902cf46ebec24f01fc08b37be1", "line_no": 119, "priority": 2, "description": "Self comparison of value or field with itself", "line_content": "        assertTrue(standardCommand.equals(standardCommand));\n"}, {"type": "EC_NULL_ARG", "file_name": "src/test/java/seedu/address/model/person/RemarkTest.java", "commit_sha": "60d4a55770a470902cf46ebec24f01fc08b37be1", "line_no": 25, "priority": 2, "description": "Call to equals(null)", "line_content": "        assertFalse(remark.equals(null));\n"}, {"type": "SA_SELF_COMPARISON", "file_name": "src/test/java/seedu/address/model/person/RemarkTest.java", "commit_sha": "60d4a55770a470902cf46ebec24f01fc08b37be1", "line_no": 15, "priority": 2, "description": "Self comparison of value or field with itself", "line_content": "        assertTrue(remark.equals(remark));\n"}]}