{"repo": "apache/kafka", "id": "10220", "total": 16, "items": [{"type": "NM_METHOD_NAMING_CONVENTION", "file_name": "core/src/test/java/kafka/testkit/KafkaClusterTestKit.java", "commit_sha": "b028ae999e53a8a78ee6fc59f4410740978e4c91", "line_no": 154, "priority": 5, "description": "Nm: Method names should start with a lower case letter", "line_content": "                    props.put(KafkaConfig$.MODULE$.ProcessRolesProp(), \"controller\");\n"}, {"type": "NM_METHOD_NAMING_CONVENTION", "file_name": "core/src/test/java/kafka/testkit/KafkaClusterTestKit.java", "commit_sha": "b028ae999e53a8a78ee6fc59f4410740978e4c91", "line_no": 155, "priority": 5, "description": "Nm: Method names should start with a lower case letter", "line_content": "                    props.put(KafkaConfig$.MODULE$.NodeIdProp(),\n                        Integer.toString(node.id()));\n"}, {"type": "NM_METHOD_NAMING_CONVENTION", "file_name": "core/src/test/java/kafka/testkit/KafkaClusterTestKit.java", "commit_sha": "b028ae999e53a8a78ee6fc59f4410740978e4c91", "line_no": 157, "priority": 5, "description": "Nm: Method names should start with a lower case letter", "line_content": "                    props.put(KafkaConfig$.MODULE$.MetadataLogDirProp(),\n                        node.metadataDirectory());\n"}, {"type": "NM_METHOD_NAMING_CONVENTION", "file_name": "core/src/test/java/kafka/testkit/KafkaClusterTestKit.java", "commit_sha": "b028ae999e53a8a78ee6fc59f4410740978e4c91", "line_no": 159, "priority": 5, "description": "Nm: Method names should start with a lower case letter", "line_content": "                    props.put(KafkaConfig$.MODULE$.ListenerSecurityProtocolMapProp(),\n                        \"CONTROLLER:PLAINTEXT\");\n"}, {"type": "NM_METHOD_NAMING_CONVENTION", "file_name": "core/src/test/java/kafka/testkit/KafkaClusterTestKit.java", "commit_sha": "b028ae999e53a8a78ee6fc59f4410740978e4c91", "line_no": 161, "priority": 5, "description": "Nm: Method names should start with a lower case letter", "line_content": "                    props.put(KafkaConfig$.MODULE$.ListenersProp(),\n                        \"CONTROLLER://localhost:0\");\n"}, {"type": "NM_METHOD_NAMING_CONVENTION", "file_name": "core/src/test/java/kafka/testkit/KafkaClusterTestKit.java", "commit_sha": "b028ae999e53a8a78ee6fc59f4410740978e4c91", "line_no": 163, "priority": 5, "description": "Nm: Method names should start with a lower case letter", "line_content": "                    props.put(KafkaConfig$.MODULE$.ControllerListenerNamesProp(),\n                        \"CONTROLLER\");\n"}, {"type": "NM_METHOD_NAMING_CONVENTION", "file_name": "core/src/test/java/kafka/testkit/KafkaClusterTestKit.java", "commit_sha": "b028ae999e53a8a78ee6fc59f4410740978e4c91", "line_no": 174, "priority": 5, "description": "Nm: Method names should start with a lower case letter", "line_content": "                    TopicPartition metadataPartition = new TopicPartition(KafkaRaftServer.MetadataTopic(), 0);\n"}, {"type": "NM_METHOD_NAMING_CONVENTION", "file_name": "core/src/test/java/kafka/testkit/KafkaClusterTestKit.java", "commit_sha": "b028ae999e53a8a78ee6fc59f4410740978e4c91", "line_no": 201, "priority": 5, "description": "Nm: Method names should start with a lower case letter", "line_content": "                    props.put(KafkaConfig$.MODULE$.ProcessRolesProp(), \"broker\");\n"}, {"type": "NM_METHOD_NAMING_CONVENTION", "file_name": "core/src/test/java/kafka/testkit/KafkaClusterTestKit.java", "commit_sha": "b028ae999e53a8a78ee6fc59f4410740978e4c91", "line_no": 202, "priority": 5, "description": "Nm: Method names should start with a lower case letter", "line_content": "                    props.put(KafkaConfig$.MODULE$.BrokerIdProp(),\n                        Integer.toString(node.id()));\n"}, {"type": "NM_METHOD_NAMING_CONVENTION", "file_name": "core/src/test/java/kafka/testkit/KafkaClusterTestKit.java", "commit_sha": "b028ae999e53a8a78ee6fc59f4410740978e4c91", "line_no": 204, "priority": 5, "description": "Nm: Method names should start with a lower case letter", "line_content": "                    props.put(KafkaConfig$.MODULE$.MetadataLogDirProp(),\n                        node.metadataDirectory());\n"}, {"type": "NM_METHOD_NAMING_CONVENTION", "file_name": "core/src/test/java/kafka/testkit/KafkaClusterTestKit.java", "commit_sha": "b028ae999e53a8a78ee6fc59f4410740978e4c91", "line_no": 206, "priority": 5, "description": "Nm: Method names should start with a lower case letter", "line_content": "                    props.put(KafkaConfig$.MODULE$.LogDirsProp(),\n                        String.join(\",\", node.logDataDirectories()));\n"}, {"type": "NM_METHOD_NAMING_CONVENTION", "file_name": "core/src/test/java/kafka/testkit/KafkaClusterTestKit.java", "commit_sha": "b028ae999e53a8a78ee6fc59f4410740978e4c91", "line_no": 208, "priority": 5, "description": "Nm: Method names should start with a lower case letter", "line_content": "                    props.put(KafkaConfig$.MODULE$.ListenerSecurityProtocolMapProp(),\n                        \"EXTERNAL:PLAINTEXT,CONTROLLER:PLAINTEXT\");\n"}, {"type": "NM_METHOD_NAMING_CONVENTION", "file_name": "core/src/test/java/kafka/testkit/KafkaClusterTestKit.java", "commit_sha": "b028ae999e53a8a78ee6fc59f4410740978e4c91", "line_no": 210, "priority": 5, "description": "Nm: Method names should start with a lower case letter", "line_content": "                    props.put(KafkaConfig$.MODULE$.ListenersProp(),\n                        \"EXTERNAL://localhost:0\");\n"}, {"type": "NM_METHOD_NAMING_CONVENTION", "file_name": "core/src/test/java/kafka/testkit/KafkaClusterTestKit.java", "commit_sha": "b028ae999e53a8a78ee6fc59f4410740978e4c91", "line_no": 212, "priority": 5, "description": "Nm: Method names should start with a lower case letter", "line_content": "                    props.put(KafkaConfig$.MODULE$.InterBrokerListenerNameProp(),\n                        nodes.interBrokerListenerName().value());\n"}, {"type": "NM_METHOD_NAMING_CONVENTION", "file_name": "core/src/test/java/kafka/testkit/KafkaClusterTestKit.java", "commit_sha": "b028ae999e53a8a78ee6fc59f4410740978e4c91", "line_no": 214, "priority": 5, "description": "Nm: Method names should start with a lower case letter", "line_content": "                    props.put(KafkaConfig$.MODULE$.ControllerListenerNamesProp(),\n                        \"CONTROLLER\");\n"}, {"type": "NM_METHOD_NAMING_CONVENTION", "file_name": "core/src/test/java/kafka/testkit/KafkaClusterTestKit.java", "commit_sha": "b028ae999e53a8a78ee6fc59f4410740978e4c91", "line_no": 227, "priority": 5, "description": "Nm: Method names should start with a lower case letter", "line_content": "                    TopicPartition metadataPartition = new TopicPartition(KafkaRaftServer.MetadataTopic(), 0);\n"}]}