{"repo": "mirasim/radioman", "id": "1", "total": 2, "items": [{"type": "NM_METHOD_NAMING_CONVENTION", "file_name": "src/test/java/ru/netology/domain/RadioTest.java", "commit_sha": "582c8dacccbcad473f3e7e68481748330adb1337", "line_no": 77, "priority": 3, "description": "Nm: Method names should start with a lower case letter", "line_content": "    void NewNotStandartRadio() {\n"}, {"type": "NM_METHOD_NAMING_CONVENTION", "file_name": "src/test/java/ru/netology/domain/RadioTest.java", "commit_sha": "582c8dacccbcad473f3e7e68481748330adb1337", "line_no": 83, "priority": 3, "description": "Nm: Method names should start with a lower case letter", "line_content": "    void VolumeUpMore100() {\n"}]}