{"repo": "brianlarson733/Great-Lakes-Support", "id": "34", "total": 7, "items": [{"type": "NM_METHOD_NAMING_CONVENTION", "file_name": "Ray's Adventure/raysAdventure/src/prototype/items/Inventory.java", "commit_sha": "e736d23a3c272ed602ca59686cf7836fd9a7cb5d", "line_no": 19, "priority": 2, "description": "Nm: Method names should start with a lower case letter", "line_content": "    public void Inventory() {\n"}, {"type": "NM_METHOD_NAMING_CONVENTION", "file_name": "Ray's Adventure/raysAdventure/src/prototype/items/Inventory.java", "commit_sha": "e736d23a3c272ed602ca59686cf7836fd9a7cb5d", "line_no": 25, "priority": 2, "description": "Nm: Method names should start with a lower case letter", "line_content": "    public void InventorySize() {\n"}, {"type": "NM_METHOD_NAMING_CONVENTION", "file_name": "Ray's Adventure/raysAdventure/src/prototype/items/Inventory.java", "commit_sha": "e736d23a3c272ed602ca59686cf7836fd9a7cb5d", "line_no": 31, "priority": 2, "description": "Nm: Method names should start with a lower case letter", "line_content": "    public void InventoryList() {\n"}, {"type": "NM_METHOD_NAMING_CONVENTION", "file_name": "Ray's Adventure/raysAdventure/src/prototype/items/Inventory.java", "commit_sha": "e736d23a3c272ed602ca59686cf7836fd9a7cb5d", "line_no": 39, "priority": 2, "description": "Nm: Method names should start with a lower case letter", "line_content": "    public void InventoryRemove(){\n"}, {"type": "NM_METHOD_NAMING_CONVENTION", "file_name": "Ray's Adventure/raysAdventure/src/prototype/items/ItemDriver.java", "commit_sha": "e736d23a3c272ed602ca59686cf7836fd9a7cb5d", "line_no": 21, "priority": 5, "description": "Nm: Method names should start with a lower case letter", "line_content": "        newinventory.Inventory();\n"}, {"type": "NM_METHOD_NAMING_CONVENTION", "file_name": "Ray's Adventure/raysAdventure/src/prototype/items/ItemDriver.java", "commit_sha": "e736d23a3c272ed602ca59686cf7836fd9a7cb5d", "line_no": 24, "priority": 5, "description": "Nm: Method names should start with a lower case letter", "line_content": "        newinventory.InventorySize();\n"}, {"type": "NM_METHOD_NAMING_CONVENTION", "file_name": "Ray's Adventure/raysAdventure/src/prototype/items/ItemDriver.java", "commit_sha": "e736d23a3c272ed602ca59686cf7836fd9a7cb5d", "line_no": 27, "priority": 5, "description": "Nm: Method names should start with a lower case letter", "line_content": "        newinventory.InventoryList();\n"}]}