{"repo": "cgeo/cgeo", "id": "10085", "total": 2, "items": [{"type": "VA_FORMAT_STRING_USES_NEWLINE", "file_name": "main/src/cgeo/geocaching/downloader/DownloaderUtils.java", "commit_sha": "23dd4cdcbbe95d3f0042769364bc99c467d993dc", "line_no": 90, "priority": 2, "description": "Format string should use %n rather than \\n", "line_content": "        downloadInfo.setText(String.format(activity.getString(R.string.download_confirmation), StringUtils.isNotBlank(additionalInfo) ? additionalInfo + \"\\n\\n\" : \"\", filename, \"\\n\\n\" + activity.getString(R.string.download_warning) + (StringUtils.isNotBlank(sizeInfo) ? \"\\n\\n\" + sizeInfo : \"\")));\n"}, {"type": "VA_FORMAT_STRING_USES_NEWLINE", "file_name": "main/src/cgeo/geocaching/downloader/DownloaderUtils.java", "commit_sha": "23dd4cdcbbe95d3f0042769364bc99c467d993dc", "line_no": 245, "priority": 2, "description": "Format string should use %n rather than \\n", "line_content": "                    downloadInfo.setText(String.format(activity.getString(R.string.download_confirmation_updates), updates, \"\\n\\n\" + activity.getString(R.string.download_warning)));\n"}]}