{"repo": "Novichoktlt/Java", "id": "9", "total": 2, "items": [{"type": "NM_METHOD_NAMING_CONVENTION", "file_name": "ChatController.java", "commit_sha": "903e6cb13a5de513c52d18fe27e48c30ac27eb59", "line_no": 47, "priority": 2, "description": "Nm: Method names should start with a lower case letter", "line_content": "    public void Item(ActionEvent actionEvent) {\n"}, {"type": "UI_INHERITANCE_UNSAFE_GETRESOURCE", "file_name": "Client.java", "commit_sha": "903e6cb13a5de513c52d18fe27e48c30ac27eb59", "line_no": 27, "priority": 3, "description": "Usage of GetResource may be unsafe if class is extended", "line_content": "        primaryStage.getIcons().add(new Image(getClass().getResourceAsStream(\"g512.png\")));\n"}]}