{"repo": "indiviomaster/algorythms", "id": "7", "total": 6, "items": [{"type": "NM_METHOD_NAMING_CONVENTION", "file_name": "src/ru/indivio/algorithms/GrgaphWayTest.java", "commit_sha": "a9cd3abaf1ae8f5d9801c9529fb6085623a64c9a", "line_no": 8, "priority": 5, "description": "Nm: Method names should start with a lower case letter", "line_content": "        WayDfs();\n"}, {"type": "NM_METHOD_NAMING_CONVENTION", "file_name": "src/ru/indivio/algorithms/GrgaphWayTest.java", "commit_sha": "a9cd3abaf1ae8f5d9801c9529fb6085623a64c9a", "line_no": 11, "priority": 3, "description": "Nm: Method names should start with a lower case letter", "line_content": "    private static void WayDfs() {\n"}, {"type": "NM_METHOD_NAMING_CONVENTION", "file_name": "src/ru/indivio/algorithms/IteratorTest.java", "commit_sha": "a9cd3abaf1ae8f5d9801c9529fb6085623a64c9a", "line_no": 9, "priority": 5, "description": "Nm: Method names should start with a lower case letter", "line_content": "        SimpleListIteratorTest();\n"}, {"type": "NM_METHOD_NAMING_CONVENTION", "file_name": "src/ru/indivio/algorithms/IteratorTest.java", "commit_sha": "a9cd3abaf1ae8f5d9801c9529fb6085623a64c9a", "line_no": 11, "priority": 5, "description": "Nm: Method names should start with a lower case letter", "line_content": "        ListIteratorTest();\n"}, {"type": "NM_METHOD_NAMING_CONVENTION", "file_name": "src/ru/indivio/algorithms/IteratorTest.java", "commit_sha": "a9cd3abaf1ae8f5d9801c9529fb6085623a64c9a", "line_no": 15, "priority": 3, "description": "Nm: Method names should start with a lower case letter", "line_content": "    private static void SimpleListIteratorTest() {\n"}, {"type": "NM_METHOD_NAMING_CONVENTION", "file_name": "src/ru/indivio/algorithms/IteratorTest.java", "commit_sha": "a9cd3abaf1ae8f5d9801c9529fb6085623a64c9a", "line_no": 35, "priority": 3, "description": "Nm: Method names should start with a lower case letter", "line_content": "    private static void ListIteratorTest() {\n"}]}