{"repo": "aNNiMON/Lightweight-Stream-API", "id": "190", "total": 4, "items": [{"type": "BSHIFT_WRONG_ADD_PRIORITY", "file_name": "stream/src/test/java/com/annimon/stream/internal/SpinedBufferTest.java", "commit_sha": "a9f959be57a872d0f5354dff9218ed5acedd9869", "line_no": 402, "priority": 3, "description": "Possible bad parsing of shift operation.", "line_content": "        int count = (1<<m) + (1<<m) + (1<<m+1) + (1<<m+2) + (1<<m + 3) + (1<<m+4) + (1<<m+5) + (1<<m+6);\n"}, {"type": "BSHIFT_WRONG_ADD_PRIORITY", "file_name": "stream/src/test/java/com/annimon/stream/internal/SpinedBufferTest.java", "commit_sha": "a9f959be57a872d0f5354dff9218ed5acedd9869", "line_no": 414, "priority": 3, "description": "Possible bad parsing of shift operation.", "line_content": "        int count = (1<<m) + (1<<m) + (1<<m+1) + (1<<m+2) + (1<<m + 3) + (1<<m+4) + (1<<m+5) + (1<<m+6);\n"}, {"type": "BSHIFT_WRONG_ADD_PRIORITY", "file_name": "stream/src/test/java/com/annimon/stream/internal/SpinedBufferTest.java", "commit_sha": "a9f959be57a872d0f5354dff9218ed5acedd9869", "line_no": 426, "priority": 3, "description": "Possible bad parsing of shift operation.", "line_content": "        long count = (1<<m) + (1<<m) + (1<<m+1) + (1<<m+2) + (1<<m + 3) + (1<<m+4) + (1<<m+5) + (1<<m+6);\n"}, {"type": "BSHIFT_WRONG_ADD_PRIORITY", "file_name": "stream/src/test/java/com/annimon/stream/internal/SpinedBufferTest.java", "commit_sha": "a9f959be57a872d0f5354dff9218ed5acedd9869", "line_no": 438, "priority": 3, "description": "Possible bad parsing of shift operation.", "line_content": "        int count = (1<<m) + (1<<m) + (1<<m+1) + (1<<m+2) + (1<<m + 3) + (1<<m+4) + (1<<m+5) + (1<<m+6);\n"}]}