{"repo": "clean-code-craft-tcq-1/function-ext-java-chaitrarkanchan", "id": "1", "total": 29, "items": [{"type": "ES_COMPARING_STRINGS_WITH_EQ", "file_name": "vitals/BatteryFactorAccumulator.java", "commit_sha": "140aeef4e965282f0de840e6082be1f32ad01b12", "line_no": 25, "priority": 2, "description": "Suspicious reference comparison of String objects", "line_content": "    \tString alert = (language == \"EN\")? vitalparam + \" is more than its Maximum Limit\":\"Die \" + vitalparam + \"ist hoher als die maximale Grenze\";\r\n"}, {"type": "ES_COMPARING_STRINGS_WITH_EQ", "file_name": "vitals/BatteryFactorAccumulator.java", "commit_sha": "140aeef4e965282f0de840e6082be1f32ad01b12", "line_no": 32, "priority": 2, "description": "Suspicious reference comparison of String objects", "line_content": "    \tString alert = (language == \"EN\") ? vitalparam + \" is less than its Minimum Limit\":\"Die \" + vitalparam + \" liegt unter der Hochstgrenze \";\r\n"}, {"type": "ES_COMPARING_STRINGS_WITH_EQ", "file_name": "vitals/BatteryFactorAccumulator.java", "commit_sha": "140aeef4e965282f0de840e6082be1f32ad01b12", "line_no": 40, "priority": 2, "description": "Suspicious reference comparison of String objects", "line_content": "\t\tString warning = (language == \"EN\") ?  vitalparam + \" is reaching towards low breach limit\":\"Die \"+ vitalparam +\" erreicht ein niedriges Versto\u00c3\u0178limit\";\r\n"}, {"type": "ES_COMPARING_STRINGS_WITH_EQ", "file_name": "vitals/BatteryFactorAccumulator.java", "commit_sha": "140aeef4e965282f0de840e6082be1f32ad01b12", "line_no": 47, "priority": 2, "description": "Suspicious reference comparison of String objects", "line_content": "    \tString warning = (language == \"EN\") ?  vitalparam + \" is reaching towards high breach limit\":\"Die \" + vitalparam + \" erreicht ein niedriges Versto\u00c3\u0178limit\" ;\r\n"}, {"type": "ES_COMPARING_STRINGS_WITH_EQ", "file_name": "vitals/BatteryFactorAccumulator.java", "commit_sha": "140aeef4e965282f0de840e6082be1f32ad01b12", "line_no": 65, "priority": 2, "description": "Suspicious reference comparison of String objects", "line_content": "\t\t\tbreachStatus=(status==\"LOW\")? displayLowBreachWarning(parameter,val):displayHighBreachWarning(parameter,val);\r\n"}, {"type": "ES_COMPARING_STRINGS_WITH_EQ", "file_name": "vitals/BatteryFactorAccumulator.java", "commit_sha": "140aeef4e965282f0de840e6082be1f32ad01b12", "line_no": 71, "priority": 2, "description": "Suspicious reference comparison of String objects", "line_content": "\t\tif(parammeasure==true && status==\"High\" ){\r\n"}, {"type": "ES_COMPARING_STRINGS_WITH_EQ", "file_name": "vitals/BatteryFactorAccumulator.java", "commit_sha": "140aeef4e965282f0de840e6082be1f32ad01b12", "line_no": 80, "priority": 2, "description": "Suspicious reference comparison of String objects", "line_content": "\t\tif(parammeasure==true && status==\"Low\" ){\r\n"}, {"type": "NM_METHOD_NAMING_CONVENTION", "file_name": "vitals/BatteryFactorValidator.java", "commit_sha": "140aeef4e965282f0de840e6082be1f32ad01b12", "line_no": 4, "priority": 2, "description": "Nm: Method names should start with a lower case letter", "line_content": "\tpublic static boolean EvaluateBatteryMaxMeasure(String ParamName,float ParamValue,float MaxParamLimit) {\r\n"}, {"type": "NM_METHOD_NAMING_CONVENTION", "file_name": "vitals/BatteryFactorValidator.java", "commit_sha": "140aeef4e965282f0de840e6082be1f32ad01b12", "line_no": 9, "priority": 2, "description": "Nm: Method names should start with a lower case letter", "line_content": "\tpublic static boolean EvaluateBatteryMinMeasure(String ParamName,float ParamValue,float MinParamLimit) {\r\n"}, {"type": "NM_METHOD_NAMING_CONVENTION", "file_name": "vitals/BatteryFactorValidator.java", "commit_sha": "140aeef4e965282f0de840e6082be1f32ad01b12", "line_no": 14, "priority": 2, "description": "Nm: Method names should start with a lower case letter", "line_content": "    public static boolean CheckLBreach(String ParamName,float ParamValue,float MinParamLimit,float MaxParamLimit)\r\n    {\r\n"}, {"type": "NM_METHOD_NAMING_CONVENTION", "file_name": "vitals/BatteryFactorValidator.java", "commit_sha": "140aeef4e965282f0de840e6082be1f32ad01b12", "line_no": 19, "priority": 2, "description": "Nm: Method names should start with a lower case letter", "line_content": "    public static boolean CheckHBreach(String ParamName,float ParamValue,float MinParamLimit,float MaxParamLimit)\r\n    {\r\n"}, {"type": "NM_METHOD_NAMING_CONVENTION", "file_name": "vitals/BatteryFactorsStateEstimator.java", "commit_sha": "140aeef4e965282f0de840e6082be1f32ad01b12", "line_no": 46, "priority": 5, "description": "Nm: Method names should start with a lower case letter", "line_content": "\t\tBatteryFactorAccumulator.printBreachWarningMsg(BatteryFactorValidator.CheckLBreach(\"Temperature\", temperature, BatteryFactorsStateEstimator.Temperature_Limit.get(0), BatteryFactorsStateEstimator.Temperature_Limit.get(1)),\"Low\",\"Temperature\",temperature);\r\n"}, {"type": "NM_METHOD_NAMING_CONVENTION", "file_name": "vitals/BatteryFactorsStateEstimator.java", "commit_sha": "140aeef4e965282f0de840e6082be1f32ad01b12", "line_no": 47, "priority": 5, "description": "Nm: Method names should start with a lower case letter", "line_content": "\t\tBatteryFactorAccumulator.printBreachWarningMsg(BatteryFactorValidator.CheckHBreach(\"Temperature\", temperature, BatteryFactorsStateEstimator.Temperature_Limit.get(0), BatteryFactorsStateEstimator.Temperature_Limit.get(1)),\"High\",\"Temperature\",temperature);\r\n"}, {"type": "NM_METHOD_NAMING_CONVENTION", "file_name": "vitals/BatteryFactorsStateEstimator.java", "commit_sha": "140aeef4e965282f0de840e6082be1f32ad01b12", "line_no": 48, "priority": 5, "description": "Nm: Method names should start with a lower case letter", "line_content": "\t\tboolean isTempMax=BatteryFactorAccumulator.printAlertHighMsg(BatteryFactorValidator.EvaluateBatteryMaxMeasure(\"Temperature\", temperature, BatteryFactorsStateEstimator.Temperature_Limit.get(1)),\"High\",\"Temperature\",temperature);\r\n"}, {"type": "NM_METHOD_NAMING_CONVENTION", "file_name": "vitals/BatteryFactorsStateEstimator.java", "commit_sha": "140aeef4e965282f0de840e6082be1f32ad01b12", "line_no": 49, "priority": 5, "description": "Nm: Method names should start with a lower case letter", "line_content": "\t\tboolean isTempMin=BatteryFactorAccumulator.printAlertLowMsg(BatteryFactorValidator.EvaluateBatteryMinMeasure(\"Temperature\", temperature, BatteryFactorsStateEstimator.Temperature_Limit.get(0)),\"Low\",\"Temperature\",temperature);\r\n"}, {"type": "NM_METHOD_NAMING_CONVENTION", "file_name": "vitals/BatteryFactorsStateEstimator.java", "commit_sha": "140aeef4e965282f0de840e6082be1f32ad01b12", "line_no": 60, "priority": 5, "description": "Nm: Method names should start with a lower case letter", "line_content": "\t\tBatteryFactorAccumulator.printBreachWarningMsg(BatteryFactorValidator.CheckLBreach(\"StateofCharge\", stateofcharge, BatteryFactorsStateEstimator.Soc_Limit.get(0),BatteryFactorsStateEstimator.Soc_Limit.get(1)),\"Low\",\"StateofCharge\",stateofcharge);\r\n"}, {"type": "NM_METHOD_NAMING_CONVENTION", "file_name": "vitals/BatteryFactorsStateEstimator.java", "commit_sha": "140aeef4e965282f0de840e6082be1f32ad01b12", "line_no": 61, "priority": 5, "description": "Nm: Method names should start with a lower case letter", "line_content": "\t\tBatteryFactorAccumulator.printBreachWarningMsg(BatteryFactorValidator.CheckHBreach(\"StateofCharge\", stateofcharge, BatteryFactorsStateEstimator.Soc_Limit.get(0),BatteryFactorsStateEstimator.Soc_Limit.get(1)),\"High\",\"StateofCharge\",stateofcharge);\r\n"}, {"type": "NM_METHOD_NAMING_CONVENTION", "file_name": "vitals/BatteryFactorsStateEstimator.java", "commit_sha": "140aeef4e965282f0de840e6082be1f32ad01b12", "line_no": 62, "priority": 5, "description": "Nm: Method names should start with a lower case letter", "line_content": "\t\tboolean isSocMax=BatteryFactorAccumulator.printAlertHighMsg(BatteryFactorValidator.EvaluateBatteryMaxMeasure(\"StateofCharge\", stateofcharge, BatteryFactorsStateEstimator.Soc_Limit.get(1)),\"High\",\"StateofCharge\",stateofcharge);\r\n"}, {"type": "NM_METHOD_NAMING_CONVENTION", "file_name": "vitals/BatteryFactorsStateEstimator.java", "commit_sha": "140aeef4e965282f0de840e6082be1f32ad01b12", "line_no": 63, "priority": 5, "description": "Nm: Method names should start with a lower case letter", "line_content": "\t\tboolean isSocMin=BatteryFactorAccumulator.printAlertLowMsg(BatteryFactorValidator.EvaluateBatteryMinMeasure(\"StateofCharge\", stateofcharge, BatteryFactorsStateEstimator.Soc_Limit.get(0)),\"Low\",\"StateofCharge\",stateofcharge);\r\n"}, {"type": "NM_METHOD_NAMING_CONVENTION", "file_name": "vitals/BatteryFactorsStateEstimator.java", "commit_sha": "140aeef4e965282f0de840e6082be1f32ad01b12", "line_no": 69, "priority": 5, "description": "Nm: Method names should start with a lower case letter", "line_content": "\t\tBatteryFactorAccumulator.printBreachWarningMsg(BatteryFactorValidator.CheckLBreach(\"ChargeRate\", chargeRate,BatteryFactorsStateEstimator.ChargeRate_Limit.get(0),BatteryFactorsStateEstimator.ChargeRate_Limit.get(1)),\"Low\",\"ChargeRate\",chargeRate);\r\n"}, {"type": "NM_METHOD_NAMING_CONVENTION", "file_name": "vitals/BatteryFactorsStateEstimator.java", "commit_sha": "140aeef4e965282f0de840e6082be1f32ad01b12", "line_no": 70, "priority": 5, "description": "Nm: Method names should start with a lower case letter", "line_content": "\t\tBatteryFactorAccumulator.printBreachWarningMsg(BatteryFactorValidator.CheckLBreach(\"ChargeRate\", chargeRate,BatteryFactorsStateEstimator.ChargeRate_Limit.get(0),BatteryFactorsStateEstimator.ChargeRate_Limit.get(1)),\"High\",\"ChargeRate\",chargeRate);\r\n"}, {"type": "NM_METHOD_NAMING_CONVENTION", "file_name": "vitals/BatteryFactorsStateEstimator.java", "commit_sha": "140aeef4e965282f0de840e6082be1f32ad01b12", "line_no": 71, "priority": 5, "description": "Nm: Method names should start with a lower case letter", "line_content": "\t\tboolean isChargeRateMax=BatteryFactorAccumulator.printAlertHighMsg(BatteryFactorValidator.EvaluateBatteryMaxMeasure(\"ChargeRate\", chargeRate, BatteryFactorsStateEstimator.ChargeRate_Limit.get(1)),\"High\",\"ChargeRate\",chargeRate);\r\n"}, {"type": "ES_COMPARING_STRINGS_WITH_EQ", "file_name": "vitals/ReportGenerator.java", "commit_sha": "140aeef4e965282f0de840e6082be1f32ad01b12", "line_no": 11, "priority": 2, "description": "Suspicious reference comparison of String objects", "line_content": "\t\tsb=(BatteryFactorAccumulator.language==\"EN\")?GenerateReportEN(factorViolation,sb):GenerateReportDE(factorViolation,sb);\n"}, {"type": "NM_METHOD_NAMING_CONVENTION", "file_name": "vitals/ReportGenerator.java", "commit_sha": "140aeef4e965282f0de840e6082be1f32ad01b12", "line_no": 10, "priority": 5, "description": "Nm: Method names should start with a lower case letter", "line_content": "\t\tboolean factorViolation=CheckAlertFactors()&&CheckBrechFactors();\n"}, {"type": "NM_METHOD_NAMING_CONVENTION", "file_name": "vitals/ReportGenerator.java", "commit_sha": "140aeef4e965282f0de840e6082be1f32ad01b12", "line_no": 11, "priority": 5, "description": "Nm: Method names should start with a lower case letter", "line_content": "\t\tsb=(BatteryFactorAccumulator.language==\"EN\")?GenerateReportEN(factorViolation,sb):GenerateReportDE(factorViolation,sb);\n"}, {"type": "NM_METHOD_NAMING_CONVENTION", "file_name": "vitals/ReportGenerator.java", "commit_sha": "140aeef4e965282f0de840e6082be1f32ad01b12", "line_no": 19, "priority": 3, "description": "Nm: Method names should start with a lower case letter", "line_content": "\tprivate static StringBuilder GenerateReportDE(boolean factorViolation, StringBuilder sb) {\n"}, {"type": "NM_METHOD_NAMING_CONVENTION", "file_name": "vitals/ReportGenerator.java", "commit_sha": "140aeef4e965282f0de840e6082be1f32ad01b12", "line_no": 25, "priority": 3, "description": "Nm: Method names should start with a lower case letter", "line_content": "\tprivate static StringBuilder GenerateReportEN(boolean factorViolation, StringBuilder sb) {\n"}, {"type": "NM_METHOD_NAMING_CONVENTION", "file_name": "vitals/ReportGenerator.java", "commit_sha": "140aeef4e965282f0de840e6082be1f32ad01b12", "line_no": 102, "priority": 3, "description": "Nm: Method names should start with a lower case letter", "line_content": "\tprivate static boolean CheckAlertFactors(){\n"}, {"type": "NM_METHOD_NAMING_CONVENTION", "file_name": "vitals/ReportGenerator.java", "commit_sha": "140aeef4e965282f0de840e6082be1f32ad01b12", "line_no": 105, "priority": 3, "description": "Nm: Method names should start with a lower case letter", "line_content": "\tprivate static boolean CheckBrechFactors(){\n"}]}