{"repo": "konoplyanus/lesson7", "id": "1", "total": 2, "items": [{"type": "DMI_RANDOM_USED_ONLY_ONCE", "file_name": "src/main/java/Boot.java", "commit_sha": "e107ac3ebe5a3969329f10e929fea306b9090978", "line_no": 58, "priority": 1, "description": "Random object created and used only once", "line_content": "        int countCats = new Random().nextInt(10) + 1;\n"}, {"type": "DMI_RANDOM_USED_ONLY_ONCE", "file_name": "src/main/java/Boot.java", "commit_sha": "e107ac3ebe5a3969329f10e929fea306b9090978", "line_no": 60, "priority": 1, "description": "Random object created and used only once", "line_content": "            int appetite = new Random().nextInt(30) + 1;\n"}]}