{"repo": "Azure/autorest.java", "id": "969", "total": 41, "items": [{"type": "NM_METHOD_NAMING_CONVENTION", "file_name": "androidgen/src/main/java/com/azure/autorest/android/mapper/AndroidClientMethodMapper.java", "commit_sha": "6656f40d1264c540fd5f39f458d9aa40f71ad242", "line_no": 53, "priority": 5, "description": "Nm: Method names should start with a lower case letter", "line_content": "        return GenericType.AndroidCompletableFuture(GenericType.AndroidPagedResponse(elementType));\n"}, {"type": "NM_METHOD_NAMING_CONVENTION", "file_name": "androidgen/src/main/java/com/azure/autorest/android/mapper/AndroidClientMethodMapper.java", "commit_sha": "6656f40d1264c540fd5f39f458d9aa40f71ad242", "line_no": 58, "priority": 5, "description": "Nm: Method names should start with a lower case letter", "line_content": "        return GenericType.AndroidPagedResponse(elementType);\n"}, {"type": "NM_METHOD_NAMING_CONVENTION", "file_name": "androidgen/src/main/java/com/azure/autorest/android/mapper/AndroidClientMethodMapper.java", "commit_sha": "6656f40d1264c540fd5f39f458d9aa40f71ad242", "line_no": 63, "priority": 5, "description": "Nm: Method names should start with a lower case letter", "line_content": "        return GenericType.AndroidPagedResponse(elementType);\n"}, {"type": "NM_METHOD_NAMING_CONVENTION", "file_name": "androidgen/src/main/java/com/azure/autorest/android/mapper/AndroidClientMethodMapper.java", "commit_sha": "6656f40d1264c540fd5f39f458d9aa40f71ad242", "line_no": 73, "priority": 5, "description": "Nm: Method names should start with a lower case letter", "line_content": "        return GenericType.AndroidCompletableFuture(restAPIMethodReturnBodyClientType);\n"}, {"type": "NM_METHOD_NAMING_CONVENTION", "file_name": "androidgen/src/main/java/com/azure/autorest/android/mapper/AndroidClientMethodMapper.java", "commit_sha": "6656f40d1264c540fd5f39f458d9aa40f71ad242", "line_no": 78, "priority": 5, "description": "Nm: Method names should start with a lower case letter", "line_content": "        return GenericType.AndroidCompletableFuture(ClassType.Void);\n"}, {"type": "NM_METHOD_NAMING_CONVENTION", "file_name": "androidgen/src/main/java/com/azure/autorest/android/mapper/AndroidClientMethodMapper.java", "commit_sha": "6656f40d1264c540fd5f39f458d9aa40f71ad242", "line_no": 83, "priority": 5, "description": "Nm: Method names should start with a lower case letter", "line_content": "        return (GenericType.AndroidResponse(syncReturnType));\n"}, {"type": "NM_METHOD_NAMING_CONVENTION", "file_name": "androidgen/src/main/java/com/azure/autorest/android/mapper/AndroidClientMethodMapper.java", "commit_sha": "6656f40d1264c540fd5f39f458d9aa40f71ad242", "line_no": 98, "priority": 5, "description": "Nm: Method names should start with a lower case letter", "line_content": "        IType asyncWithResponseType = GenericType.AndroidCompletableFuture(GenericType.AndroidResponse(syncReturnType));\n"}, {"type": "NM_METHOD_NAMING_CONVENTION", "file_name": "androidgen/src/main/java/com/azure/autorest/android/mapper/AndroidProxyMethodMapper.java", "commit_sha": "6656f40d1264c540fd5f39f458d9aa40f71ad242", "line_no": 65, "priority": 5, "description": "Nm: Method names should start with a lower case letter", "line_content": "        ProxyMethodParameter callbackParameter = new ProxyMethodParameter.Builder()\n                .description(\"The async callback associated with this operation.\")\n                .wireType(GenericType.AndroidCallback(GenericType.AndroidResponse(responseBodyType)))\n                .clientType(GenericType.AndroidCallback(GenericType.AndroidResponse(responseBodyType)))\n                .name(\"callback\")\n                .requestParameterLocation(None)\n                .requestParameterName(\"callback\")\n                .alreadyEncoded(true)\n                .isConstant(false)\n                .isRequired(false)\n                .isNullable(false)\n                .fromClient(false)\n                .parameterReference(\"callback\")\n                .build();\n"}, {"type": "VA_FORMAT_STRING_USES_NEWLINE", "file_name": "androidgen/src/main/java/com/azure/autorest/android/template/AndroidClientMethodTemplate.java", "commit_sha": "6656f40d1264c540fd5f39f458d9aa40f71ad242", "line_no": 72, "priority": 2, "description": "Format string should use %n rather than \\n", "line_content": "        callbackBuilder.append(String.format(\"Callback<%1$s> %2$s = new Callback<%1$s>() {\\n\", callbackDataType, callbackVariableName));\n"}, {"type": "VA_FORMAT_STRING_USES_NEWLINE", "file_name": "androidgen/src/main/java/com/azure/autorest/android/template/AndroidClientMethodTemplate.java", "commit_sha": "6656f40d1264c540fd5f39f458d9aa40f71ad242", "line_no": 74, "priority": 2, "description": "Format string should use %n rather than \\n", "line_content": "        callbackBuilder.append(String.format(\"\\tpublic void onSuccess(%s response) {\\n\", callbackDataType));\n"}, {"type": "VA_FORMAT_STRING_USES_NEWLINE", "file_name": "androidgen/src/main/java/com/azure/autorest/android/template/AndroidClientMethodTemplate.java", "commit_sha": "6656f40d1264c540fd5f39f458d9aa40f71ad242", "line_no": 75, "priority": 2, "description": "Format string should use %n rather than \\n", "line_content": "        callbackBuilder.append(String.format(\"\\t\\t%s.complete(new PagedResponseBase<>(response.getRequest(),\\n\" +\n                \"response.getStatusCode(),\\n\" +\n                \"response.getHeaders(),\\n\" +\n                \"response.getValue().getValue(),\\n\" +\n                \"response.getValue().getNextLink(),\\n\" +\n                \"null));\\n\", completeFutureVariableName));\n"}, {"type": "VA_FORMAT_STRING_USES_NEWLINE", "file_name": "androidgen/src/main/java/com/azure/autorest/android/template/AndroidClientMethodTemplate.java", "commit_sha": "6656f40d1264c540fd5f39f458d9aa40f71ad242", "line_no": 84, "priority": 2, "description": "Format string should use %n rather than \\n", "line_content": "        callbackBuilder.append(String.format(\"\\t\\t%s.completeExceptionally(error);\\n\", completeFutureVariableName));\n"}, {"type": "VA_FORMAT_STRING_USES_NEWLINE", "file_name": "androidgen/src/main/java/com/azure/autorest/android/template/AndroidClientMethodTemplate.java", "commit_sha": "6656f40d1264c540fd5f39f458d9aa40f71ad242", "line_no": 125, "priority": 2, "description": "Format string should use %n rather than \\n", "line_content": "        callbackBuilder.append(String.format(\"Callback<%1$s> %2$s = new Callback<%1$s>() {\\n\", responseType, callbackVariableName));\n"}, {"type": "VA_FORMAT_STRING_USES_NEWLINE", "file_name": "androidgen/src/main/java/com/azure/autorest/android/template/AndroidClientMethodTemplate.java", "commit_sha": "6656f40d1264c540fd5f39f458d9aa40f71ad242", "line_no": 127, "priority": 2, "description": "Format string should use %n rather than \\n", "line_content": "        callbackBuilder.append(String.format(\"\\tpublic void onSuccess(%s response) {\\n\", responseType));\n"}, {"type": "VA_FORMAT_STRING_USES_NEWLINE", "file_name": "androidgen/src/main/java/com/azure/autorest/android/template/AndroidClientMethodTemplate.java", "commit_sha": "6656f40d1264c540fd5f39f458d9aa40f71ad242", "line_no": 128, "priority": 2, "description": "Format string should use %n rather than \\n", "line_content": "        callbackBuilder.append(String.format(\"\\t\\t%s.complete(response);\\n\", completeFutureVariableName));\n"}, {"type": "VA_FORMAT_STRING_USES_NEWLINE", "file_name": "androidgen/src/main/java/com/azure/autorest/android/template/AndroidClientMethodTemplate.java", "commit_sha": "6656f40d1264c540fd5f39f458d9aa40f71ad242", "line_no": 132, "priority": 2, "description": "Format string should use %n rather than \\n", "line_content": "        callbackBuilder.append(String.format(\"\\t\\t%s.completeExceptionally(error);\\n\", completeFutureVariableName));\n"}, {"type": "NM_METHOD_NAMING_CONVENTION", "file_name": "androidgen/src/main/java/com/azure/autorest/android/template/AndroidClientMethodTemplate.java", "commit_sha": "6656f40d1264c540fd5f39f458d9aa40f71ad242", "line_no": 46, "priority": 5, "description": "Nm: Method names should start with a lower case letter", "line_content": "            AddValidations(function, clientMethod.getRequiredNullableParameterExpressions(), clientMethod.getValidateExpressions(), settings);\n"}, {"type": "NM_METHOD_NAMING_CONVENTION", "file_name": "androidgen/src/main/java/com/azure/autorest/android/template/AndroidClientMethodTemplate.java", "commit_sha": "6656f40d1264c540fd5f39f458d9aa40f71ad242", "line_no": 47, "priority": 5, "description": "Nm: Method names should start with a lower case letter", "line_content": "            AddOptionalAndConstantVariables(function, clientMethod, restAPIMethod.getParameters(), settings);\n"}, {"type": "NM_METHOD_NAMING_CONVENTION", "file_name": "androidgen/src/main/java/com/azure/autorest/android/template/AndroidClientMethodTemplate.java", "commit_sha": "6656f40d1264c540fd5f39f458d9aa40f71ad242", "line_no": 48, "priority": 5, "description": "Nm: Method names should start with a lower case letter", "line_content": "            ApplyParameterTransformations(function, clientMethod, settings);\n"}, {"type": "NM_METHOD_NAMING_CONVENTION", "file_name": "androidgen/src/main/java/com/azure/autorest/android/template/AndroidClientMethodTemplate.java", "commit_sha": "6656f40d1264c540fd5f39f458d9aa40f71ad242", "line_no": 99, "priority": 5, "description": "Nm: Method names should start with a lower case letter", "line_content": "            AddValidations(function, clientMethod.getRequiredNullableParameterExpressions(), clientMethod.getValidateExpressions(), settings);\n"}, {"type": "NM_METHOD_NAMING_CONVENTION", "file_name": "androidgen/src/main/java/com/azure/autorest/android/template/AndroidClientMethodTemplate.java", "commit_sha": "6656f40d1264c540fd5f39f458d9aa40f71ad242", "line_no": 100, "priority": 5, "description": "Nm: Method names should start with a lower case letter", "line_content": "            AddOptionalAndConstantVariables(function, clientMethod, restAPIMethod.getParameters(), settings);\n"}, {"type": "NM_METHOD_NAMING_CONVENTION", "file_name": "androidgen/src/main/java/com/azure/autorest/android/template/AndroidClientMethodTemplate.java", "commit_sha": "6656f40d1264c540fd5f39f458d9aa40f71ad242", "line_no": 101, "priority": 5, "description": "Nm: Method names should start with a lower case letter", "line_content": "            ApplyParameterTransformations(function, clientMethod, settings);\n"}, {"type": "NM_METHOD_NAMING_CONVENTION", "file_name": "androidgen/src/main/java/com/azure/autorest/android/template/AndroidClientMethodTemplate.java", "commit_sha": "6656f40d1264c540fd5f39f458d9aa40f71ad242", "line_no": 167, "priority": 5, "description": "Nm: Method names should start with a lower case letter", "line_content": "            AddOptionalVariables(function, clientMethod, restAPIMethod.getParameters(), settings);\n"}, {"type": "NM_METHOD_NAMING_CONVENTION", "file_name": "androidgen/src/main/java/com/azure/autorest/android/template/AndroidClientMethodTemplate.java", "commit_sha": "6656f40d1264c540fd5f39f458d9aa40f71ad242", "line_no": 181, "priority": 5, "description": "Nm: Method names should start with a lower case letter", "line_content": "            AddOptionalVariables(function, clientMethod, restAPIMethod.getParameters(), settings);\n"}, {"type": "VA_FORMAT_STRING_USES_NEWLINE", "file_name": "androidgen/src/main/java/com/azure/autorest/android/template/AndroidProxyTemplate.java", "commit_sha": "6656f40d1264c540fd5f39f458d9aa40f71ad242", "line_no": 30, "priority": 2, "description": "Format string should use %n rather than \\n", "line_content": "            annotationBuilder.append(String.format(\"\\t@UnexpectedResponseExceptionType(value = %1$s.class, code = {%2$s})\\n\",\n                    exception.getKey(), exception.getValue().stream().map(status -> String.valueOf(status.code())).collect(java.util.stream.Collectors.joining(\", \"))));\n"}, {"type": "VA_FORMAT_STRING_USES_NEWLINE", "file_name": "androidgen/src/main/java/com/azure/autorest/android/template/AndroidProxyTemplate.java", "commit_sha": "6656f40d1264c540fd5f39f458d9aa40f71ad242", "line_no": 41, "priority": 2, "description": "Format string should use %n rather than \\n", "line_content": "        annotationBuilder.append(String.format(\"\\t@UnexpectedResponseExceptionType(%1$s.class)\\n\", restAPIMethod.getUnexpectedResponseExceptionType()));\n"}, {"type": "NM_METHOD_NAMING_CONVENTION", "file_name": "javagen/src/main/java/com/azure/autorest/mapper/ClientMethodMapper.java", "commit_sha": "6656f40d1264c540fd5f39f458d9aa40f71ad242", "line_no": 505, "priority": 5, "description": "Nm: Method names should start with a lower case letter", "line_content": "        return GenericType.Response(syncReturnType);\n"}, {"type": "NM_METHOD_NAMING_CONVENTION", "file_name": "javagen/src/main/java/com/azure/autorest/mapper/ClientMethodMapper.java", "commit_sha": "6656f40d1264c540fd5f39f458d9aa40f71ad242", "line_no": 540, "priority": 5, "description": "Nm: Method names should start with a lower case letter", "line_content": "        return new ReturnValue(returnTypeDescription(operation, proxyMethod.getReturnType().getClientType(), syncReturnType),\n                GenericType.SyncPoller(GenericType.PollResult(syncReturnType.asNullable()), syncReturnType.asNullable()));\n"}, {"type": "NM_METHOD_NAMING_CONVENTION", "file_name": "javagen/src/main/java/com/azure/autorest/mapper/ClientMethodMapper.java", "commit_sha": "6656f40d1264c540fd5f39f458d9aa40f71ad242", "line_no": 545, "priority": 5, "description": "Nm: Method names should start with a lower case letter", "line_content": "        return new ReturnValue(returnTypeDescription(operation, proxyMethod.getReturnType().getClientType(), syncReturnType),\n                GenericType.PollerFlux(GenericType.PollResult(syncReturnType.asNullable()), syncReturnType.asNullable()));\n"}, {"type": "NM_METHOD_NAMING_CONVENTION", "file_name": "javagen/src/main/java/com/azure/autorest/mapper/ClientMethodMapper.java", "commit_sha": "6656f40d1264c540fd5f39f458d9aa40f71ad242", "line_no": 568, "priority": 5, "description": "Nm: Method names should start with a lower case letter", "line_content": "        return GenericType.Mono(ClassType.Void);\n"}, {"type": "NM_METHOD_NAMING_CONVENTION", "file_name": "javagen/src/main/java/com/azure/autorest/mapper/ClientMethodMapper.java", "commit_sha": "6656f40d1264c540fd5f39f458d9aa40f71ad242", "line_no": 572, "priority": 5, "description": "Nm: Method names should start with a lower case letter", "line_content": "        return GenericType.Mono(restAPIMethodReturnBodyClientType);\n"}, {"type": "NM_METHOD_NAMING_CONVENTION", "file_name": "javagen/src/main/java/com/azure/autorest/mapper/ClientMethodMapper.java", "commit_sha": "6656f40d1264c540fd5f39f458d9aa40f71ad242", "line_no": 576, "priority": 5, "description": "Nm: Method names should start with a lower case letter", "line_content": "        return GenericType.Flux(ClassType.ByteBuffer);\n"}, {"type": "NM_METHOD_NAMING_CONVENTION", "file_name": "javagen/src/main/java/com/azure/autorest/mapper/ClientMethodMapper.java", "commit_sha": "6656f40d1264c540fd5f39f458d9aa40f71ad242", "line_no": 580, "priority": 5, "description": "Nm: Method names should start with a lower case letter", "line_content": "        return GenericType.PagedIterable(elementType);\n"}, {"type": "NM_METHOD_NAMING_CONVENTION", "file_name": "javagen/src/main/java/com/azure/autorest/mapper/ClientMethodMapper.java", "commit_sha": "6656f40d1264c540fd5f39f458d9aa40f71ad242", "line_no": 584, "priority": 5, "description": "Nm: Method names should start with a lower case letter", "line_content": "        return GenericType.PagedFlux(elementType);\n"}, {"type": "NM_METHOD_NAMING_CONVENTION", "file_name": "javagen/src/main/java/com/azure/autorest/mapper/ClientMethodMapper.java", "commit_sha": "6656f40d1264c540fd5f39f458d9aa40f71ad242", "line_no": 588, "priority": 5, "description": "Nm: Method names should start with a lower case letter", "line_content": "        return GenericType.Mono(GenericType.PagedResponse(elementType));\n"}, {"type": "NM_METHOD_NAMING_CONVENTION", "file_name": "javagen/src/main/java/com/azure/autorest/mapper/ProxyMethodMapper.java", "commit_sha": "6656f40d1264c540fd5f39f458d9aa40f71ad242", "line_no": 88, "priority": 5, "description": "Nm: Method names should start with a lower case letter", "line_content": "                singleValueType = GenericType.Response(responseBodyType);\n"}, {"type": "NM_METHOD_NAMING_CONVENTION", "file_name": "javagen/src/main/java/com/azure/autorest/mapper/ProxyMethodMapper.java", "commit_sha": "6656f40d1264c540fd5f39f458d9aa40f71ad242", "line_no": 180, "priority": 5, "description": "Nm: Method names should start with a lower case letter", "line_content": "        return GenericType.Mono(singleValueType);\n"}, {"type": "NM_METHOD_NAMING_CONVENTION", "file_name": "javagen/src/main/java/com/azure/autorest/mapper/ProxyMethodMapper.java", "commit_sha": "6656f40d1264c540fd5f39f458d9aa40f71ad242", "line_no": 184, "priority": 5, "description": "Nm: Method names should start with a lower case letter", "line_content": "        return GenericType.Mono(clientResponseClassType);\n"}, {"type": "NM_METHOD_NAMING_CONVENTION", "file_name": "javagen/src/main/java/com/azure/autorest/mapper/ProxyMethodMapper.java", "commit_sha": "6656f40d1264c540fd5f39f458d9aa40f71ad242", "line_no": 189, "priority": 5, "description": "Nm: Method names should start with a lower case letter", "line_content": "        return GenericType.Mono(singleValueType);\n"}, {"type": "NM_METHOD_NAMING_CONVENTION", "file_name": "javagen/src/main/java/com/azure/autorest/mapper/ProxyMethodMapper.java", "commit_sha": "6656f40d1264c540fd5f39f458d9aa40f71ad242", "line_no": 193, "priority": 5, "description": "Nm: Method names should start with a lower case letter", "line_content": "        IType returnType = GenericType.Response(GenericType.FluxByteBuffer);    "}, {"type": "NM_METHOD_NAMING_CONVENTION", "file_name": "javagen/src/main/java/com/azure/autorest/mapper/ProxyMethodMapper.java", "commit_sha": "6656f40d1264c540fd5f39f458d9aa40f71ad242", "line_no": 194, "priority": 5, "description": "Nm: Method names should start with a lower case letter", "line_content": "        return GenericType.Mono(returnType);\n"}]}