{"repo": "UCSC-Group-Project-2020/HRMS-Project", "id": "9", "total": 3, "items": [{"type": "NM_CLASS_NAMING_CONVENTION", "file_name": "src/main/java/hash/hashBean.java", "commit_sha": "f85bafc9a4f4e429fd983447addb4d5d249b3552", "line_no": 3, "priority": 2, "description": "Nm: Class names should start with an upper case letter", "line_content": "public class hashBean {\n"}, {"type": "NM_CLASS_NAMING_CONVENTION", "file_name": "src/main/java/hashFunction.java", "commit_sha": "f85bafc9a4f4e429fd983447addb4d5d249b3552", "line_no": 1, "priority": 2, "description": "Nm: Class names should start with an upper case letter", "line_content": "public class hashFunction {\n"}, {"type": "NM_CLASS_NAMING_CONVENTION", "file_name": "src/main/java/notification/notifyBean.java", "commit_sha": "f85bafc9a4f4e429fd983447addb4d5d249b3552", "line_no": 3, "priority": 2, "description": "Nm: Class names should start with an upper case letter", "line_content": "public class notifyBean {\n"}]}