{"repo": "apache/netbeans", "id": "2783", "total": 2, "items": [{"type": "NM_METHOD_NAMING_CONVENTION", "file_name": "java/java.source.base/src/org/netbeans/modules/java/source/builder/TreeFactory.java", "commit_sha": "88d4467e83f4187606f9a8341f4863157087f5a2", "line_no": 227, "priority": 5, "description": "Nm: Method names should start with a lower case letter", "line_content": "            return at.Case(CaseTree.CaseKind.STATEMENT, exprList, lb.toList(), null);\n"}, {"type": "NM_METHOD_NAMING_CONVENTION", "file_name": "java/java.source.base/src/org/netbeans/modules/java/source/builder/TreeFactory.java", "commit_sha": "88d4467e83f4187606f9a8341f4863157087f5a2", "line_no": 1920, "priority": 2, "description": "Nm: Method names should start with a lower case letter", "line_content": "    public ReferenceTree Reference(ExpressionTree qualExpr, CharSequence member, List<? extends Tree> paramTypes) {\n"}]}