{"repo": "adobe/aem-core-wcm-components", "id": "1444", "total": 3, "items": [{"type": "NM_SAME_SIMPLE_NAME_AS_SUPERCLASS", "file_name": "bundles/core/src/main/java/com/adobe/cq/wcm/core/components/internal/models/v2/NavigationImpl.java", "commit_sha": "f7ecc524ce83b3061b0392a57f523c3601fa3751", "line_no": 37, "priority": 1, "description": "Class names shouldn\u2019t shadow simple name of superclass", "line_content": "public class NavigationImpl extends com.adobe.cq.wcm.core.components.internal.models.v1.NavigationImpl {\n"}, {"type": "NM_SAME_SIMPLE_NAME_AS_SUPERCLASS", "file_name": "bundles/core/src/main/java/com/adobe/cq/wcm/core/components/internal/models/v2/PageListItemImpl.java", "commit_sha": "f7ecc524ce83b3061b0392a57f523c3601fa3751", "line_no": 26, "priority": 1, "description": "Class names shouldn\u2019t shadow simple name of superclass", "line_content": "public class PageListItemImpl extends com.adobe.cq.wcm.core.components.internal.models.v1.PageListItemImpl {\n"}, {"type": "NM_SAME_SIMPLE_NAME_AS_SUPERCLASS", "file_name": "bundles/core/src/test/java/com/adobe/cq/wcm/core/components/internal/models/v2/NavigationImplTest.java", "commit_sha": "f7ecc524ce83b3061b0392a57f523c3601fa3751", "line_no": 28, "priority": 1, "description": "Class names shouldn\u2019t shadow simple name of superclass", "line_content": "public class NavigationImplTest extends com.adobe.cq.wcm.core.components.internal.models.v1.NavigationImplTest {\n"}]}