{"repo": "ovmo/titan", "id": "4", "total": 10, "items": [{"type": "UI_INHERITANCE_UNSAFE_GETRESOURCE", "file_name": "src/Visualization/SolarSystemPane.java", "commit_sha": "428493d09dced3143776f8a78c10ec1e17728b67", "line_no": 136, "priority": 3, "description": "Usage of GetResource may be unsafe if class is extended", "line_content": "       Image imageSun = new Image(getClass().getResourceAsStream(\"Resources/Sun.png\"));\n"}, {"type": "UI_INHERITANCE_UNSAFE_GETRESOURCE", "file_name": "src/Visualization/SolarSystemPane.java", "commit_sha": "428493d09dced3143776f8a78c10ec1e17728b67", "line_no": 157, "priority": 3, "description": "Usage of GetResource may be unsafe if class is extended", "line_content": "       Image imageMercury = new Image(getClass().getResourceAsStream(\"Resources/Mercury.png\"));\n"}, {"type": "UI_INHERITANCE_UNSAFE_GETRESOURCE", "file_name": "src/Visualization/SolarSystemPane.java", "commit_sha": "428493d09dced3143776f8a78c10ec1e17728b67", "line_no": 179, "priority": 3, "description": "Usage of GetResource may be unsafe if class is extended", "line_content": "       Image imageVenus = new Image(getClass().getResourceAsStream(\"Resources/Venus.png\"));\n"}, {"type": "UI_INHERITANCE_UNSAFE_GETRESOURCE", "file_name": "src/Visualization/SolarSystemPane.java", "commit_sha": "428493d09dced3143776f8a78c10ec1e17728b67", "line_no": 197, "priority": 3, "description": "Usage of GetResource may be unsafe if class is extended", "line_content": "       Image imageEarth = new Image(getClass().getResourceAsStream(\"Resources/Earth.png\"));\n"}, {"type": "UI_INHERITANCE_UNSAFE_GETRESOURCE", "file_name": "src/Visualization/SolarSystemPane.java", "commit_sha": "428493d09dced3143776f8a78c10ec1e17728b67", "line_no": 211, "priority": 3, "description": "Usage of GetResource may be unsafe if class is extended", "line_content": "       Image imageMoon = new Image(getClass().getResourceAsStream(\"Resources/Moon.png\"));\n"}, {"type": "UI_INHERITANCE_UNSAFE_GETRESOURCE", "file_name": "src/Visualization/SolarSystemPane.java", "commit_sha": "428493d09dced3143776f8a78c10ec1e17728b67", "line_no": 226, "priority": 3, "description": "Usage of GetResource may be unsafe if class is extended", "line_content": "       Image imageMars = new Image(getClass().getResourceAsStream(\"Resources/Mars.png\"));\n"}, {"type": "UI_INHERITANCE_UNSAFE_GETRESOURCE", "file_name": "src/Visualization/SolarSystemPane.java", "commit_sha": "428493d09dced3143776f8a78c10ec1e17728b67", "line_no": 241, "priority": 3, "description": "Usage of GetResource may be unsafe if class is extended", "line_content": "       Image imageJupiter = new Image(getClass().getResourceAsStream(\"Resources/Jupiter.png\"));\n"}, {"type": "UI_INHERITANCE_UNSAFE_GETRESOURCE", "file_name": "src/Visualization/SolarSystemPane.java", "commit_sha": "428493d09dced3143776f8a78c10ec1e17728b67", "line_no": 256, "priority": 3, "description": "Usage of GetResource may be unsafe if class is extended", "line_content": "       Image imageSaturn = new Image(getClass().getResourceAsStream(\"Resources/Saturn.png\"));\n"}, {"type": "UI_INHERITANCE_UNSAFE_GETRESOURCE", "file_name": "src/Visualization/SolarSystemPane.java", "commit_sha": "428493d09dced3143776f8a78c10ec1e17728b67", "line_no": 272, "priority": 3, "description": "Usage of GetResource may be unsafe if class is extended", "line_content": "       Image imageTitan = new Image(getClass().getResourceAsStream(\"Resources/Titan.png\"));\n"}, {"type": "UI_INHERITANCE_UNSAFE_GETRESOURCE", "file_name": "src/Visualization/SolarSystemPane.java", "commit_sha": "428493d09dced3143776f8a78c10ec1e17728b67", "line_no": 290, "priority": 3, "description": "Usage of GetResource may be unsafe if class is extended", "line_content": "       Image imageSpacecraft = new Image(getClass().getResourceAsStream(\"/Visualization/Resources/Spacecraft.png\"));\n"}]}