{"repo": "bcskda/smart-home-2021", "id": "2", "total": 2, "items": [{"type": "UI_INHERITANCE_UNSAFE_GETRESOURCE", "file_name": "src/test/java/ru/sbt/mipt/oop/CommandTests.java", "commit_sha": "1448aaa4157f6bd8d01c4245ef40abaaf3c49cd5", "line_no": 18, "priority": 3, "description": "Usage of GetResource may be unsafe if class is extended", "line_content": "        InputStream stream = getClass().getResourceAsStream(\"test-smart-home.json\");\n"}, {"type": "UI_INHERITANCE_UNSAFE_GETRESOURCE", "file_name": "src/test/java/ru/sbt/mipt/oop/DoorEventTests.java", "commit_sha": "1448aaa4157f6bd8d01c4245ef40abaaf3c49cd5", "line_no": 25, "priority": 3, "description": "Usage of GetResource may be unsafe if class is extended", "line_content": "        InputStream stream = getClass().getResourceAsStream(\"test-smart-home.json\");\n"}]}