{"repo": "DmitryTarakanov2000/hm5", "id": "1", "total": 4, "items": [{"type": "NM_METHOD_NAMING_CONVENTION", "file_name": "Main.java", "commit_sha": "b78b9b967f0baddb0536b8d4172fcfcb6fd74c80", "line_no": 8, "priority": 2, "description": "Nm: Method names should start with a lower case letter", "line_content": "        public void FirstThread() {\r\n"}, {"type": "NM_METHOD_NAMING_CONVENTION", "file_name": "Main.java", "commit_sha": "b78b9b967f0baddb0536b8d4172fcfcb6fd74c80", "line_no": 15, "priority": 2, "description": "Nm: Method names should start with a lower case letter", "line_content": "        public void SecondThread() {\r\n"}, {"type": "NM_METHOD_NAMING_CONVENTION", "file_name": "Main.java", "commit_sha": "b78b9b967f0baddb0536b8d4172fcfcb6fd74c80", "line_no": 48, "priority": 5, "description": "Nm: Method names should start with a lower case letter", "line_content": "        o.FirstThread();\r\n"}, {"type": "NM_METHOD_NAMING_CONVENTION", "file_name": "Main.java", "commit_sha": "b78b9b967f0baddb0536b8d4172fcfcb6fd74c80", "line_no": 49, "priority": 5, "description": "Nm: Method names should start with a lower case letter", "line_content": "        o.SecondThread();\r\n"}]}