{"repo": "sspangsberg/Rock-Paper-Scissor", "id": "3", "total": 2, "items": [{"type": "UI_INHERITANCE_UNSAFE_GETRESOURCE", "file_name": "src/rps/gui/JavaFXApp.java", "commit_sha": "9b1b6434f588aae915da1301f7639c02ad212bbe", "line_no": 24, "priority": 3, "description": "Usage of GetResource may be unsafe if class is extended", "line_content": "        Parent root = FXMLLoader.load(getClass().getResource(\"/rps/gui/view/Start.fxml\"));\n"}, {"type": "UI_INHERITANCE_UNSAFE_GETRESOURCE", "file_name": "src/rps/gui/controller/StartController.java", "commit_sha": "9b1b6434f588aae915da1301f7639c02ad212bbe", "line_no": 14, "priority": 3, "description": "Usage of GetResource may be unsafe if class is extended", "line_content": "            Parent root = FXMLLoader.load(getClass().getResource(\"../view/GameView.fxml\"));\n"}]}