{"repo": "rexlNico/RealTimePlugin", "id": "1", "total": 4, "items": [{"type": "DMI_RANDOM_USED_ONLY_ONCE", "file_name": "src/main/java/de/rexlnico/realtimeplugin/util/Utils.java", "commit_sha": "bcac6b1e11b1b1b40e9e0c1350259d9f832e94df", "line_no": 61, "priority": 1, "description": "Random object created and used only once", "line_content": "        x = new Random().nextInt(player.getLocation().getBlockX() + 25) + 12;\n"}, {"type": "DMI_RANDOM_USED_ONLY_ONCE", "file_name": "src/main/java/de/rexlnico/realtimeplugin/util/Utils.java", "commit_sha": "bcac6b1e11b1b1b40e9e0c1350259d9f832e94df", "line_no": 62, "priority": 1, "description": "Random object created and used only once", "line_content": "        z = new Random().nextInt(player.getLocation().getBlockZ() + 25) + 12;\n"}, {"type": "DMI_RANDOM_USED_ONLY_ONCE", "file_name": "src/main/java/de/rexlnico/realtimeplugin/util/Utils.java", "commit_sha": "bcac6b1e11b1b1b40e9e0c1350259d9f832e94df", "line_no": 63, "priority": 1, "description": "Random object created and used only once", "line_content": "        if (new Random().nextBoolean()) {\n"}, {"type": "DMI_RANDOM_USED_ONLY_ONCE", "file_name": "src/main/java/de/rexlnico/realtimeplugin/util/Utils.java", "commit_sha": "bcac6b1e11b1b1b40e9e0c1350259d9f832e94df", "line_no": 66, "priority": 1, "description": "Random object created and used only once", "line_content": "        if (new Random().nextBoolean()) {\n"}]}