{"repo": "sleuthkit/autopsy", "id": "6784", "total": 5, "items": [{"type": "UI_INHERITANCE_UNSAFE_GETRESOURCE", "file_name": "Core/src/org/sleuthkit/autopsy/url/analytics/domaincategorization/WebCategoriesOptionsPanel.java", "commit_sha": "74d51a973de85069aec00f9ec2e163a5fdbd7487", "line_no": 295, "priority": 3, "description": "Usage of GetResource may be unsafe if class is extended", "line_content": "        newEntryButton.setIcon(new javax.swing.ImageIcon(getClass().getResource(\"/org/sleuthkit/autopsy/images/add16.png\"))); "}, {"type": "UI_INHERITANCE_UNSAFE_GETRESOURCE", "file_name": "Core/src/org/sleuthkit/autopsy/url/analytics/domaincategorization/WebCategoriesOptionsPanel.java", "commit_sha": "74d51a973de85069aec00f9ec2e163a5fdbd7487", "line_no": 310, "priority": 3, "description": "Usage of GetResource may be unsafe if class is extended", "line_content": "        editEntryButton.setIcon(new javax.swing.ImageIcon(getClass().getResource(\"/org/sleuthkit/autopsy/images/edit16.png\"))); "}, {"type": "UI_INHERITANCE_UNSAFE_GETRESOURCE", "file_name": "Core/src/org/sleuthkit/autopsy/url/analytics/domaincategorization/WebCategoriesOptionsPanel.java", "commit_sha": "74d51a973de85069aec00f9ec2e163a5fdbd7487", "line_no": 325, "priority": 3, "description": "Usage of GetResource may be unsafe if class is extended", "line_content": "        deleteEntryButton.setIcon(new javax.swing.ImageIcon(getClass().getResource(\"/org/sleuthkit/autopsy/images/delete16.png\"))); "}, {"type": "UI_INHERITANCE_UNSAFE_GETRESOURCE", "file_name": "Core/src/org/sleuthkit/autopsy/url/analytics/domaincategorization/WebCategoriesOptionsPanel.java", "commit_sha": "74d51a973de85069aec00f9ec2e163a5fdbd7487", "line_no": 339, "priority": 3, "description": "Usage of GetResource may be unsafe if class is extended", "line_content": "        importSetButton.setIcon(new javax.swing.ImageIcon(getClass().getResource(\"/org/sleuthkit/autopsy/images/import16.png\"))); "}, {"type": "UI_INHERITANCE_UNSAFE_GETRESOURCE", "file_name": "Core/src/org/sleuthkit/autopsy/url/analytics/domaincategorization/WebCategoriesOptionsPanel.java", "commit_sha": "74d51a973de85069aec00f9ec2e163a5fdbd7487", "line_no": 354, "priority": 3, "description": "Usage of GetResource may be unsafe if class is extended", "line_content": "        exportSetButton.setIcon(new javax.swing.ImageIcon(getClass().getResource(\"/org/sleuthkit/autopsy/images/export16.png\"))); "}]}