{"repo": "ifpb-cz-ads/poo-2020-2-ac07-team-allysonpatrick", "id": "1", "total": 5, "items": [{"type": "DM_STRING_CTOR", "file_name": "TesteIgualdade.java", "commit_sha": "a6155b2b0765e8cbfbfddeebf7ae5c76dad58497", "line_no": 6, "priority": 2, "description": "Method invokes inefficient new String(String) constructor", "line_content": "        frase1 = new String(\"Testando igualdade!\");\r\n"}, {"type": "DM_STRING_CTOR", "file_name": "TesteIgualdade.java", "commit_sha": "a6155b2b0765e8cbfbfddeebf7ae5c76dad58497", "line_no": 7, "priority": 2, "description": "Method invokes inefficient new String(String) constructor", "line_content": "        frase2 = new String(\"Testando igualdade!\");\r\n"}, {"type": "DM_STRING_CTOR", "file_name": "TesteIgualdade2.java", "commit_sha": "a6155b2b0765e8cbfbfddeebf7ae5c76dad58497", "line_no": 6, "priority": 2, "description": "Method invokes inefficient new String(String) constructor", "line_content": "        frase3 = new String(\"Testando Igualdade!\");\r\n"}, {"type": "DM_STRING_CTOR", "file_name": "TesteIgualdade3.java", "commit_sha": "a6155b2b0765e8cbfbfddeebf7ae5c76dad58497", "line_no": 6, "priority": 2, "description": "Method invokes inefficient new String(String) constructor", "line_content": "        frase1 = new String(\"Testando igualdade!\");\r\n"}, {"type": "DM_STRING_CTOR", "file_name": "TesteIgualdade3.java", "commit_sha": "a6155b2b0765e8cbfbfddeebf7ae5c76dad58497", "line_no": 7, "priority": 2, "description": "Method invokes inefficient new String(String) constructor", "line_content": "        frase2 = new String(\"Testando igualdade!\");\r\n"}]}