{"repo": "UlyaVoropaeva/homework_2021", "id": "1", "total": 3, "items": [{"type": "CNT_ROUGH_CONSTANT_VALUE", "file_name": "src/Lesson_1/Lesson_1.java", "commit_sha": "46ce7daa94e5dad4409e940a4eccfec2d2792341", "line_no": 30, "priority": 1, "description": "Rough value of Math.PI found: 3.14159265", "line_content": "        float fl = 3.14159265f;\n", "constant": 3.14159265, "replacement": "Math.PI"}, {"type": "NM_METHOD_NAMING_CONVENTION", "file_name": "src/Lesson_1/Lesson_1.java", "commit_sha": "46ce7daa94e5dad4409e940a4eccfec2d2792341", "line_no": 18, "priority": 5, "description": "Nm: Method names should start with a lower case letter", "line_content": "        HelloString(\"\u0412.\u0412. \u041f\u0443\u0442\u0438\u043d\");\n"}, {"type": "NM_METHOD_NAMING_CONVENTION", "file_name": "src/Lesson_1/Lesson_1.java", "commit_sha": "46ce7daa94e5dad4409e940a4eccfec2d2792341", "line_no": 87, "priority": 3, "description": "Nm: Method names should start with a lower case letter", "line_content": "    private static void HelloString (String HelloStr){\n"}]}