{"repo": "AY2021S2-CS2103T-W12-1/tp", "id": "6", "total": 2, "items": [{"type": "EC_NULL_ARG", "file_name": "src/test/java/seedu/address/logic/commands/RemarkCommandTest.java", "commit_sha": "a1eb6ccc91ee929a29cdbe8dd13511a8e0dbcc91", "line_no": 123, "priority": 2, "description": "Call to equals(null)", "line_content": "        assertFalse(standardCommand.equals(null));\r\n"}, {"type": "SA_SELF_COMPARISON", "file_name": "src/test/java/seedu/address/logic/commands/RemarkCommandTest.java", "commit_sha": "a1eb6ccc91ee929a29cdbe8dd13511a8e0dbcc91", "line_no": 120, "priority": 2, "description": "Self comparison of value or field with itself", "line_content": "        assertTrue(standardCommand.equals(standardCommand));\r\n"}]}