{"repo": "Azure/azure-sdk-for-java", "id": "19926", "total": 1, "items": [{"type": "SA_SELF_COMPARISON", "file_name": "sdk/containerregistry/azure-containers-containerregistry/src/test/java/com/azure/containers/containerregistry/authentication/ContainerRegistryClientPolicyTest.java", "commit_sha": "7cbec67d81e3a2a3ea8fff7b3c10df79bd290c55", "line_no": 120, "priority": 2, "description": "Self comparison of value or field with itself", "line_content": "        assertTrue(tokenValue.endsWith(tokenValue));\n"}]}