{"repo": "hapifhir/hapi-fhir", "id": "2450", "total": 1, "items": [{"type": "NM_SAME_SIMPLE_NAME_AS_INTERFACE", "file_name": "hapi-fhir-jpaserver-cql/src/main/java/ca/uhn/fhir/cql/common/provider/LibraryContentProvider.java", "commit_sha": "e0075cfca72c06b8ab8b4864c07a20c77c4d20e6", "line_no": 32, "priority": 2, "description": "Class or interface names shouldn\u2019t shadow simple name of implemented interface", "line_content": "public class LibraryContentProvider<LibraryType, AttachmentType>\n\timplements org.opencds.cqf.cql.evaluator.cql2elm.content.LibraryContentProvider {\n"}]}