{"repo": "Takha65/gestion-stockv2", "id": "1", "total": 2, "items": [{"type": "ES_COMPARING_STRINGS_WITH_EQ", "file_name": "src/gestionstock_gt/Accueil.java", "commit_sha": "8be852f475d94435888f5bf046e33edec184412c", "line_no": 1355, "priority": 2, "description": "Suspicious reference comparison of String objects", "line_content": "        if(id>0 && zone_qte_cons.getText()!=\"\")\n        {\n"}, {"type": "ES_COMPARING_STRINGS_WITH_EQ", "file_name": "src/gestionstock_gt/Accueil.java", "commit_sha": "8be852f475d94435888f5bf046e33edec184412c", "line_no": 1358, "priority": 2, "description": "Suspicious reference comparison of String objects", "line_content": "            if(p!=\"\")\n            {\n"}]}