{"repo": "ftsrg-retelab/base", "id": "70", "total": 2, "items": [{"type": "NM_METHOD_NAMING_CONVENTION", "file_name": "train-sensor/src/test/java/hu/bme/mit/train/sensor/TrainSensorTest.java", "commit_sha": "97bffed1d69e0d69089b27c450cd0e8c3862e52b", "line_no": 16, "priority": 2, "description": "Nm: Method names should start with a lower case letter", "line_content": "    public void ThisIsAnExampleTestStub() {\n"}, {"type": "NM_METHOD_NAMING_CONVENTION", "file_name": "train-tachograph/src/TachographTest.java", "commit_sha": "97bffed1d69e0d69089b27c450cd0e8c3862e52b", "line_no": 15, "priority": 2, "description": "Nm: Method names should start with a lower case letter", "line_content": "    public void Element() {\n"}]}