{"repo": "future-stardust/url-shrtnr-last", "id": "29", "total": 3, "items": [{"type": "NM_METHOD_NAMING_CONVENTION", "file_name": "src/main/java/edu/kpi/testcourse/model/ErrorResponse.java", "commit_sha": "ecec0b56433a6120d0fcb6bf73e460d476e3b953", "line_no": 9, "priority": 2, "description": "Nm: Method names should start with a lower case letter", "line_content": "public record ErrorResponse(\n  @JsonProperty(\"reason_code\") int reasonCode,\n  @JsonProperty(\"reason_text\") String reasonText) {\n"}, {"type": "NM_METHOD_NAMING_CONVENTION", "file_name": "src/main/java/edu/kpi/testcourse/model/UrlShortenRequest.java", "commit_sha": "ecec0b56433a6120d0fcb6bf73e460d476e3b953", "line_no": 12, "priority": 2, "description": "Nm: Method names should start with a lower case letter", "line_content": "public record UrlShortenRequest(\n  @JsonProperty(\"url\") String url,\n  @JsonProperty(\"alias\") String alias) {\n"}, {"type": "NM_METHOD_NAMING_CONVENTION", "file_name": "src/main/java/edu/kpi/testcourse/model/UrlShortenResponse.java", "commit_sha": "ecec0b56433a6120d0fcb6bf73e460d476e3b953", "line_no": 8, "priority": 2, "description": "Nm: Method names should start with a lower case letter", "line_content": "public record UrlShortenResponse(@JsonProperty(\"shortened_url\") String shortenedUrl) { }"}]}