{"repo": "AY2021S2-CS2103-T16-2/tp", "id": "18", "total": 4, "items": [{"type": "EC_NULL_ARG", "file_name": "src/test/java/seedu/address/logic/commands/RemarkCommandTest.java", "commit_sha": "c586410e739dd9d35d926bd44044e6548e771ccd", "line_no": 123, "priority": 2, "description": "Call to equals(null)", "line_content": "        assertFalse(standardCommand.equals(null));\n"}, {"type": "SA_SELF_COMPARISON", "file_name": "src/test/java/seedu/address/logic/commands/RemarkCommandTest.java", "commit_sha": "c586410e739dd9d35d926bd44044e6548e771ccd", "line_no": 120, "priority": 2, "description": "Self comparison of value or field with itself", "line_content": "        assertTrue(standardCommand.equals(standardCommand));\n"}, {"type": "EC_NULL_ARG", "file_name": "src/test/java/seedu/address/model/person/RemarkTest.java", "commit_sha": "c586410e739dd9d35d926bd44044e6548e771ccd", "line_no": 25, "priority": 2, "description": "Call to equals(null)", "line_content": "        assertFalse(remark.equals(null));\n"}, {"type": "SA_SELF_COMPARISON", "file_name": "src/test/java/seedu/address/model/person/RemarkTest.java", "commit_sha": "c586410e739dd9d35d926bd44044e6548e771ccd", "line_no": 15, "priority": 2, "description": "Self comparison of value or field with itself", "line_content": "        assertTrue(remark.equals(remark));\n"}]}