{"repo": "Problemes/mall", "id": "1", "total": 2, "items": [{"type": "NM_METHOD_NAMING_CONVENTION", "file_name": "mall-admin/src/main/java/com/macro/mall/controller/MinioController.java", "commit_sha": "10163c966b36288b145e399d367883bfc44ce807", "line_no": 92, "priority": 5, "description": "Nm: Method names should start with a lower case letter", "line_content": "        BucketPolicyConfigDto.Statement statement = BucketPolicyConfigDto.Statement.builder()\n                .Effect(\"Allow\")\n                .Principal(\"*\")\n                .Action(\"s3:GetObject\")\n                .Resource(\"arn:aws:s3:::\"+bucketName+\"/*.**\").build();\n"}, {"type": "NM_METHOD_NAMING_CONVENTION", "file_name": "mall-admin/src/main/java/com/macro/mall/controller/MinioController.java", "commit_sha": "10163c966b36288b145e399d367883bfc44ce807", "line_no": 97, "priority": 5, "description": "Nm: Method names should start with a lower case letter", "line_content": "        return BucketPolicyConfigDto.builder()\n                .Version(\"2012-10-17\")\n                .Statement(CollUtil.toList(statement))\n                .build();\n"}]}