{"repo": "JakeWharton/dagger-reflect", "id": "214", "total": 2, "items": [{"type": "VA_FORMAT_STRING_USES_NEWLINE", "file_name": "reflect/src/main/java/dagger/reflect/ReflectiveAssistedFactoryLookupFactory.java", "commit_sha": "2f99a89ce59040a2e027655e528a017d14a75f68", "line_no": 36, "priority": 2, "description": "Format string should use %n rather than \\n", "line_content": "      throw new IllegalStateException(\n          String.format(\"Failed to create @AssistedFactory %s: \\n%s\", type, t.getMessage()), t);\n"}, {"type": "VA_FORMAT_STRING_USES_NEWLINE", "file_name": "reflect/src/main/java/dagger/reflect/ReflectiveAssistedFactoryLookupFactory.java", "commit_sha": "2f99a89ce59040a2e027655e528a017d14a75f68", "line_no": 133, "priority": 2, "description": "Format string should use %n rather than \\n", "line_content": "      throw new IllegalStateException(\n          String.format(\n              \"The parameters in the factory method must match the @Assisted parameters in %s.\"\n                  + \"\\n      Actual: %s#%s\"\n                  + \"\\n    Expected: %s#%s(%s)\",\n              assistedType.getCanonicalName(),\n              factory.getCanonicalName(),\n              factoryMethod.getName(),\n              factory.getCanonicalName(),\n              factoryMethod.getName(),\n              parameters.toString()));\n"}]}