{"repo": "krettt/KretOleg", "id": "21", "total": 2, "items": [{"type": "DMI_RANDOM_USED_ONLY_ONCE", "file_name": "src/main/java/selenide/pages/MainPage.java", "commit_sha": "f9e20defa49b485417610cf1cc9f5e024e5ae7d9", "line_no": 42, "priority": 1, "description": "Random object created and used only once", "line_content": "        Product randomProduct = listProducts.get(new Random().nextInt(6) + 1);\n"}, {"type": "DMI_RANDOM_USED_ONLY_ONCE", "file_name": "src/main/java/selenide/pages/ProductPage.java", "commit_sha": "f9e20defa49b485417610cf1cc9f5e024e5ae7d9", "line_no": 27, "priority": 1, "description": "Random object created and used only once", "line_content": "        String quantity = Integer.toString(new Random().nextInt(100));\n"}]}