{"repo": "SoftEng-HEIGVD/https-github.com-SoftEng-HEIGVD-Teaching-HEIGVD-RES-2021-Labo-Java-IO", "id": "45", "total": 3, "items": [{"type": "NM_METHOD_NAMING_CONVENTION", "file_name": "LabJavaIO/src/main/java/ch/heigvd/res/labio/impl/explorers/DFSFileExplorer.java", "commit_sha": "dad67d2f99732c811ed7bd2f150b42ab17ce3e59", "line_no": 28, "priority": 5, "description": "Nm: Method names should start with a lower case letter", "line_content": "      Rexplore(rootDirectory, vistor);\n"}, {"type": "NM_METHOD_NAMING_CONVENTION", "file_name": "LabJavaIO/src/main/java/ch/heigvd/res/labio/impl/explorers/DFSFileExplorer.java", "commit_sha": "dad67d2f99732c811ed7bd2f150b42ab17ce3e59", "line_no": 32, "priority": 3, "description": "Nm: Method names should start with a lower case letter", "line_content": "  private void Rexplore(File rootDirectory, IFileVisitor vistor){\n"}, {"type": "NM_METHOD_NAMING_CONVENTION", "file_name": "LabJavaIO/src/main/java/ch/heigvd/res/labio/impl/explorers/DFSFileExplorer.java", "commit_sha": "dad67d2f99732c811ed7bd2f150b42ab17ce3e59", "line_no": 46, "priority": 5, "description": "Nm: Method names should start with a lower case letter", "line_content": "        Rexplore(f, vistor);\n"}]}