{"repo": "IBM/platform-services-java-sdk", "id": "86", "total": 6, "items": [{"type": "VA_FORMAT_STRING_USES_NEWLINE", "file_name": "modules/examples/src/main/java/com/ibm/cloud/platform_services/posture_management/v1/PostureManagementExamples.java", "commit_sha": "45555482f5682bd8653646011f388d89be269655", "line_no": 77, "priority": 2, "description": "Format string should use %n rather than \\n", "line_content": "        logger.error(String.format(\"Service returned status code %s: %s\\nError details: %s\",\n          e.getStatusCode(), e.getMessage(), e.getDebuggingInfo()), e);\n"}, {"type": "VA_FORMAT_STRING_USES_NEWLINE", "file_name": "modules/examples/src/main/java/com/ibm/cloud/platform_services/posture_management/v1/PostureManagementExamples.java", "commit_sha": "45555482f5682bd8653646011f388d89be269655", "line_no": 95, "priority": 2, "description": "Format string should use %n rather than \\n", "line_content": "        logger.error(String.format(\"Service returned status code %s: %s\\nError details: %s\",\n          e.getStatusCode(), e.getMessage(), e.getDebuggingInfo()), e);\n"}, {"type": "VA_FORMAT_STRING_USES_NEWLINE", "file_name": "modules/examples/src/main/java/com/ibm/cloud/platform_services/posture_management/v1/PostureManagementExamples.java", "commit_sha": "45555482f5682bd8653646011f388d89be269655", "line_no": 114, "priority": 2, "description": "Format string should use %n rather than \\n", "line_content": "      logger.error(String.format(\"Service returned status code %s: %s\\nError details: %s\",\n                                 e.getStatusCode(), e.getMessage(), e.getDebuggingInfo()), e);\n"}, {"type": "VA_FORMAT_STRING_USES_NEWLINE", "file_name": "modules/posture-management/src/test/java/com/ibm/cloud/platform_services/posture_management/v1/PostureManagementIT.java", "commit_sha": "45555482f5682bd8653646011f388d89be269655", "line_no": 132, "priority": 2, "description": "Format string should use %n rather than \\n", "line_content": "            fail(String.format(\"Service returned status code %d: %s\\nError details: %s\", e.getStatusCode(),\n                               e.getMessage(), e.getDebuggingInfo()));\n"}, {"type": "VA_FORMAT_STRING_USES_NEWLINE", "file_name": "modules/posture-management/src/test/java/com/ibm/cloud/platform_services/posture_management/v1/PostureManagementIT.java", "commit_sha": "45555482f5682bd8653646011f388d89be269655", "line_no": 159, "priority": 2, "description": "Format string should use %n rather than \\n", "line_content": "            fail(String.format(\"Service returned status code %d: %s\\nError details: %s\", e.getStatusCode(),\n                               e.getMessage(), e.getDebuggingInfo()));\n"}, {"type": "VA_FORMAT_STRING_USES_NEWLINE", "file_name": "modules/posture-management/src/test/java/com/ibm/cloud/platform_services/posture_management/v1/PostureManagementIT.java", "commit_sha": "45555482f5682bd8653646011f388d89be269655", "line_no": 188, "priority": 2, "description": "Format string should use %n rather than \\n", "line_content": "            fail(String.format(\"Service returned status code %d: %s\\nError details: %s\", e.getStatusCode(),\n                               e.getMessage(), e.getDebuggingInfo()));\n"}]}