{"repo": "egold555/ReplaceModsWithForgeCSVMappingsGUI", "id": "7", "total": 1, "items": [{"type": "NM_METHOD_NAMING_CONVENTION", "file_name": "src/org/golde/java/rmwfcsvmg/EnumForgeVersion.java", "commit_sha": "66415ac8283706901a5870d86f6fb3c64bf362f2", "line_no": 23, "priority": 5, "description": "Nm: Method names should start with a lower case letter", "line_content": "\tv1_11(\"http://export.mcpbot.bspk.rs/mcp_stable/32-1.11/mcp_stable-32-1.11.zip\", \"1.11\"),\n\tv1_12(\"http://export.mcpbot.bspk.rs/mcp_stable/39-1.12/mcp_stable-39-1.12.zip\", \"1.12\"),\n\tv1_13_2(\"http://export.mcpbot.bspk.rs/mcp_stable/47-1.13.2/mcp_stable-47-1.13.2.zip\", \"1.13.2\"),\n\tv1_14_4(\"http://export.mcpbot.bspk.rs/mcp_stable/53-1.14.2/mcp_stable-53-1.14.2.zip\", \"1.14.4\"),\n\tv1_15(\"http://export.mcpbot.bspk.rs/mcp_stable/60-1.15/mcp_stable-60-1.15.zip\", \"1.15\"),\n\tSnapshot(\"\", \"Snapshot\"),\n\t;\n"}]}