{"repo": "titusmoldovan/java-training", "id": "53", "total": 13, "items": [{"type": "NM_METHOD_NAMING_CONVENTION", "file_name": "Projects/DesignPatterns/src/Circle.java", "commit_sha": "22401f6e7a25d53c5fe18ca6cb5235fada32129a", "line_no": 19, "priority": 5, "description": "Nm: Method names should start with a lower case letter", "line_content": "        char[][] canvas = image.Decorate();\n"}, {"type": "NM_METHOD_NAMING_CONVENTION", "file_name": "Projects/DesignPatterns/src/DecoratableImage.java", "commit_sha": "22401f6e7a25d53c5fe18ca6cb5235fada32129a", "line_no": 6, "priority": 5, "description": "Nm: Method names should start with a lower case letter", "line_content": "    char[][] Decorate();\n"}, {"type": "NM_METHOD_NAMING_CONVENTION", "file_name": "Projects/DesignPatterns/src/Editor.java", "commit_sha": "22401f6e7a25d53c5fe18ca6cb5235fada32129a", "line_no": 37, "priority": 5, "description": "Nm: Method names should start with a lower case letter", "line_content": "        char[][] canvas = image.Decorate();\n"}, {"type": "NM_METHOD_NAMING_CONVENTION", "file_name": "Projects/DesignPatterns/src/Editor.java", "commit_sha": "22401f6e7a25d53c5fe18ca6cb5235fada32129a", "line_no": 54, "priority": 5, "description": "Nm: Method names should start with a lower case letter", "line_content": "        char[][] canvas = image.Decorate();\n"}, {"type": "NM_METHOD_NAMING_CONVENTION", "file_name": "Projects/DesignPatterns/src/Rectangle.java", "commit_sha": "22401f6e7a25d53c5fe18ca6cb5235fada32129a", "line_no": 20, "priority": 5, "description": "Nm: Method names should start with a lower case letter", "line_content": "        char[][] canvas = image.Decorate();\n"}, {"type": "NM_METHOD_NAMING_CONVENTION", "file_name": "Projects/DesignPatterns/src/Square.java", "commit_sha": "22401f6e7a25d53c5fe18ca6cb5235fada32129a", "line_no": 19, "priority": 5, "description": "Nm: Method names should start with a lower case letter", "line_content": "        char[][] canvas = image.Decorate();\n"}, {"type": "NM_METHOD_NAMING_CONVENTION", "file_name": "Projects/DesignPatterns/src/Triangle.java", "commit_sha": "22401f6e7a25d53c5fe18ca6cb5235fada32129a", "line_no": 19, "priority": 5, "description": "Nm: Method names should start with a lower case letter", "line_content": "        char[][] canvas = image.Decorate();\n"}, {"type": "NM_METHOD_NAMING_CONVENTION", "file_name": "clean_code_projects/_1_project_requirements_chess/src/main/java/clean/code/chess/requirements/ChessBoard.java", "commit_sha": "22401f6e7a25d53c5fe18ca6cb5235fada32129a", "line_no": 14, "priority": 2, "description": "Nm: Method names should start with a lower case letter", "line_content": "    public void Add(Pawn pawn, int xCoordinate, int yCoordinate, PieceColor pieceColor) {\n"}, {"type": "NM_METHOD_NAMING_CONVENTION", "file_name": "clean_code_projects/_1_project_requirements_chess/src/main/java/clean/code/chess/requirements/ChessBoard.java", "commit_sha": "22401f6e7a25d53c5fe18ca6cb5235fada32129a", "line_no": 26, "priority": 2, "description": "Nm: Method names should start with a lower case letter", "line_content": "    public boolean IsLegalBoardPosition(int xCoordinate, int yCoordinate) {\n"}, {"type": "NM_METHOD_NAMING_CONVENTION", "file_name": "clean_code_projects/_1_project_requirements_chess/src/main/java/clean/code/chess/requirements/Pawn.java", "commit_sha": "22401f6e7a25d53c5fe18ca6cb5235fada32129a", "line_no": 46, "priority": 2, "description": "Nm: Method names should start with a lower case letter", "line_content": "    public void Move(MovementType movementType, int newX, int newY) {\n"}, {"type": "NM_METHOD_NAMING_CONVENTION", "file_name": "clean_code_projects/_1_project_requirements_chess/src/main/java/clean/code/chess/requirements/Pawn.java", "commit_sha": "22401f6e7a25d53c5fe18ca6cb5235fada32129a", "line_no": 48, "priority": 5, "description": "Nm: Method names should start with a lower case letter", "line_content": "            if (!chessBoard.IsLegalBoardPosition(newX, newY))\n                return;\n"}, {"type": "NM_METHOD_NAMING_CONVENTION", "file_name": "clean_code_projects/_1_project_requirements_chess/src/test/java/clean/code/chess/requirements/ChessBoardTest.java", "commit_sha": "22401f6e7a25d53c5fe18ca6cb5235fada32129a", "line_no": 41, "priority": 5, "description": "Nm: Method names should start with a lower case letter", "line_content": "        boolean isValidPosition = testSubject.IsLegalBoardPosition(11, 5);\n"}, {"type": "NM_METHOD_NAMING_CONVENTION", "file_name": "clean_code_projects/_1_project_requirements_chess/src/test/java/clean/code/chess/requirements/ChessBoardTest.java", "commit_sha": "22401f6e7a25d53c5fe18ca6cb5235fada32129a", "line_no": 84, "priority": 5, "description": "Nm: Method names should start with a lower case letter", "line_content": "            testSubject.Add(pawn, 6 + row, i % ChessBoard.MAX_BOARD_WIDTH, PieceColor.BLACK);\n"}]}