{"repo": "titusmoldovan/java-training", "id": "54", "total": 6, "items": [{"type": "NM_CLASS_NAMING_CONVENTION", "file_name": "_1_basics/src/main/java/code/_4_student_effort/Challenge1/fizzbuzz.java", "commit_sha": "0ad244bac38231ab7c79bc0f39e26b80abcc3df9", "line_no": 3, "priority": 2, "description": "Nm: Class names should start with an upper case letter", "line_content": "public class fizzbuzz {\n"}, {"type": "NM_CLASS_NAMING_CONVENTION", "file_name": "_1_basics/src/main/java/code/_4_student_effort/Challenge3/pairof2.java", "commit_sha": "0ad244bac38231ab7c79bc0f39e26b80abcc3df9", "line_no": 3, "priority": 2, "description": "Nm: Class names should start with an upper case letter", "line_content": "public class pairof2 {\n"}, {"type": "NM_CLASS_NAMING_CONVENTION", "file_name": "_1_basics/src/main/java/code/_4_student_effort/Challenge4/pairof3.java", "commit_sha": "0ad244bac38231ab7c79bc0f39e26b80abcc3df9", "line_no": 3, "priority": 2, "description": "Nm: Class names should start with an upper case letter", "line_content": "public class pairof3 {\n"}, {"type": "NM_METHOD_NAMING_CONVENTION", "file_name": "_3_design_patterns/src/main/java/code/_4_student_effort/Challenge1/ArrayCustomIterator.java", "commit_sha": "0ad244bac38231ab7c79bc0f39e26b80abcc3df9", "line_no": 7, "priority": 3, "description": "Nm: Method names should start with a lower case letter", "line_content": "    private void ArrayCustomIterator(int[] arr) {\n"}, {"type": "NM_METHOD_NAMING_CONVENTION", "file_name": "clean_code_projects/_1_project_requirements_chess/src/main/java/clean/code/chess/requirements/ChessBoard.java", "commit_sha": "0ad244bac38231ab7c79bc0f39e26b80abcc3df9", "line_no": 17, "priority": 2, "description": "Nm: Method names should start with a lower case letter", "line_content": "    public void Add(Pawn pawn, int xCoordinate, int yCoordinate, PieceColor pieceColor) {\n"}, {"type": "NM_METHOD_NAMING_CONVENTION", "file_name": "clean_code_projects/_1_project_requirements_chess/src/main/java/clean/code/chess/requirements/ChessBoard.java", "commit_sha": "0ad244bac38231ab7c79bc0f39e26b80abcc3df9", "line_no": 38, "priority": 2, "description": "Nm: Method names should start with a lower case letter", "line_content": "    public boolean IsLegalBoardPosition(int xCoordinate, int yCoordinate) {\n"}]}