{"repo": "Viserys3301/Cloud", "id": "1", "total": 3, "items": [{"type": "UI_INHERITANCE_UNSAFE_GETRESOURCE", "file_name": "src/main/java/client/ClientFX.java", "commit_sha": "fa0479a7b9805d1fbbcd14c0dd6447e6d306a907", "line_no": 124, "priority": 3, "description": "Usage of GetResource may be unsafe if class is extended", "line_content": "            loader.setLocation(getClass().getResource(\"/fxmlFiles/Server.fxml\"));\n"}, {"type": "UI_INHERITANCE_UNSAFE_GETRESOURCE", "file_name": "src/main/java/client/ServerController.java", "commit_sha": "fa0479a7b9805d1fbbcd14c0dd6447e6d306a907", "line_no": 113, "priority": 3, "description": "Usage of GetResource may be unsafe if class is extended", "line_content": "            loader.setLocation(getClass().getResource(\"/fxmlFiles/Client.fxml\"));\n"}, {"type": "UI_INHERITANCE_UNSAFE_GETRESOURCE", "file_name": "src/main/java/client/Start.java", "commit_sha": "fa0479a7b9805d1fbbcd14c0dd6447e6d306a907", "line_no": 17, "priority": 3, "description": "Usage of GetResource may be unsafe if class is extended", "line_content": "            root = FXMLLoader.load(getClass().getResource(\"/fxmlFiles/Client.fxml\"));\n"}]}