{"repo": "AY2021S2-CS2103T-W15-3/tp", "id": "29", "total": 4, "items": [{"type": "EC_NULL_ARG", "file_name": "src/test/java/seedu/address/logic/commands/RemarkCommandTest.java", "commit_sha": "b9d48aed94d1aafec90485702c461baa99f6c14a", "line_no": 123, "priority": 2, "description": "Call to equals(null)", "line_content": "        assertFalse(standardCommand.equals(null));\n"}, {"type": "SA_SELF_COMPARISON", "file_name": "src/test/java/seedu/address/logic/commands/RemarkCommandTest.java", "commit_sha": "b9d48aed94d1aafec90485702c461baa99f6c14a", "line_no": 120, "priority": 2, "description": "Self comparison of value or field with itself", "line_content": "        assertTrue(standardCommand.equals(standardCommand));\n"}, {"type": "EC_NULL_ARG", "file_name": "src/test/java/seedu/address/model/person/RemarkTest.java", "commit_sha": "b9d48aed94d1aafec90485702c461baa99f6c14a", "line_no": 25, "priority": 2, "description": "Call to equals(null)", "line_content": "        assertFalse(remark.equals(null));\n"}, {"type": "SA_SELF_COMPARISON", "file_name": "src/test/java/seedu/address/model/person/RemarkTest.java", "commit_sha": "b9d48aed94d1aafec90485702c461baa99f6c14a", "line_no": 15, "priority": 2, "description": "Self comparison of value or field with itself", "line_content": "        assertTrue(remark.equals(remark));\n"}]}