{"repo": "JacobStocklass/java-bigquerystorage", "id": "3", "total": 11, "items": [{"type": "NM_METHOD_NAMING_CONVENTION", "file_name": "google-cloud-bigquerystorage/src/test/java/com/google/cloud/bigquery/storage/v1beta2/st/ITBigQueryStorageLongRunningWriteTest.java", "commit_sha": "443304b2af634de35f3ddf9ea12722cc5f7cf604", "line_no": 81, "priority": 3, "description": "Nm: Method names should start with a lower case letter", "line_content": "  private static JSONObject MakeJsonObject(RowComplexity complexity) throws IOException {\n"}, {"type": "NM_METHOD_NAMING_CONVENTION", "file_name": "google-cloud-bigquerystorage/src/test/java/com/google/cloud/bigquery/storage/v1beta2/st/ITBigQueryStorageLongRunningWriteTest.java", "commit_sha": "443304b2af634de35f3ddf9ea12722cc5f7cf604", "line_no": 160, "priority": 3, "description": "Nm: Method names should start with a lower case letter", "line_content": "  private static TableInfo MakeSimpleSchemaTable(String name) {\n"}, {"type": "NM_METHOD_NAMING_CONVENTION", "file_name": "google-cloud-bigquerystorage/src/test/java/com/google/cloud/bigquery/storage/v1beta2/st/ITBigQueryStorageLongRunningWriteTest.java", "commit_sha": "443304b2af634de35f3ddf9ea12722cc5f7cf604", "line_no": 181, "priority": 3, "description": "Nm: Method names should start with a lower case letter", "line_content": "  private static TableInfo MakeComplexSchemaTable(String name) {\n"}, {"type": "NM_METHOD_NAMING_CONVENTION", "file_name": "google-cloud-bigquerystorage/src/test/java/com/google/cloud/bigquery/storage/v1beta2/st/ITBigQueryStorageLongRunningWriteTest.java", "commit_sha": "443304b2af634de35f3ddf9ea12722cc5f7cf604", "line_no": 250, "priority": 5, "description": "Nm: Method names should start with a lower case letter", "line_content": "    TableInfo tableInfo = MakeSimpleSchemaTable(tableName);\n"}, {"type": "NM_METHOD_NAMING_CONVENTION", "file_name": "google-cloud-bigquerystorage/src/test/java/com/google/cloud/bigquery/storage/v1beta2/st/ITBigQueryStorageLongRunningWriteTest.java", "commit_sha": "443304b2af634de35f3ddf9ea12722cc5f7cf604", "line_no": 260, "priority": 5, "description": "Nm: Method names should start with a lower case letter", "line_content": "        JSONObject row = MakeJsonObject(RowComplexity.SIMPLE);\n"}, {"type": "NM_METHOD_NAMING_CONVENTION", "file_name": "google-cloud-bigquerystorage/src/test/java/com/google/cloud/bigquery/storage/v1beta2/st/ITBigQueryStorageLongRunningWriteTest.java", "commit_sha": "443304b2af634de35f3ddf9ea12722cc5f7cf604", "line_no": 293, "priority": 5, "description": "Nm: Method names should start with a lower case letter", "line_content": "    TableInfo tableInfo = MakeComplexSchemaTable(complexTableName);\n"}, {"type": "NM_METHOD_NAMING_CONVENTION", "file_name": "google-cloud-bigquerystorage/src/test/java/com/google/cloud/bigquery/storage/v1beta2/st/ITBigQueryStorageLongRunningWriteTest.java", "commit_sha": "443304b2af634de35f3ddf9ea12722cc5f7cf604", "line_no": 303, "priority": 5, "description": "Nm: Method names should start with a lower case letter", "line_content": "        JSONObject row = MakeJsonObject(RowComplexity.COMPLEX);\n"}, {"type": "NM_METHOD_NAMING_CONVENTION", "file_name": "google-cloud-bigquerystorage/src/test/java/com/google/cloud/bigquery/storage/v1beta2/st/ITBigQueryStorageLongRunningWriteTest.java", "commit_sha": "443304b2af634de35f3ddf9ea12722cc5f7cf604", "line_no": 334, "priority": 5, "description": "Nm: Method names should start with a lower case letter", "line_content": "    TableInfo tableInfo = MakeSimpleSchemaTable(tableName);\n"}, {"type": "NM_METHOD_NAMING_CONVENTION", "file_name": "google-cloud-bigquerystorage/src/test/java/com/google/cloud/bigquery/storage/v1beta2/st/ITBigQueryStorageLongRunningWriteTest.java", "commit_sha": "443304b2af634de35f3ddf9ea12722cc5f7cf604", "line_no": 345, "priority": 5, "description": "Nm: Method names should start with a lower case letter", "line_content": "        JSONObject row = MakeJsonObject(RowComplexity.SIMPLE);\n"}, {"type": "NM_METHOD_NAMING_CONVENTION", "file_name": "google-cloud-bigquerystorage/src/test/java/com/google/cloud/bigquery/storage/v1beta2/st/ITBigQueryStorageLongRunningWriteTest.java", "commit_sha": "443304b2af634de35f3ddf9ea12722cc5f7cf604", "line_no": 389, "priority": 5, "description": "Nm: Method names should start with a lower case letter", "line_content": "    TableInfo tableInfo = MakeComplexSchemaTable(complexTableName);\n"}, {"type": "NM_METHOD_NAMING_CONVENTION", "file_name": "google-cloud-bigquerystorage/src/test/java/com/google/cloud/bigquery/storage/v1beta2/st/ITBigQueryStorageLongRunningWriteTest.java", "commit_sha": "443304b2af634de35f3ddf9ea12722cc5f7cf604", "line_no": 401, "priority": 5, "description": "Nm: Method names should start with a lower case letter", "line_content": "        JSONObject row = MakeJsonObject(RowComplexity.COMPLEX);\n"}]}