{"repo": "Khmelov/PISL2021-02-01", "id": "89", "total": 2, "items": [{"type": "VA_FORMAT_STRING_USES_NEWLINE", "file_name": "src/by/it/group873601/karpeychik/lesson03/A_Huffman.java", "commit_sha": "e355b925ad90dc67e064bb078fb94ada6deb02a0", "line_no": 153, "priority": 2, "description": "Format string should use %n rather than \\n", "line_content": "        System.out.printf(\"%d %d\\n\", codes.size(), result.length());\n"}, {"type": "VA_FORMAT_STRING_USES_NEWLINE", "file_name": "src/by/it/group873601/karpeychik/lesson03/A_Huffman.java", "commit_sha": "e355b925ad90dc67e064bb078fb94ada6deb02a0", "line_no": 155, "priority": 2, "description": "Format string should use %n rather than \\n", "line_content": "            System.out.printf(\"%s: %s\\n\", entry.getKey(), entry.getValue());\n"}]}