{"repo": "athosgpm/ProjetoIntegrador_findYourHelp", "id": "3", "total": 2, "items": [{"type": "NM_METHOD_NAMING_CONVENTION", "file_name": "findYourHelp/src/main/java/com/projetointegrador/findYourHelp/controller/UsuarioController.java", "commit_sha": "cdf228e9f44ff24606bdb308fcc04ce50fd5d52b", "line_no": 28, "priority": 5, "description": "Nm: Method names should start with a lower case letter", "line_content": "\t\treturn usuarioService.Logar(user).map(resp -> ResponseEntity.ok(resp))\n\t\t\t\t.orElse(ResponseEntity.status(HttpStatus.UNAUTHORIZED).build());\n"}, {"type": "NM_METHOD_NAMING_CONVENTION", "file_name": "findYourHelp/src/main/java/com/projetointegrador/findYourHelp/controller/UsuarioController.java", "commit_sha": "cdf228e9f44ff24606bdb308fcc04ce50fd5d52b", "line_no": 34, "priority": 5, "description": "Nm: Method names should start with a lower case letter", "line_content": "\t\tOptional<Usuario> user = usuarioService.CadastrarUsuario(usuario);\n"}]}