{"repo": "Alexander38-cmd/HW_to_GitHub", "id": "1", "total": 2, "items": [{"type": "VA_FORMAT_STRING_USES_NEWLINE", "file_name": "src/HW/Main.java", "commit_sha": "b0e23044ea26c5630c009904e58d986b0d9a37b0", "line_no": 155, "priority": 2, "description": "Format string should use %n rather than \\n", "line_content": "                    sb.append(String.format(\"[ %s ] : %s\\n\", sender, text));\n"}, {"type": "VA_FORMAT_STRING_USES_NEWLINE", "file_name": "src/HW/Main.java", "commit_sha": "b0e23044ea26c5630c009904e58d986b0d9a37b0", "line_no": 157, "priority": 2, "description": "Format string should use %n rather than \\n", "line_content": "                    sb.append(String.format(\"[ %s ] to [ %s ] : %s\\n\", sender, receiver, text));\n"}]}