{"repo": "gluonhq/scenebuilder", "id": "328", "total": 2, "items": [{"type": "UI_INHERITANCE_UNSAFE_GETRESOURCE", "file_name": "kit/src/test/java/com/oracle/javafx/scenebuilder/kit/skeleton/SkeletonBufferJavaTest.java", "commit_sha": "6c4450a0399a8ae5beb04c04096f664b5bc9c5e9", "line_no": 89, "priority": 3, "description": "Usage of GetResource may be unsafe if class is extended", "line_content": "        URL url = this.getClass().getResource(fileName);\n"}, {"type": "UI_INHERITANCE_UNSAFE_GETRESOURCE", "file_name": "kit/src/test/java/com/oracle/javafx/scenebuilder/kit/skeleton/SkeletonBufferKotlinTest.java", "commit_sha": "6c4450a0399a8ae5beb04c04096f664b5bc9c5e9", "line_no": 89, "priority": 3, "description": "Usage of GetResource may be unsafe if class is extended", "line_content": "        URL url = this.getClass().getResource(fileName);\n"}]}