{"repo": "UnitedCraft/Jobs", "id": "4", "total": 2, "items": [{"type": "NM_METHOD_NAMING_CONVENTION", "file_name": "src/main/java/com/gamingmesh/jobs/commands/list/quests.java", "commit_sha": "9df1810732ff9f752b4ba5f7612a48cdaba72d75", "line_no": 109, "priority": 5, "description": "Nm: Method names should start with a lower case letter", "line_content": "\t\t\thoverList.add(Jobs.getLanguage().getMessage(\"command.info.output.\" + oneObjective.getValue().getAction().toString().toLowerCase() + \".info\") + \" \" +\r\n\t\t\t    Jobs.getNameTranslatorManager().Translate(oneObjective.getKey(), oneObjective.getValue().getAction(), oneObjective.getValue().getTargetId(), oneObjective.getValue()\r"}, {"type": "NM_METHOD_NAMING_CONVENTION", "file_name": "src/main/java/com/gamingmesh/jobs/config/ExploreManager.java", "commit_sha": "9df1810732ff9f752b4ba5f7612a48cdaba72d75", "line_no": 72, "priority": 2, "description": "Nm: Method names should start with a lower case letter", "line_content": "    public ExploreRespond ChunkRespond(int playerId, String world, int x, int z) {\r\n"}]}