{"repo": "apache/flink", "id": "15280", "total": 1, "items": [{"type": "VA_FORMAT_STRING_USES_NEWLINE", "file_name": "flink-table/flink-table-planner-blink/src/main/java/org/apache/flink/table/planner/plan/nodes/exec/stream/StreamExecTemporalSort.java", "commit_sha": "8ac618f619498a75a87d2fe1690ed5ae85faab1e", "line_no": 93, "priority": 2, "description": "Format string should use %n rather than \\n", "line_content": "        throw new TableException(\n                String.format(\n                        \"Sort: Internal Error\\n\""}]}