{"repo": "Novichoktlt/Java", "id": "10", "total": 2, "items": [{"type": "NM_METHOD_NAMING_CONVENTION", "file_name": "ChatController.java", "commit_sha": "eb5ae3f1a0a26cc804b0be7d5e37a5e46c1be6fc", "line_no": 47, "priority": 2, "description": "Nm: Method names should start with a lower case letter", "line_content": "    public void Item(ActionEvent actionEvent) {\n"}, {"type": "UI_INHERITANCE_UNSAFE_GETRESOURCE", "file_name": "Client.java", "commit_sha": "eb5ae3f1a0a26cc804b0be7d5e37a5e46c1be6fc", "line_no": 27, "priority": 3, "description": "Usage of GetResource may be unsafe if class is extended", "line_content": "        primaryStage.getIcons().add(new Image(getClass().getResourceAsStream(\"g512.png\")));\n"}]}