{"repo": "titusmoldovan/java-training", "id": "65", "total": 8, "items": [{"type": "NM_METHOD_NAMING_CONVENTION", "file_name": "clean_code_projects/_1_project_requirements_chess/src/main/java/clean/code/chess/requirements/ChessBoard.java", "commit_sha": "f0a24dc030071aa5ae94e31a1b5abf803b606e6b", "line_no": 57, "priority": 2, "description": "Nm: Method names should start with a lower case letter", "line_content": "    public void Add(Pawn pawn, int xCoordinate, int yCoordinate, PieceColor pieceColor) {\n"}, {"type": "NM_METHOD_NAMING_CONVENTION", "file_name": "clean_code_projects/_1_project_requirements_chess/src/main/java/clean/code/chess/requirements/ChessBoard.java", "commit_sha": "f0a24dc030071aa5ae94e31a1b5abf803b606e6b", "line_no": 61, "priority": 2, "description": "Nm: Method names should start with a lower case letter", "line_content": "    public boolean IsLegalBoardPosition(int xCoordinate, int yCoordinate) {\n"}, {"type": "NM_METHOD_NAMING_CONVENTION", "file_name": "clean_code_projects/_1_project_requirements_chess/src/main/java/clean/code/chess/requirements/Pieces/Pawn.java", "commit_sha": "f0a24dc030071aa5ae94e31a1b5abf803b606e6b", "line_no": 59, "priority": 2, "description": "Nm: Method names should start with a lower case letter", "line_content": "    public void Move(MovementType movementType, int newX, int newY) {\n"}, {"type": "NM_METHOD_NAMING_CONVENTION", "file_name": "clean_code_projects/_1_project_requirements_chess/src/main/java/clean/code/chess/requirements/Pieces/Piece.java", "commit_sha": "f0a24dc030071aa5ae94e31a1b5abf803b606e6b", "line_no": 58, "priority": 2, "description": "Nm: Method names should start with a lower case letter", "line_content": "    public void Move(MovementType movementType, int newX, int newY){\n"}, {"type": "NM_METHOD_NAMING_CONVENTION", "file_name": "clean_code_projects/_1_project_requirements_chess/src/main/java/clean/code/chess/requirements/Pieces/Piece.java", "commit_sha": "f0a24dc030071aa5ae94e31a1b5abf803b606e6b", "line_no": 85, "priority": 5, "description": "Nm: Method names should start with a lower case letter", "line_content": "        return CurrentPositionAsString();\n"}, {"type": "NM_METHOD_NAMING_CONVENTION", "file_name": "clean_code_projects/_1_project_requirements_chess/src/main/java/clean/code/chess/requirements/Pieces/Piece.java", "commit_sha": "f0a24dc030071aa5ae94e31a1b5abf803b606e6b", "line_no": 88, "priority": 2, "description": "Nm: Method names should start with a lower case letter", "line_content": "    protected String CurrentPositionAsString() {\n"}, {"type": "NM_METHOD_NAMING_CONVENTION", "file_name": "clean_code_projects/_1_project_requirements_chess/src/main/java/clean/code/chess/requirements/Player.java", "commit_sha": "f0a24dc030071aa5ae94e31a1b5abf803b606e6b", "line_no": 41, "priority": 5, "description": "Nm: Method names should start with a lower case letter", "line_content": "        piece.Move(MovementType.MOVE,nextXCoord,nextYCoord);\n"}, {"type": "NM_METHOD_NAMING_CONVENTION", "file_name": "clean_code_projects/_1_project_requirements_chess/src/main/java/clean/code/chess/requirements/Player.java", "commit_sha": "f0a24dc030071aa5ae94e31a1b5abf803b606e6b", "line_no": 45, "priority": 5, "description": "Nm: Method names should start with a lower case letter", "line_content": "        piece.Move(MovementType.CAPTURE,nextXCoord,nextYCoord);\n"}]}