{"repo": "linkedin/ambry", "id": "1794", "total": 1, "items": [{"type": "DMI_RANDOM_USED_ONLY_ONCE", "file_name": "ambry-store/src/main/java/com/github/ambry/store/PersistentIndex.java", "commit_sha": "4775b969c853e2e441e026228b6e282fb35c317d", "line_no": 242, "priority": 1, "description": "Random object created and used only once", "line_content": "        persistorTask = scheduler.scheduleAtFixedRate(persistor,\n                config.storeDataFlushDelaySeconds +\n                        new Random().nextInt(Math.toIntExact(TimeUnit.MINUTES.toSeconds(1))),\n                config.storeDataFlushIntervalSeconds,\n                TimeUnit.SECONDS);\n"}]}