{"repo": "adobe/aem-core-wcm-components", "id": "1443", "total": 3, "items": [{"type": "NM_SAME_SIMPLE_NAME_AS_SUPERCLASS", "file_name": "bundles/core/src/main/java/com/adobe/cq/wcm/core/components/internal/models/v2/LanguageNavigationImpl.java", "commit_sha": "9630a2c7d89d1c8f600ba600c43489ecc09bcbbb", "line_no": 39, "priority": 1, "description": "Class names shouldn\u2019t shadow simple name of superclass", "line_content": "@Model(adaptables = SlingHttpServletRequest.class,\n       adapters = {LanguageNavigation.class, ComponentExporter.class},\n       resourceType = {LanguageNavigationImpl.RESOURCE_TYPE})\n@Exporter(name = ExporterConstants.SLING_MODEL_EXPORTER_NAME ,\n          extensions = ExporterConstants.SLING_MODEL_EXTENSION)\npublic class LanguageNavigationImpl extends com.adobe.cq.wcm.core.components.internal.models.v1.LanguageNavigationImpl implements LanguageNavigation {\n"}, {"type": "NM_SAME_SIMPLE_NAME_AS_SUPERCLASS", "file_name": "bundles/core/src/main/java/com/adobe/cq/wcm/core/components/internal/models/v2/PageListItemImpl.java", "commit_sha": "9630a2c7d89d1c8f600ba600c43489ecc09bcbbb", "line_no": 26, "priority": 1, "description": "Class names shouldn\u2019t shadow simple name of superclass", "line_content": "public class PageListItemImpl extends com.adobe.cq.wcm.core.components.internal.models.v1.PageListItemImpl {\n"}, {"type": "NM_SAME_SIMPLE_NAME_AS_SUPERCLASS", "file_name": "bundles/core/src/test/java/com/adobe/cq/wcm/core/components/internal/models/v2/LanguageNavigationImplTest.java", "commit_sha": "9630a2c7d89d1c8f600ba600c43489ecc09bcbbb", "line_no": 28, "priority": 1, "description": "Class names shouldn\u2019t shadow simple name of superclass", "line_content": "class LanguageNavigationImplTest extends com.adobe.cq.wcm.core.components.internal.models.v1.LanguageNavigationImplTest {\n"}]}