{"repo": "trinodb/trino", "id": "7202", "total": 2, "items": [{"type": "CNT_ROUGH_CONSTANT_VALUE", "file_name": "plugin/trino-memsql/src/test/java/io/trino/plugin/memsql/TestMemSqlTypeMapping.java", "commit_sha": "f40eec5613e87eafea52a03cd444089511f4a5f7", "line_no": 114, "priority": 2, "description": "Rough value of Math.PI found: 3.14", "line_content": "        DataTypeTest.create()\n                .addRoundTrip(realDataType(), 3.14f)\n                .addRoundTrip(realDataType(), null)\n                .execute(getQueryRunner(), trinoCreateAsSelect(\"trino_test_float\"));\n", "constant": 3.14, "replacement": "Math.PI"}, {"type": "CNT_ROUGH_CONSTANT_VALUE", "file_name": "plugin/trino-memsql/src/test/java/io/trino/plugin/memsql/TestMemSqlTypeMapping.java", "commit_sha": "f40eec5613e87eafea52a03cd444089511f4a5f7", "line_no": 121, "priority": 2, "description": "Rough value of Math.PI found: 3.14", "line_content": "        DataTypeTest.create()\n                .addRoundTrip(memSqlFloatDataType(), 3.14f)\n                .addRoundTrip(memSqlFloatDataType(), null)\n                .execute(getQueryRunner(), memSqlCreateAndInsert(\"tpch.memsql_test_float\"));\n", "constant": 3.14, "replacement": "Math.PI"}]}