{"repo": "Carou5el/AlgorythmsCourse", "id": "1", "total": 36, "items": [{"type": "VA_FORMAT_STRING_USES_NEWLINE", "file_name": "src/example/algdatastruct/lesson2/Main.java", "commit_sha": "6272b219343f5dc8b160c1998f10217aa6c50a70", "line_no": 43, "priority": 2, "description": "Format string should use %n rather than \\n", "line_content": "\t\tSystem.out.printf(\"Basic operations with class 'Arrays'.\\n\");\n"}, {"type": "VA_FORMAT_STRING_USES_NEWLINE", "file_name": "src/example/algdatastruct/lesson2/Main.java", "commit_sha": "6272b219343f5dc8b160c1998f10217aa6c50a70", "line_no": 48, "priority": 2, "description": "Format string should use %n rather than \\n", "line_content": "\t\tSystem.out.printf(\"Time for copying of int array: %d ns\\n\", (time2 - time1));\n"}, {"type": "VA_FORMAT_STRING_USES_NEWLINE", "file_name": "src/example/algdatastruct/lesson2/Main.java", "commit_sha": "6272b219343f5dc8b160c1998f10217aa6c50a70", "line_no": 53, "priority": 2, "description": "Format string should use %n rather than \\n", "line_content": "\t\tSystem.out.printf(\"Time for range copying of int array: %d ns\\n\", (time2 - time1));\n"}, {"type": "VA_FORMAT_STRING_USES_NEWLINE", "file_name": "src/example/algdatastruct/lesson2/Main.java", "commit_sha": "6272b219343f5dc8b160c1998f10217aa6c50a70", "line_no": 58, "priority": 2, "description": "Format string should use %n rather than \\n", "line_content": "\t\tSystem.out.printf(\"Time for range copying of int array: %d ns\\n\", (time2 - time1));\n"}, {"type": "VA_FORMAT_STRING_USES_NEWLINE", "file_name": "src/example/algdatastruct/lesson3/CollectionsExample.java", "commit_sha": "6272b219343f5dc8b160c1998f10217aa6c50a70", "line_no": 74, "priority": 2, "description": "Format string should use %n rather than \\n", "line_content": "\t\tSystem.out.printf(\"Time for ArrayList create: %d ns\\n\", (time2 - time1));\n"}, {"type": "VA_FORMAT_STRING_USES_NEWLINE", "file_name": "src/example/algdatastruct/lesson3/CollectionsExample.java", "commit_sha": "6272b219343f5dc8b160c1998f10217aa6c50a70", "line_no": 94, "priority": 2, "description": "Format string should use %n rather than \\n", "line_content": "\t\tSystem.out.printf(\"Time for add new element in ArrayList: %d ns\\n\", (time2 - time1));\n"}, {"type": "VA_FORMAT_STRING_USES_NEWLINE", "file_name": "src/example/algdatastruct/lesson3/CollectionsExample.java", "commit_sha": "6272b219343f5dc8b160c1998f10217aa6c50a70", "line_no": 99, "priority": 2, "description": "Format string should use %n rather than \\n", "line_content": "\t\tSystem.out.printf(\"Time for take an element from ArrayList: %d ns\\n\", (time2 - time1));\n"}, {"type": "VA_FORMAT_STRING_USES_NEWLINE", "file_name": "src/example/algdatastruct/lesson3/CollectionsExample.java", "commit_sha": "6272b219343f5dc8b160c1998f10217aa6c50a70", "line_no": 100, "priority": 2, "description": "Format string should use %n rather than \\n", "line_content": "\t\tSystem.out.printf(\"array[%d] = %d\\n\", indexForTake, numForTake);\n"}, {"type": "VA_FORMAT_STRING_USES_NEWLINE", "file_name": "src/example/algdatastruct/lesson3/CollectionsExample.java", "commit_sha": "6272b219343f5dc8b160c1998f10217aa6c50a70", "line_no": 109, "priority": 2, "description": "Format string should use %n rather than \\n", "line_content": "\t\tSystem.out.printf(\"Time for remove an element from ArrayList: %d ns\\n\", (time2 - time1));\n"}, {"type": "VA_FORMAT_STRING_USES_NEWLINE", "file_name": "src/example/algdatastruct/lesson3/CollectionsExample.java", "commit_sha": "6272b219343f5dc8b160c1998f10217aa6c50a70", "line_no": 110, "priority": 2, "description": "Format string should use %n rather than \\n", "line_content": "\t\tSystem.out.printf(\"Size of ArrayList before removing: %d\\n\", sizeBefore);\n"}, {"type": "VA_FORMAT_STRING_USES_NEWLINE", "file_name": "src/example/algdatastruct/lesson3/CollectionsExample.java", "commit_sha": "6272b219343f5dc8b160c1998f10217aa6c50a70", "line_no": 111, "priority": 2, "description": "Format string should use %n rather than \\n", "line_content": "\t\tSystem.out.printf(\"Size of ArrayList after removing: %d\\n\", sizeAfter);\n"}, {"type": "NM_CLASS_NAMING_CONVENTION", "file_name": "src/example/algdatastruct/lesson3/CollectionsExample.java", "commit_sha": "6272b219343f5dc8b160c1998f10217aa6c50a70", "line_no": 118, "priority": 3, "description": "Nm: Class names should start with an upper case letter", "line_content": "\tclass simpleLink<T>   {\n"}, {"type": "NM_CLASS_NAMING_CONVENTION", "file_name": "src/example/algdatastruct/lesson3/CollectionsExample.java", "commit_sha": "6272b219343f5dc8b160c1998f10217aa6c50a70", "line_no": 139, "priority": 3, "description": "Nm: Class names should start with an upper case letter", "line_content": "\tclass simpleLinkedList<T>   {\n"}, {"type": "VA_FORMAT_STRING_USES_NEWLINE", "file_name": "src/example/algdatastruct/lesson4/StackQueue.java", "commit_sha": "6272b219343f5dc8b160c1998f10217aa6c50a70", "line_no": 41, "priority": 2, "description": "Format string should use %n rather than \\n", "line_content": "\t\tSystem.out.printf(\"Time for stack init: %d ns\\n\", (time2 - time1));\n"}, {"type": "VA_FORMAT_STRING_USES_NEWLINE", "file_name": "src/example/algdatastruct/lesson4/StackQueue.java", "commit_sha": "6272b219343f5dc8b160c1998f10217aa6c50a70", "line_no": 49, "priority": 2, "description": "Format string should use %n rather than \\n", "line_content": "\t\tSystem.out.printf(\"Time for peek(): %d ns\\n\", (time2 - time1));\n"}, {"type": "VA_FORMAT_STRING_USES_NEWLINE", "file_name": "src/example/algdatastruct/lesson4/StackQueue.java", "commit_sha": "6272b219343f5dc8b160c1998f10217aa6c50a70", "line_no": 55, "priority": 2, "description": "Format string should use %n rather than \\n", "line_content": "\t\tSystem.out.printf(\"Time for pop(): %d ns\\n\", (time2 - time1));\n"}, {"type": "VA_FORMAT_STRING_USES_NEWLINE", "file_name": "src/example/algdatastruct/lesson4/StackQueue.java", "commit_sha": "6272b219343f5dc8b160c1998f10217aa6c50a70", "line_no": 65, "priority": 2, "description": "Format string should use %n rather than \\n", "line_content": "\t\tSystem.out.printf(\"Time for push(): %d ns\\n\", (time2 - time1));\n"}, {"type": "VA_FORMAT_STRING_USES_NEWLINE", "file_name": "src/example/algdatastruct/lesson4/StackQueue.java", "commit_sha": "6272b219343f5dc8b160c1998f10217aa6c50a70", "line_no": 88, "priority": 2, "description": "Format string should use %n rather than \\n", "line_content": "\t\tSystem.out.printf(\"Time for init of queue: %d ns\\n\", (time2 - time1));\n"}, {"type": "VA_FORMAT_STRING_USES_NEWLINE", "file_name": "src/example/algdatastruct/lesson4/StackQueue.java", "commit_sha": "6272b219343f5dc8b160c1998f10217aa6c50a70", "line_no": 94, "priority": 2, "description": "Format string should use %n rather than \\n", "line_content": "\t\tSystem.out.printf(\"Time for show(): %d ns\\n\", (time2 - time1));\n"}, {"type": "VA_FORMAT_STRING_USES_NEWLINE", "file_name": "src/example/algdatastruct/lesson4/StackQueue.java", "commit_sha": "6272b219343f5dc8b160c1998f10217aa6c50a70", "line_no": 106, "priority": 2, "description": "Format string should use %n rather than \\n", "line_content": "\t\tSystem.out.printf(\"Time for add(): %d ns\\n\", (time2 - time1));\n"}, {"type": "VA_FORMAT_STRING_USES_NEWLINE", "file_name": "src/example/algdatastruct/lesson4/StackQueue.java", "commit_sha": "6272b219343f5dc8b160c1998f10217aa6c50a70", "line_no": 134, "priority": 2, "description": "Format string should use %n rather than \\n", "line_content": "\t\tSystem.out.printf(\"Time for init: %d ns\\n\", (time2 - time1));\n"}, {"type": "VA_FORMAT_STRING_USES_NEWLINE", "file_name": "src/example/algdatastruct/lesson4/StackQueue.java", "commit_sha": "6272b219343f5dc8b160c1998f10217aa6c50a70", "line_no": 139, "priority": 2, "description": "Format string should use %n rather than \\n", "line_content": "\t\tSystem.out.printf(\"Time for peekFirst(): %d ns\\n\", (time2 - time1));\n"}, {"type": "VA_FORMAT_STRING_USES_NEWLINE", "file_name": "src/example/algdatastruct/lesson4/StackQueue.java", "commit_sha": "6272b219343f5dc8b160c1998f10217aa6c50a70", "line_no": 144, "priority": 2, "description": "Format string should use %n rather than \\n", "line_content": "\t\tSystem.out.printf(\"Time for peekLast(): %d ns\\n\", (time2 - time1));\n"}, {"type": "VA_FORMAT_STRING_USES_NEWLINE", "file_name": "src/example/algdatastruct/lesson4/StackQueue.java", "commit_sha": "6272b219343f5dc8b160c1998f10217aa6c50a70", "line_no": 149, "priority": 2, "description": "Format string should use %n rather than \\n", "line_content": "\t\tSystem.out.printf(\"Time for popFirst(): %d ns\\n\", (time2 - time1));\n"}, {"type": "VA_FORMAT_STRING_USES_NEWLINE", "file_name": "src/example/algdatastruct/lesson4/StackQueue.java", "commit_sha": "6272b219343f5dc8b160c1998f10217aa6c50a70", "line_no": 154, "priority": 2, "description": "Format string should use %n rather than \\n", "line_content": "\t\tSystem.out.printf(\"Time for popLast(): %d ns\\n\", (time2 - time1));\n"}, {"type": "VA_FORMAT_STRING_USES_NEWLINE", "file_name": "src/example/algdatastruct/lesson4/StackQueue.java", "commit_sha": "6272b219343f5dc8b160c1998f10217aa6c50a70", "line_no": 159, "priority": 2, "description": "Format string should use %n rather than \\n", "line_content": "\t\tSystem.out.printf(\"Time for pushFirst(): %d ns\\n\", (time2 - time1));\n"}, {"type": "VA_FORMAT_STRING_USES_NEWLINE", "file_name": "src/example/algdatastruct/lesson4/StackQueue.java", "commit_sha": "6272b219343f5dc8b160c1998f10217aa6c50a70", "line_no": 164, "priority": 2, "description": "Format string should use %n rather than \\n", "line_content": "\t\tSystem.out.printf(\"Time for pushLast(): %d ns\\n\", (time2 - time1));\n"}, {"type": "VA_FORMAT_STRING_USES_NEWLINE", "file_name": "src/example/algdatastruct/lesson4/StackQueue.java", "commit_sha": "6272b219343f5dc8b160c1998f10217aa6c50a70", "line_no": 185, "priority": 2, "description": "Format string should use %n rather than \\n", "line_content": "\t\tSystem.out.printf(\"Time for init: %d ns\\n\", (time2 - time1));\n"}, {"type": "VA_FORMAT_STRING_USES_NEWLINE", "file_name": "src/example/algdatastruct/lesson4/StackQueue.java", "commit_sha": "6272b219343f5dc8b160c1998f10217aa6c50a70", "line_no": 195, "priority": 2, "description": "Format string should use %n rather than \\n", "line_content": "\t\tSystem.out.printf(\"Time for isEmpty(): %d ns\\n\", (time2 - time1));\n"}, {"type": "VA_FORMAT_STRING_USES_NEWLINE", "file_name": "src/example/algdatastruct/lesson4/StackQueue.java", "commit_sha": "6272b219343f5dc8b160c1998f10217aa6c50a70", "line_no": 199, "priority": 2, "description": "Format string should use %n rather than \\n", "line_content": "\t\t\tSystem.out.printf(\"prior queue = %d\\n\", priorMyQueueInterface.poll());\n"}, {"type": "VA_FORMAT_STRING_USES_NEWLINE", "file_name": "src/example/algdatastruct/lesson4/StackQueue.java", "commit_sha": "6272b219343f5dc8b160c1998f10217aa6c50a70", "line_no": 206, "priority": 2, "description": "Format string should use %n rather than \\n", "line_content": "\t\tSystem.out.printf(\"Time for poll(): %d ns\\n\", (time2 - time1));\n"}, {"type": "VA_FORMAT_STRING_USES_NEWLINE", "file_name": "src/example/algdatastruct/lesson4/StackQueue.java", "commit_sha": "6272b219343f5dc8b160c1998f10217aa6c50a70", "line_no": 211, "priority": 2, "description": "Format string should use %n rather than \\n", "line_content": "\t\tSystem.out.printf(\"Time for add(): %d ns\\n\", (time2 - time1));\n"}, {"type": "VA_FORMAT_STRING_USES_NEWLINE", "file_name": "src/example/algdatastruct/lesson4/StackQueue.java", "commit_sha": "6272b219343f5dc8b160c1998f10217aa6c50a70", "line_no": 237, "priority": 2, "description": "Format string should use %n rather than \\n", "line_content": "\t\tSystem.out.printf(\"Time for push(): %d ns\\n\", (time2 - time1));\n"}, {"type": "VA_FORMAT_STRING_USES_NEWLINE", "file_name": "src/example/algdatastruct/lesson4/StackQueue.java", "commit_sha": "6272b219343f5dc8b160c1998f10217aa6c50a70", "line_no": 243, "priority": 2, "description": "Format string should use %n rather than \\n", "line_content": "\t\tSystem.out.printf(\"Time for add(): %d ns\\n\", (time2 - time1));\n"}, {"type": "VA_FORMAT_STRING_USES_NEWLINE", "file_name": "src/example/algdatastruct/lesson4/StackQueue.java", "commit_sha": "6272b219343f5dc8b160c1998f10217aa6c50a70", "line_no": 248, "priority": 2, "description": "Format string should use %n rather than \\n", "line_content": "\t\tSystem.out.printf(\"Time for pop(): %d ns\\n\", (time2 - time1));\n"}, {"type": "VA_FORMAT_STRING_USES_NEWLINE", "file_name": "src/example/algdatastruct/lesson4/StackQueue.java", "commit_sha": "6272b219343f5dc8b160c1998f10217aa6c50a70", "line_no": 253, "priority": 2, "description": "Format string should use %n rather than \\n", "line_content": "\t\tSystem.out.printf(\"Time for remove(): %d ns\\n\", (time2 - time1));\n"}]}