{"repo": "greenteacups/Just-Cosmetics", "id": "1", "total": 4, "items": [{"type": "NM_METHOD_NAMING_CONVENTION", "file_name": "src/main/java/cosmetics/RemoveEffects.java", "commit_sha": "bb50e00a65bc64220b096a12434042948d5ec0aa", "line_no": 19, "priority": 2, "description": "Nm: Method names should start with a lower case letter", "line_content": "    public void ClearEffects(Player player) {\n"}, {"type": "NM_METHOD_NAMING_CONVENTION", "file_name": "src/main/java/cosmetics/TestRunnable.java", "commit_sha": "bb50e00a65bc64220b096a12434042948d5ec0aa", "line_no": 33, "priority": 2, "description": "Nm: Method names should start with a lower case letter", "line_content": "    public void EntityWiggle(Player player) {\n"}, {"type": "NM_METHOD_NAMING_CONVENTION", "file_name": "src/main/java/cosmetics/disguises/listeners/DisguiseGeneralListeners.java", "commit_sha": "bb50e00a65bc64220b096a12434042948d5ec0aa", "line_no": 126, "priority": 2, "description": "Nm: Method names should start with a lower case letter", "line_content": "    public void DrinkMilk(PlayerItemConsumeEvent event) {\n"}, {"type": "NM_METHOD_NAMING_CONVENTION", "file_name": "src/main/java/cosmetics/disguises/listeners/DisguiseGeneralListeners.java", "commit_sha": "bb50e00a65bc64220b096a12434042948d5ec0aa", "line_no": 142, "priority": 5, "description": "Nm: Method names should start with a lower case letter", "line_content": "        RemoveEffectsOnQuit.ClearEffects(player);\n"}]}