{"repo": "Alexander38-cmd/HW_to_GitHub", "id": "2", "total": 2, "items": [{"type": "VA_FORMAT_STRING_USES_NEWLINE", "file_name": "src/HW/Main.java", "commit_sha": "b70987855194fd4895694eba570d1f415973d569", "line_no": 162, "priority": 2, "description": "Format string should use %n rather than \\n", "line_content": "                    sb.append(String.format(\"[ %s ] : %s\\n\", sender, text));\n"}, {"type": "VA_FORMAT_STRING_USES_NEWLINE", "file_name": "src/HW/Main.java", "commit_sha": "b70987855194fd4895694eba570d1f415973d569", "line_no": 164, "priority": 2, "description": "Format string should use %n rather than \\n", "line_content": "                    sb.append(String.format(\"[ %s ] to [ %s ] : %s\\n\", sender, receiver, text));\n"}]}