{"repo": "rdsaliba/notorious-eng", "id": "294", "total": 2, "items": [{"type": "UI_INHERITANCE_UNSAFE_GETRESOURCE", "file_name": "JavaFXUserInterface/src/main/java/utilities/UIUtilities.java", "commit_sha": "e962b9b34967fcfede93e5fa37f1c2616463b77d", "line_no": 160, "priority": 3, "description": "Usage of GetResource may be unsafe if class is extended", "line_content": "            loader.setLocation(getClass().getResource(fxmlFileName + FXML));\n"}, {"type": "UI_INHERITANCE_UNSAFE_GETRESOURCE", "file_name": "JavaFXUserInterface/src/main/java/utilities/UIUtilities.java", "commit_sha": "e962b9b34967fcfede93e5fa37f1c2616463b77d", "line_no": 227, "priority": 3, "description": "Usage of GetResource may be unsafe if class is extended", "line_content": "            loader.setLocation(getClass().getResource(fxmlFileName + FXML));\n"}]}