{"repo": "andOTP/andOTP", "id": "781", "total": 2, "items": [{"type": "NM_METHOD_NAMING_CONVENTION", "file_name": "app/src/main/java/org/shadowice/flocke/andotp/Utilities/EntryThumbnail.java", "commit_sha": "f9409a4ef5428b2f9b590262cadb63fb309b4afe", "line_no": 126, "priority": 5, "description": "Nm: Method names should start with a lower case letter", "line_content": "        Cloudflare(R.drawable.thumb_cloudflare),\n        Clubhouse(R.drawable.thumb_clubhouse),\n        Cobranded(R.drawable.thumb_cobranded),\n        Codeberg(R.drawable.thumb_codeberg),\n        Codegiant(R.drawable.thumb_codegiant),\n        Coinbase(R.drawable.thumb_coinbase),"}, {"type": "NM_METHOD_NAMING_CONVENTION", "file_name": "app/src/main/java/org/shadowice/flocke/andotp/Utilities/EntryThumbnail.java", "commit_sha": "f9409a4ef5428b2f9b590262cadb63fb309b4afe", "line_no": 126, "priority": 5, "description": "Nm: Method names should start with a lower case letter", "line_content": "        Cloudflare(R.drawable.thumb_cloudflare),\n        Clubhouse(R.drawable.thumb_clubhouse),\n        Cobranded(R.drawable.thumb_cobranded),\n        Code42(R.drawable.thumb_code42),\n        Codeberg(R.drawable.thumb_codeberg),\n        Codegiant(R.drawable.thumb_codegiant),\n        Coinbase(R.drawable.thumb_coinbase),"}]}