{"repo": "Interes-Group/zadanie-1-monopoly-lite-xsramekm1", "id": "1", "total": 1, "items": [{"type": "ES_COMPARING_STRINGS_WITH_EQ", "file_name": "src/main/java/sk/stuba/fei/uim/oop/monopoly/Game.java", "commit_sha": "6974ce7872790b0b34aa2c6ef4a49824596cbeb7", "line_no": 74, "priority": 2, "description": "Suspicious reference comparison of String objects", "line_content": "                    if(input_command != \"s\" && input_command != \"b\" && input_command != \"e\" && input_command != \"h\" && input_command != \"f\"){\n"}]}