{"repo": "aholmberg/cassandra", "id": "44", "total": 10, "items": [{"type": "SA_SELF_COMPARISON", "file_name": "test/unit/org/apache/cassandra/gms/GossiperTest.java", "commit_sha": "209b71061ebced447c55ece2726407f1df0cde03", "line_no": 88, "priority": 2, "description": "Self comparison of value or field with itself", "line_content": "        assert ApplicationState.X1 == ApplicationState.X1;\n"}, {"type": "SA_SELF_COMPARISON", "file_name": "test/unit/org/apache/cassandra/gms/GossiperTest.java", "commit_sha": "209b71061ebced447c55ece2726407f1df0cde03", "line_no": 89, "priority": 2, "description": "Self comparison of value or field with itself", "line_content": "        assert ApplicationState.X2 == ApplicationState.X2;\n"}, {"type": "SA_SELF_COMPARISON", "file_name": "test/unit/org/apache/cassandra/gms/GossiperTest.java", "commit_sha": "209b71061ebced447c55ece2726407f1df0cde03", "line_no": 90, "priority": 2, "description": "Self comparison of value or field with itself", "line_content": "        assert ApplicationState.X3 == ApplicationState.X3;\n"}, {"type": "SA_SELF_COMPARISON", "file_name": "test/unit/org/apache/cassandra/gms/GossiperTest.java", "commit_sha": "209b71061ebced447c55ece2726407f1df0cde03", "line_no": 91, "priority": 2, "description": "Self comparison of value or field with itself", "line_content": "        assert ApplicationState.X4 == ApplicationState.X4;\n"}, {"type": "SA_SELF_COMPARISON", "file_name": "test/unit/org/apache/cassandra/gms/GossiperTest.java", "commit_sha": "209b71061ebced447c55ece2726407f1df0cde03", "line_no": 92, "priority": 2, "description": "Self comparison of value or field with itself", "line_content": "        assert ApplicationState.X5 == ApplicationState.X5;\n"}, {"type": "SA_SELF_COMPARISON", "file_name": "test/unit/org/apache/cassandra/gms/GossiperTest.java", "commit_sha": "209b71061ebced447c55ece2726407f1df0cde03", "line_no": 93, "priority": 2, "description": "Self comparison of value or field with itself", "line_content": "        assert ApplicationState.X6 == ApplicationState.X6;\n"}, {"type": "SA_SELF_COMPARISON", "file_name": "test/unit/org/apache/cassandra/gms/GossiperTest.java", "commit_sha": "209b71061ebced447c55ece2726407f1df0cde03", "line_no": 94, "priority": 2, "description": "Self comparison of value or field with itself", "line_content": "        assert ApplicationState.X7 == ApplicationState.X7;\n"}, {"type": "SA_SELF_COMPARISON", "file_name": "test/unit/org/apache/cassandra/gms/GossiperTest.java", "commit_sha": "209b71061ebced447c55ece2726407f1df0cde03", "line_no": 95, "priority": 2, "description": "Self comparison of value or field with itself", "line_content": "        assert ApplicationState.X8 == ApplicationState.X8;\n"}, {"type": "SA_SELF_COMPARISON", "file_name": "test/unit/org/apache/cassandra/gms/GossiperTest.java", "commit_sha": "209b71061ebced447c55ece2726407f1df0cde03", "line_no": 96, "priority": 2, "description": "Self comparison of value or field with itself", "line_content": "        assert ApplicationState.X9 == ApplicationState.X9;\n"}, {"type": "SA_SELF_COMPARISON", "file_name": "test/unit/org/apache/cassandra/gms/GossiperTest.java", "commit_sha": "209b71061ebced447c55ece2726407f1df0cde03", "line_no": 97, "priority": 2, "description": "Self comparison of value or field with itself", "line_content": "        assert ApplicationState.X10 == ApplicationState.X10;\n"}]}