{"repo": "Vladimir-Runov/JII_Chat", "id": "6", "total": 5, "items": [{"type": "UI_INHERITANCE_UNSAFE_GETRESOURCE", "file_name": "ChatClient/src/main/java/ChatApp.java", "commit_sha": "657837ead2f0323e92163fa8dd19ff3d67fef0e8", "line_no": 13, "priority": 3, "description": "Usage of GetResource may be unsafe if class is extended", "line_content": "        Parent root = FXMLLoader.load(getClass().getResource(\"chat.fxml\"));\n"}, {"type": "NM_METHOD_NAMING_CONVENTION", "file_name": "Server/src/main/java/ClientHandler.java", "commit_sha": "657837ead2f0323e92163fa8dd19ff3d67fef0e8", "line_no": 139, "priority": 2, "description": "Nm: Method names should start with a lower case letter", "line_content": "    public void SendMessage(AbstractMessage msg)\n    {\n"}, {"type": "NM_METHOD_NAMING_CONVENTION", "file_name": "Server/src/main/java/Server.java", "commit_sha": "657837ead2f0323e92163fa8dd19ff3d67fef0e8", "line_no": 80, "priority": 5, "description": "Nm: Method names should start with a lower case letter", "line_content": "        for (ClientHandler cl: clients)\n            cl.SendMessage(msg);\n"}, {"type": "NM_METHOD_NAMING_CONVENTION", "file_name": "Server/src/main/java/Server.java", "commit_sha": "657837ead2f0323e92163fa8dd19ff3d67fef0e8", "line_no": 88, "priority": 5, "description": "Nm: Method names should start with a lower case letter", "line_content": "                client.SendMessage(msg);\n"}, {"type": "NM_METHOD_NAMING_CONVENTION", "file_name": "Server/src/main/java/Server.java", "commit_sha": "657837ead2f0323e92163fa8dd19ff3d67fef0e8", "line_no": 98, "priority": 5, "description": "Nm: Method names should start with a lower case letter", "line_content": "                client.SendMessage(msg);\n"}]}