{"repo": "WhyWeStillHere/smart-home-2021", "id": "2", "total": 5, "items": [{"type": "NM_METHOD_NAMING_CONVENTION", "file_name": "src/main/java/ru/sbt/mipt/oop/tests/EventManagerTest.java", "commit_sha": "53947c5fbccd4bbc70dc8536883633a6134fe721", "line_no": 33, "priority": 5, "description": "Nm: Method names should start with a lower case letter", "line_content": "    eventManager.HandleEvent(doorEvent);\n"}, {"type": "NM_METHOD_NAMING_CONVENTION", "file_name": "src/main/java/ru/sbt/mipt/oop/tests/EventManagerTest.java", "commit_sha": "53947c5fbccd4bbc70dc8536883633a6134fe721", "line_no": 38, "priority": 5, "description": "Nm: Method names should start with a lower case letter", "line_content": "    eventManager.HandleEvent(lightEvent);\n"}, {"type": "NM_METHOD_NAMING_CONVENTION", "file_name": "src/main/java/ru/sbt/mipt/oop/tests/EventManagerTest.java", "commit_sha": "53947c5fbccd4bbc70dc8536883633a6134fe721", "line_no": 55, "priority": 5, "description": "Nm: Method names should start with a lower case letter", "line_content": "    eventManager.HandleEvent(lightEvent);\n"}, {"type": "NM_METHOD_NAMING_CONVENTION", "file_name": "src/main/java/ru/sbt/mipt/oop/tests/EventManagerTest.java", "commit_sha": "53947c5fbccd4bbc70dc8536883633a6134fe721", "line_no": 60, "priority": 5, "description": "Nm: Method names should start with a lower case letter", "line_content": "    eventManager.HandleEvent(doorEvent_1);\n"}, {"type": "NM_METHOD_NAMING_CONVENTION", "file_name": "src/main/java/ru/sbt/mipt/oop/tests/EventManagerTest.java", "commit_sha": "53947c5fbccd4bbc70dc8536883633a6134fe721", "line_no": 64, "priority": 5, "description": "Nm: Method names should start with a lower case letter", "line_content": "    eventManager.HandleEvent(doorEvent_2);\n"}]}