{"repo": "ArturSidelnikovs/TMS_110121", "id": "2", "total": 1, "items": [{"type": "DM_STRING_CTOR", "file_name": "Lesson8/src/TasksForLessons8/Task22.java", "commit_sha": "ad1dd52846e51fc397a602d1e9e1a8912f80de32", "line_no": 16, "priority": 2, "description": "Method invokes inefficient new String(String) constructor", "line_content": "        String str1 = new String(\"0\u0411\u043e\u043b\u044c\u0448\u043e\u0439\u0443\u043c7\u043d\u04358\u043c\u0430\u043b\u0435\u043d\u044c\u043a\u0438\u0439  9 9\");\n"}]}