{"repo": "Zipcoder/BlueJ.AliceAndBob", "id": "31", "total": 2, "items": [{"type": "ES_COMPARING_STRINGS_WITH_EQ", "file_name": "AliceAndBobEngine.java", "commit_sha": "198474e89adbcbcbb6bd44e7bd17171242393a9d", "line_no": 22, "priority": 2, "description": "Suspicious reference comparison of String objects", "line_content": "        if (input == \"Alice\"){\n"}, {"type": "ES_COMPARING_STRINGS_WITH_EQ", "file_name": "AliceAndBobEngine.java", "commit_sha": "198474e89adbcbcbb6bd44e7bd17171242393a9d", "line_no": 25, "priority": 2, "description": "Suspicious reference comparison of String objects", "line_content": "        else if (input == \"Bob\")\n            result = \"Hello Bob\";\n"}]}