{"repo": "open-telemetry/opentelemetry-java-instrumentation", "id": "2601", "total": 9, "items": [{"type": "DM_STRING_CTOR", "file_name": "instrumentation-api/src/test/java/io/opentelemetry/instrumentation/api/caching/CacheTest.java", "commit_sha": "70a85cdd609d67c65bc47cd4e51158d988574f10", "line_no": 72, "priority": 2, "description": "Method invokes inefficient new String(String) constructor", "line_content": "      String cat = new String(\"cat\");\n"}, {"type": "DM_STRING_CTOR", "file_name": "instrumentation-api/src/test/java/io/opentelemetry/instrumentation/api/caching/CacheTest.java", "commit_sha": "70a85cdd609d67c65bc47cd4e51158d988574f10", "line_no": 73, "priority": 2, "description": "Method invokes inefficient new String(String) constructor", "line_content": "      String dog = new String(\"dog\");\n"}, {"type": "DM_STRING_CTOR", "file_name": "instrumentation-api/src/test/java/io/opentelemetry/instrumentation/api/caching/CacheTest.java", "commit_sha": "70a85cdd609d67c65bc47cd4e51158d988574f10", "line_no": 83, "priority": 2, "description": "Method invokes inefficient new String(String) constructor", "line_content": "      assertThat(cache.get(new String(\"dog\"))).isNull();\n"}, {"type": "DM_STRING_CTOR", "file_name": "instrumentation-api/src/test/java/io/opentelemetry/instrumentation/api/caching/CacheTest.java", "commit_sha": "70a85cdd609d67c65bc47cd4e51158d988574f10", "line_no": 118, "priority": 2, "description": "Method invokes inefficient new String(String) constructor", "line_content": "      String cat = new String(\"cat\");\n"}, {"type": "DM_STRING_CTOR", "file_name": "instrumentation-api/src/test/java/io/opentelemetry/instrumentation/api/caching/CacheTest.java", "commit_sha": "70a85cdd609d67c65bc47cd4e51158d988574f10", "line_no": 119, "priority": 2, "description": "Method invokes inefficient new String(String) constructor", "line_content": "      String dog = new String(\"dog\");\n"}, {"type": "DM_STRING_CTOR", "file_name": "instrumentation-api/src/test/java/io/opentelemetry/instrumentation/api/caching/CacheTest.java", "commit_sha": "70a85cdd609d67c65bc47cd4e51158d988574f10", "line_no": 122, "priority": 2, "description": "Method invokes inefficient new String(String) constructor", "line_content": "      assertThat(cache.get(new String(\"cat\"))).isNull();\n"}, {"type": "DM_STRING_CTOR", "file_name": "instrumentation-api/src/test/java/io/opentelemetry/instrumentation/api/caching/CacheTest.java", "commit_sha": "70a85cdd609d67c65bc47cd4e51158d988574f10", "line_no": 130, "priority": 2, "description": "Method invokes inefficient new String(String) constructor", "line_content": "      assertThat(cache.get(new String(\"dog\"))).isNull();\n"}, {"type": "RC_REF_COMPARISON_BAD_PRACTICE_BOOLEAN", "file_name": "javaagent-tooling/src/main/java/io/opentelemetry/javaagent/tooling/HelperInjector.java", "commit_sha": "70a85cdd609d67c65bc47cd4e51158d988574f10", "line_no": 129, "priority": 2, "description": "Suspicious reference comparison of Boolean values", "line_content": "      if (Boolean.FALSE == injectedClassLoaders.get(classLoader)) {\n"}, {"type": "RC_REF_COMPARISON_BAD_PRACTICE_BOOLEAN", "file_name": "javaagent-tooling/src/main/java/io/opentelemetry/javaagent/tooling/HelperInjector.java", "commit_sha": "70a85cdd609d67c65bc47cd4e51158d988574f10", "line_no": 246, "priority": 2, "description": "Suspicious reference comparison of Boolean values", "line_content": "    return Boolean.TRUE == injectedClasses.get(c);\n"}]}