{"repo": "akinizer/DSIR", "id": "1", "total": 3, "items": [{"type": "UI_INHERITANCE_UNSAFE_GETRESOURCE", "file_name": "src/sample/Model/RunnerManagement/Runner.java", "commit_sha": "0aff1468d1218d441aa3d4411a1b96265bb24543", "line_no": 180, "priority": 3, "description": "Usage of GetResource may be unsafe if class is extended", "line_content": "        iv=new ImageView(new Image(getClass().getResource(\"/sample/Resources/imagefile/car-up.png\").toExternalForm()));\n"}, {"type": "UI_INHERITANCE_UNSAFE_GETRESOURCE", "file_name": "src/sample/Model/RunnerManagement/Runner.java", "commit_sha": "0aff1468d1218d441aa3d4411a1b96265bb24543", "line_no": 187, "priority": 3, "description": "Usage of GetResource may be unsafe if class is extended", "line_content": "        iv=new ImageView(new Image(getClass().getResource(\"/sample/Resources/imagefile/jeep.png\").toExternalForm()));\n"}, {"type": "UI_INHERITANCE_UNSAFE_GETRESOURCE", "file_name": "src/sample/Model/RunnerManagement/Runner.java", "commit_sha": "0aff1468d1218d441aa3d4411a1b96265bb24543", "line_no": 194, "priority": 3, "description": "Usage of GetResource may be unsafe if class is extended", "line_content": "        iv=new ImageView(new Image(getClass().getResource(\"/sample/Resources/imagefile/truck.png\").toExternalForm()));\n"}]}