{"repo": "qwright/COSC322_Project", "id": "13", "total": 3, "items": [{"type": "NM_METHOD_NAMING_CONVENTION", "file_name": "team-00/src/main/java/ubc/cosc322/COSC322Test.java", "commit_sha": "843d4f27563ddb3e9c2f5aab2ce87490bc8050d6", "line_no": 48, "priority": 5, "description": "Nm: Method names should start with a lower case letter", "line_content": "    \tagent.Go();\n"}, {"type": "NM_METHOD_NAMING_CONVENTION", "file_name": "team-00/src/main/java/ubc/cosc322/COSC322Test.java", "commit_sha": "843d4f27563ddb3e9c2f5aab2ce87490bc8050d6", "line_no": 52, "priority": 5, "description": "Nm: Method names should start with a lower case letter", "line_content": "    \tagent2.Go();\n"}, {"type": "NM_METHOD_NAMING_CONVENTION", "file_name": "team-00/src/main/java/ubc/cosc322/COSC322Test.java", "commit_sha": "843d4f27563ddb3e9c2f5aab2ce87490bc8050d6", "line_no": 55, "priority": 5, "description": "Nm: Method names should start with a lower case letter", "line_content": "    \t\tplayer.Go();\n"}]}