{"repo": "me-kry-student-task-checker/stc-main", "id": "22", "total": 1, "items": [{"type": "NM_METHOD_NAMING_CONVENTION", "file_name": "backend/course-service/src/main/java/hu/me/iit/malus/thesis/course/controller/CourseController.java", "commit_sha": "01bf16f7128b316f4008c123a312b280dcbd2618", "line_no": 51, "priority": 5, "description": "Nm: Method names should start with a lower case letter", "line_content": "        return DtoConverter.CourseToCourseOverviewSet(service.getAll(principal.getName()));\n"}]}