{"repo": "hiroki1994/snitch", "id": "34", "total": 2, "items": [{"type": "NM_METHOD_NAMING_CONVENTION", "file_name": "src/test/java/com/example/demo/GlobalControllAdviceTest.java", "commit_sha": "dde23ca238a22a8128e7b9585b7d4c8f3c91e04c", "line_no": 23, "priority": 2, "description": "Nm: Method names should start with a lower case letter", "line_content": "\tpublic void EmptyResultDataAccessException\u767a\u751f() throws Exception {\n"}, {"type": "NM_METHOD_NAMING_CONVENTION", "file_name": "src/test/java/com/example/demo/GlobalControllAdviceTest.java", "commit_sha": "dde23ca238a22a8128e7b9585b7d4c8f3c91e04c", "line_no": 35, "priority": 2, "description": "Nm: Method names should start with a lower case letter", "line_content": "\tpublic void Exception\u767a\u751f() throws Exception {\n"}]}