{"repo": "SsnAgo/PersonalProject-Java", "id": "68", "total": 20, "items": [{"type": "NM_METHOD_NAMING_CONVENTION", "file_name": "131802125/src/Function.java", "commit_sha": "7296e4ab94911dcc2a8626cd330cba374a6cc97f", "line_no": 9, "priority": 2, "description": "Nm: Method names should start with a lower case letter", "line_content": "    public boolean IsEmptyLine(String wordLine)\n    {\n"}, {"type": "NM_METHOD_NAMING_CONVENTION", "file_name": "131802125/src/Function.java", "commit_sha": "7296e4ab94911dcc2a8626cd330cba374a6cc97f", "line_no": 21, "priority": 2, "description": "Nm: Method names should start with a lower case letter", "line_content": "    public int CountChar(File readFile)\n    {\n"}, {"type": "NM_METHOD_NAMING_CONVENTION", "file_name": "131802125/src/Function.java", "commit_sha": "7296e4ab94911dcc2a8626cd330cba374a6cc97f", "line_no": 50, "priority": 2, "description": "Nm: Method names should start with a lower case letter", "line_content": "    public int CountLine(File readFile)\n    {\n"}, {"type": "NM_METHOD_NAMING_CONVENTION", "file_name": "131802125/src/Function.java", "commit_sha": "7296e4ab94911dcc2a8626cd330cba374a6cc97f", "line_no": 81, "priority": 2, "description": "Nm: Method names should start with a lower case letter", "line_content": "    public int CountWord(File readFile)\n    {\n"}, {"type": "NM_METHOD_NAMING_CONVENTION", "file_name": "131802125/src/Function.java", "commit_sha": "7296e4ab94911dcc2a8626cd330cba374a6cc97f", "line_no": 211, "priority": 5, "description": "Nm: Method names should start with a lower case letter", "line_content": "                            int index = FindWord(allWords,word);    "}, {"type": "NM_METHOD_NAMING_CONVENTION", "file_name": "131802125/src/Function.java", "commit_sha": "7296e4ab94911dcc2a8626cd330cba374a6cc97f", "line_no": 214, "priority": 5, "description": "Nm: Method names should start with a lower case letter", "line_content": "                                allWords.get(index).AddFrequent();\n"}, {"type": "NM_METHOD_NAMING_CONVENTION", "file_name": "131802125/src/Function.java", "commit_sha": "7296e4ab94911dcc2a8626cd330cba374a6cc97f", "line_no": 238, "priority": 5, "description": "Nm: Method names should start with a lower case letter", "line_content": "                    int index = FindWord(allWords,word);    "}, {"type": "NM_METHOD_NAMING_CONVENTION", "file_name": "131802125/src/Function.java", "commit_sha": "7296e4ab94911dcc2a8626cd330cba374a6cc97f", "line_no": 241, "priority": 5, "description": "Nm: Method names should start with a lower case letter", "line_content": "                        allWords.get(index).AddFrequent();\n"}, {"type": "NM_METHOD_NAMING_CONVENTION", "file_name": "131802125/src/Function.java", "commit_sha": "7296e4ab94911dcc2a8626cd330cba374a6cc97f", "line_no": 264, "priority": 2, "description": "Nm: Method names should start with a lower case letter", "line_content": "    public int FindWord(Vector<Word> allWords,String word)\n    {\n"}, {"type": "NM_METHOD_NAMING_CONVENTION", "file_name": "131802125/src/Word.java", "commit_sha": "7296e4ab94911dcc2a8626cd330cba374a6cc97f", "line_no": 20, "priority": 2, "description": "Nm: Method names should start with a lower case letter", "line_content": "    public void SetWords(String word)\n    {\n"}, {"type": "NM_METHOD_NAMING_CONVENTION", "file_name": "131802125/src/Word.java", "commit_sha": "7296e4ab94911dcc2a8626cd330cba374a6cc97f", "line_no": 25, "priority": 2, "description": "Nm: Method names should start with a lower case letter", "line_content": "    public void SetFrequent(int fre)\n    {\n"}, {"type": "NM_METHOD_NAMING_CONVENTION", "file_name": "131802125/src/Word.java", "commit_sha": "7296e4ab94911dcc2a8626cd330cba374a6cc97f", "line_no": 30, "priority": 2, "description": "Nm: Method names should start with a lower case letter", "line_content": "    public String GetWords()\n    {\n"}, {"type": "NM_METHOD_NAMING_CONVENTION", "file_name": "131802125/src/Word.java", "commit_sha": "7296e4ab94911dcc2a8626cd330cba374a6cc97f", "line_no": 35, "priority": 2, "description": "Nm: Method names should start with a lower case letter", "line_content": "    public int GetFrequent()\n    {\n"}, {"type": "NM_METHOD_NAMING_CONVENTION", "file_name": "131802125/src/Word.java", "commit_sha": "7296e4ab94911dcc2a8626cd330cba374a6cc97f", "line_no": 40, "priority": 2, "description": "Nm: Method names should start with a lower case letter", "line_content": "    public void AddFrequent()\n    {\n"}, {"type": "NM_METHOD_NAMING_CONVENTION", "file_name": "131802125/src/WordCount.java", "commit_sha": "7296e4ab94911dcc2a8626cd330cba374a6cc97f", "line_no": 24, "priority": 5, "description": "Nm: Method names should start with a lower case letter", "line_content": "        charNum=functionMethod.CountChar(readFile);\n"}, {"type": "NM_METHOD_NAMING_CONVENTION", "file_name": "131802125/src/WordCount.java", "commit_sha": "7296e4ab94911dcc2a8626cd330cba374a6cc97f", "line_no": 25, "priority": 5, "description": "Nm: Method names should start with a lower case letter", "line_content": "        lineNum = functionMethod.CountLine(readFile);\n"}, {"type": "NM_METHOD_NAMING_CONVENTION", "file_name": "131802125/src/WordCount.java", "commit_sha": "7296e4ab94911dcc2a8626cd330cba374a6cc97f", "line_no": 26, "priority": 5, "description": "Nm: Method names should start with a lower case letter", "line_content": "        wordNum = functionMethod.CountWord(readFile);\n"}, {"type": "NM_METHOD_NAMING_CONVENTION", "file_name": "131802125/src/WordCount.java", "commit_sha": "7296e4ab94911dcc2a8626cd330cba374a6cc97f", "line_no": 27, "priority": 5, "description": "Nm: Method names should start with a lower case letter", "line_content": "        Vector<Word> allWords = functionMethod.CountFrequentWord(readFile);\n"}, {"type": "NM_METHOD_NAMING_CONVENTION", "file_name": "131802125/src/WordCount.java", "commit_sha": "7296e4ab94911dcc2a8626cd330cba374a6cc97f", "line_no": 38, "priority": 5, "description": "Nm: Method names should start with a lower case letter", "line_content": "                outMsg+=allWords.get(i).GetWords()+\": \"\n                                    +allWords.get(i).GetFrequent()+\"\\n\";\n"}, {"type": "NM_METHOD_NAMING_CONVENTION", "file_name": "131802125/src/WordCount.java", "commit_sha": "7296e4ab94911dcc2a8626cd330cba374a6cc97f", "line_no": 46, "priority": 5, "description": "Nm: Method names should start with a lower case letter", "line_content": "                outMsg+=allWords.get(i).GetWords()+\": \"\n                                    +allWords.get(i).GetFrequent()+\"\\n\";\n"}]}