{"repo": "infinum/thrifty-retrofit-converter", "id": "2", "total": 1, "items": [{"type": "NM_METHOD_NAMING_CONVENTION", "file_name": "retrofit-converter-thrifty/src/test/java/com/infinum/thrifty/ThriftyConverterFactoryTest.java", "commit_sha": "c5ac57a01f14f02d051ba07f0ab1547ab325eaab", "line_no": 167, "priority": 5, "description": "Nm: Method names should start with a lower case letter", "line_content": "            assertThat(e).hasMessage(\"\"\n                    + \"Unable to create @Body converter for class java.lang.String (parameter #1)\\n\"\n                    + \"    for method Service.postWrongClass\");\n"}]}