{"repo": "bkiers/tiny-language-antlr4", "id": "19", "total": 2, "items": [{"type": "NM_METHOD_NAMING_CONVENTION", "file_name": "src/main/java/tl/antlr4/EvalVisitor.java", "commit_sha": "70e1c70eff00216d493020dde673bf6223e4e4a2", "line_no": 525, "priority": 5, "description": "Nm: Method names should start with a lower case letter", "line_content": "        TLValue val = scope.resolve(ctx.Identifier().getText());\n"}, {"type": "NM_METHOD_NAMING_CONVENTION", "file_name": "src/main/java/tl/antlr4/EvalVisitor.java", "commit_sha": "70e1c70eff00216d493020dde673bf6223e4e4a2", "line_no": 532, "priority": 5, "description": "Nm: Method names should start with a lower case letter", "line_content": "        \tString id = ctx.Identifier().getText();        \t\n"}]}