{"repo": "Antozzi/J2L1", "id": "3", "total": 4, "items": [{"type": "VA_FORMAT_STRING_USES_NEWLINE", "file_name": "Main/src/ad/j2/hw1/teams/TeamMember.java", "commit_sha": "407d41dc9019f338645ed0e820d320937702d910", "line_no": 24, "priority": 2, "description": "Format string should use %n rather than \\n", "line_content": "            System.out.printf(\"%s %s ran OK for distance %s meters\\n\",type,name,distance);\n"}, {"type": "VA_FORMAT_STRING_USES_NEWLINE", "file_name": "Main/src/ad/j2/hw1/teams/TeamMember.java", "commit_sha": "407d41dc9019f338645ed0e820d320937702d910", "line_no": 26, "priority": 2, "description": "Format string should use %n rather than \\n", "line_content": "            System.out.printf(\"%s %s could not run for %s meters distance\\n\",type,name,distance);\n"}, {"type": "VA_FORMAT_STRING_USES_NEWLINE", "file_name": "Main/src/ad/j2/hw1/teams/TeamMember.java", "commit_sha": "407d41dc9019f338645ed0e820d320937702d910", "line_no": 33, "priority": 2, "description": "Format string should use %n rather than \\n", "line_content": "            System.out.printf(\"%s %s jumped OK at height %s meters\\n\",type,name,height);\n"}, {"type": "VA_FORMAT_STRING_USES_NEWLINE", "file_name": "Main/src/ad/j2/hw1/teams/TeamMember.java", "commit_sha": "407d41dc9019f338645ed0e820d320937702d910", "line_no": 35, "priority": 2, "description": "Format string should use %n rather than \\n", "line_content": "            System.out.printf(\"%s %s could not jump at height %s meters\\n\",type,name,height);\n"}]}