{"repo": "clean-code-craft-tcq-1/functional-java-PavithraMuralidharan", "id": "1", "total": 3, "items": [{"type": "NM_CLASS_NAMING_CONVENTION", "file_name": "vitals/chargeRate.java", "commit_sha": "efa5f124e7ae9ed8191a637399ac73d44a599701", "line_no": 3, "priority": 2, "description": "Nm: Class names should start with an upper case letter", "line_content": "public class chargeRate {\r\n"}, {"type": "NM_CLASS_NAMING_CONVENTION", "file_name": "vitals/checkBattery.java", "commit_sha": "efa5f124e7ae9ed8191a637399ac73d44a599701", "line_no": 3, "priority": 2, "description": "Nm: Class names should start with an upper case letter", "line_content": "public class checkBattery {\r\n"}, {"type": "NM_CLASS_NAMING_CONVENTION", "file_name": "vitals/validateRange.java", "commit_sha": "efa5f124e7ae9ed8191a637399ac73d44a599701", "line_no": 5, "priority": 2, "description": "Nm: Class names should start with an upper case letter", "line_content": "public class validateRange {\r\n"}]}