{"repo": "charlottejeynon/Software-Engineering-2", "id": "8", "total": 2, "items": [{"type": "NM_METHOD_NAMING_CONVENTION", "file_name": "Account.java", "commit_sha": "e77df044b8f3e0b3053f378446be35fa94728961", "line_no": 47, "priority": 2, "description": "Nm: Method names should start with a lower case letter", "line_content": "\tpublic double Transfer(double Amount, String From, String To){\n"}, {"type": "NM_METHOD_NAMING_CONVENTION", "file_name": "NewBank.java", "commit_sha": "e77df044b8f3e0b3053f378446be35fa94728961", "line_no": 23, "priority": 5, "description": "Nm: Method names should start with a lower case letter", "line_content": "\t\ta.Transfer(100, \"Main\", \"Savings\");\n"}]}