{"repo": "quarano/quarano-application", "id": "201", "total": 7, "items": [{"type": "NM_METHOD_NAMING_CONVENTION", "file_name": "backend/src/main/java/quarano/sormas_integration/SormasClient.java", "commit_sha": "edf7015f15382131432739514cbc6f02f63b2139", "line_no": 57, "priority": 3, "description": "Nm: Method names should start with a lower case letter", "line_content": "    private WebClient.ResponseSpec GetRequest(String route){\n"}, {"type": "NM_METHOD_NAMING_CONVENTION", "file_name": "backend/src/main/java/quarano/sormas_integration/SormasClient.java", "commit_sha": "edf7015f15382131432739514cbc6f02f63b2139", "line_no": 65, "priority": 3, "description": "Nm: Method names should start with a lower case letter", "line_content": "    private WebClient.ResponseSpec PostRequest(String route, Object bodyRequest){\n"}, {"type": "NM_METHOD_NAMING_CONVENTION", "file_name": "backend/src/main/java/quarano/sormas_integration/SormasClient.java", "commit_sha": "edf7015f15382131432739514cbc6f02f63b2139", "line_no": 77, "priority": 5, "description": "Nm: Method names should start with a lower case letter", "line_content": "        return GetRequest(\"/cases/all/\" + since.getTime())\n                .bodyToFlux(SormasCase.class);\n"}, {"type": "NM_METHOD_NAMING_CONVENTION", "file_name": "backend/src/main/java/quarano/sormas_integration/SormasClient.java", "commit_sha": "edf7015f15382131432739514cbc6f02f63b2139", "line_no": 83, "priority": 5, "description": "Nm: Method names should start with a lower case letter", "line_content": "        return GetRequest(\"/persons/all/\" + since.getTime())\n                .bodyToFlux(SormasPerson.class);\n"}, {"type": "NM_METHOD_NAMING_CONVENTION", "file_name": "backend/src/main/java/quarano/sormas_integration/SormasClient.java", "commit_sha": "edf7015f15382131432739514cbc6f02f63b2139", "line_no": 89, "priority": 5, "description": "Nm: Method names should start with a lower case letter", "line_content": "        return PostRequest(\"/persons/push\", persons)\n                .bodyToMono(String[].class);\n"}, {"type": "NM_METHOD_NAMING_CONVENTION", "file_name": "backend/src/main/java/quarano/sormas_integration/SormasClient.java", "commit_sha": "edf7015f15382131432739514cbc6f02f63b2139", "line_no": 95, "priority": 5, "description": "Nm: Method names should start with a lower case letter", "line_content": "        return PostRequest(\"/contacts/push\", contacts)\n                .bodyToMono(String[].class);\n"}, {"type": "NM_METHOD_NAMING_CONVENTION", "file_name": "backend/src/main/java/quarano/sormas_integration/SormasClient.java", "commit_sha": "edf7015f15382131432739514cbc6f02f63b2139", "line_no": 101, "priority": 5, "description": "Nm: Method names should start with a lower case letter", "line_content": "        return PostRequest(\"/cases/push\", cases)\n                .bodyToMono(String[].class);\n"}]}