{"repo": "MoreiraGabriel/avaliacao", "id": "1", "total": 8, "items": [{"type": "NM_METHOD_NAMING_CONVENTION", "file_name": "src/test/java/br/com/compasso/avaliacao/service/CidadeServiceTest.java", "commit_sha": "c29a6bbd84f5c689085b20a97de5a68368de8984", "line_no": 44, "priority": 2, "description": "Nm: Method names should start with a lower case letter", "line_content": "\tpublic void ObterPorIdTest() {\n"}, {"type": "NM_METHOD_NAMING_CONVENTION", "file_name": "src/test/java/br/com/compasso/avaliacao/service/CidadeServiceTest.java", "commit_sha": "c29a6bbd84f5c689085b20a97de5a68368de8984", "line_no": 55, "priority": 2, "description": "Nm: Method names should start with a lower case letter", "line_content": "\tpublic void ObterTodasTest() {\n"}, {"type": "NM_METHOD_NAMING_CONVENTION", "file_name": "src/test/java/br/com/compasso/avaliacao/service/CidadeServiceTest.java", "commit_sha": "c29a6bbd84f5c689085b20a97de5a68368de8984", "line_no": 65, "priority": 2, "description": "Nm: Method names should start with a lower case letter", "line_content": "\tpublic void ObterNomeTest() {\n"}, {"type": "NM_METHOD_NAMING_CONVENTION", "file_name": "src/test/java/br/com/compasso/avaliacao/service/CidadeServiceTest.java", "commit_sha": "c29a6bbd84f5c689085b20a97de5a68368de8984", "line_no": 75, "priority": 2, "description": "Nm: Method names should start with a lower case letter", "line_content": "\tpublic void AtualizarTest() {\n"}, {"type": "NM_METHOD_NAMING_CONVENTION", "file_name": "src/test/java/br/com/compasso/avaliacao/service/CidadeServiceTest.java", "commit_sha": "c29a6bbd84f5c689085b20a97de5a68368de8984", "line_no": 86, "priority": 2, "description": "Nm: Method names should start with a lower case letter", "line_content": "\tpublic void DeletarTest() {\n"}, {"type": "NM_METHOD_NAMING_CONVENTION", "file_name": "src/test/java/br/com/compasso/avaliacao/service/CidadeServiceTest.java", "commit_sha": "c29a6bbd84f5c689085b20a97de5a68368de8984", "line_no": 96, "priority": 2, "description": "Nm: Method names should start with a lower case letter", "line_content": "\tpublic void ObterPorEstadoTest() {\n"}, {"type": "NM_METHOD_NAMING_CONVENTION", "file_name": "src/test/java/br/com/compasso/avaliacao/service/ClienteSertviceTest.java", "commit_sha": "c29a6bbd84f5c689085b20a97de5a68368de8984", "line_no": 82, "priority": 2, "description": "Nm: Method names should start with a lower case letter", "line_content": "\tpublic void ObterPorIdTest(){\n"}, {"type": "NM_METHOD_NAMING_CONVENTION", "file_name": "src/test/java/br/com/compasso/avaliacao/service/ClienteSertviceTest.java", "commit_sha": "c29a6bbd84f5c689085b20a97de5a68368de8984", "line_no": 115, "priority": 2, "description": "Nm: Method names should start with a lower case letter", "line_content": "\tpublic void DeletarTest() {\n"}]}