{"repo": "crackCodeLogn/diurnal-dbi-service", "id": "1", "total": 4, "items": [{"type": "NM_METHOD_NAMING_CONVENTION", "file_name": "src/main/java/com/vv/personal/diurnal/dbi/config/DbiConfig.java", "commit_sha": "6e961afaa8a0145c8e3fe9995bb1de1724b49803", "line_no": 57, "priority": 5, "description": "Nm: Method names should start with a lower case letter", "line_content": "        return new DiurnalTableUserMapping(DbConstants.TABLE_DIURNAL_USER_MAPPING, DbConstants.PRIMARY_COL_USER_MAPPING, DiurnalDbConnector(), cachedDiurnal(),\n                DbiUtil::generateCreateTableSql, DIURNAL_USER_MAPPING_SQL);\n"}, {"type": "NM_METHOD_NAMING_CONVENTION", "file_name": "src/main/java/com/vv/personal/diurnal/dbi/config/DbiConfig.java", "commit_sha": "6e961afaa8a0145c8e3fe9995bb1de1724b49803", "line_no": 64, "priority": 5, "description": "Nm: Method names should start with a lower case letter", "line_content": "        return new DiurnalTableEntryDay(TABLE_DIURNAL_ENTRY_DAY, PRIMARY_COL_ENTRY_DAY, DiurnalDbConnector(), cachedDiurnal(),\n                DbiUtil::generateCreateTableSql, DIURNAL_ENTRY_DAY_SQL);\n"}, {"type": "NM_METHOD_NAMING_CONVENTION", "file_name": "src/main/java/com/vv/personal/diurnal/dbi/config/DbiConfig.java", "commit_sha": "6e961afaa8a0145c8e3fe9995bb1de1724b49803", "line_no": 71, "priority": 5, "description": "Nm: Method names should start with a lower case letter", "line_content": "        return new DiurnalTableEntry(DbConstants.TABLE_DIURNAL_ENTRY, DbConstants.PRIMARY_COL_ENTRY, DiurnalDbConnector(), cachedDiurnal(),\n                DbiUtil::generateCreateTableSql, DIURNAL_ENTRY_SQL);\n"}, {"type": "NM_METHOD_NAMING_CONVENTION", "file_name": "src/main/java/com/vv/personal/diurnal/dbi/config/DbiConfig.java", "commit_sha": "6e961afaa8a0145c8e3fe9995bb1de1724b49803", "line_no": 79, "priority": 5, "description": "Nm: Method names should start with a lower case letter", "line_content": "        return new DiurnalTableTitleMapping(DbConstants.TABLE_DIURNAL_TITLE_MAPPING, DbConstants.PRIMARY_COL_TITLE_MAPPING, DiurnalDbConnector(), cachedDiurnal(),\n                DbiUtil::generateCreateTableSql, DIURNAL_TITLE_MAPPING_SQL);\n"}]}