{"repo": "AY2021S2-CS2103-W16-3/tp", "id": "119", "total": 2, "items": [{"type": "SA_SELF_COMPARISON", "file_name": "src/test/java/seedu/partyplanet/model/person/BirthdayTest.java", "commit_sha": "3caf37ffd40e611b279bee7a45741b4ea32b6f1e", "line_no": 109, "priority": 2, "description": "Self comparison of value or field with itself", "line_content": "        assertEquals(0, localDate0606.compareTo(localDate0606));\n"}, {"type": "SA_SELF_COMPARISON", "file_name": "src/test/java/seedu/partyplanet/model/person/BirthdayTest.java", "commit_sha": "3caf37ffd40e611b279bee7a45741b4ea32b6f1e", "line_no": 110, "priority": 2, "description": "Self comparison of value or field with itself", "line_content": "        assertEquals(0, monthDay0606.compareTo(monthDay0606));\n"}]}