{"repo": "KlochkovDm/Homework", "id": "3", "total": 2, "items": [{"type": "NM_CLASS_NAMING_CONVENTION", "file_name": "src/main/java/ru/geekbrains/lessons/lesson1/lesson1.java", "commit_sha": "e0ab203d61c1e199550c91a42bb4298f96a1d35a", "line_no": 3, "priority": 2, "description": "Nm: Class names should start with an upper case letter", "line_content": "public class lesson1 {\n"}, {"type": "VA_FORMAT_STRING_USES_NEWLINE", "file_name": "src/main/java/ru/geekbrains/lessons/lesson3/TicTacToe.java", "commit_sha": "e0ab203d61c1e199550c91a42bb4298f96a1d35a", "line_no": 43, "priority": 2, "description": "Format string should use %n rather than \\n", "line_content": "            System.out.printf(\"SCORE IS: HUMAN AI\\n            %d   %d\\n\", scoreHuman,scoreAi);\n"}]}