{"repo": "evgeniiruchko/HomeWork7", "id": "1", "total": 2, "items": [{"type": "NM_METHOD_NAMING_CONVENTION", "file_name": "src/ru/geekbrains/Java3/TestedMethods.java", "commit_sha": "8b559ef4e32f5c3a05f4fb4821830f302a50404d", "line_no": 6, "priority": 2, "description": "Nm: Method names should start with a lower case letter", "line_content": "    public static void BeforeMethod(){\n"}, {"type": "NM_METHOD_NAMING_CONVENTION", "file_name": "src/ru/geekbrains/Java3/TestedMethods.java", "commit_sha": "8b559ef4e32f5c3a05f4fb4821830f302a50404d", "line_no": 11, "priority": 2, "description": "Nm: Method names should start with a lower case letter", "line_content": "    public static void AfterMethod(){\n"}]}