{"repo": "BlackTok/level3", "id": "5", "total": 2, "items": [{"type": "DM_STRING_CTOR", "file_name": "Lesson1/hw1/Main.java", "commit_sha": "a3f1f03199063e887d93bd79b230081cb6be3fb5", "line_no": 7, "priority": 2, "description": "Method invokes inefficient new String(String) constructor", "line_content": "        array[0] = new String(\"\u0421\u0442\u0440\u043e\u043a\u0430\");\n"}, {"type": "DM_STRING_CTOR", "file_name": "Lesson1/hw2/Main.java", "commit_sha": "a3f1f03199063e887d93bd79b230081cb6be3fb5", "line_no": 11, "priority": 2, "description": "Method invokes inefficient new String(String) constructor", "line_content": "        array[0] = new String(\"\u0421\u0442\u0440\u043e\u043a\u0430\");\n"}]}