{"repo": "TagoSMD/PrototipoP31P2021", "id": "4", "total": 2, "items": [{"type": "NM_METHOD_NAMING_CONVENTION", "file_name": "PrototipoP31P2021/src/vista/MantenimientoAlumnos.java", "commit_sha": "41e2f133496b94175df6c09d5d2edd76cd168c30", "line_no": 172, "priority": 5, "description": "Nm: Method names should start with a lower case letter", "line_content": "                TxtTelefonoActionPerformed(evt);\n"}, {"type": "NM_METHOD_NAMING_CONVENTION", "file_name": "PrototipoP31P2021/src/vista/MantenimientoAlumnos.java", "commit_sha": "41e2f133496b94175df6c09d5d2edd76cd168c30", "line_no": 434, "priority": 3, "description": "Nm: Method names should start with a lower case letter", "line_content": "    private void TxtTelefonoActionPerformed(java.awt.event.ActionEvent evt) {"}]}