{"repo": "strandls/biodiv-observation", "id": "83", "total": 1, "items": [{"type": "NM_METHOD_NAMING_CONVENTION", "file_name": "src/main/java/com/strandls/observation/service/Impl/ObservationBulkMapperHelper.java", "commit_sha": "3a6c270cbffb2734e6d07c2a66b5de826338d8ab", "line_no": 496, "priority": 5, "description": "Nm: Method names should start with a lower case letter", "line_content": "\t\t\tlogActivities.LogActivity(request.getHeader(HttpHeaders.AUTHORIZATION), null, observation.getId(),\n\t\t\t\t\tobservation.getId(), \"observation\", null, \"Observation created\", null);\n"}]}