{"repo": "gabrilyan88/Java_2", "id": "16", "total": 5, "items": [{"type": "NM_METHOD_NAMING_CONVENTION", "file_name": "lesson6/client_/src/main/java/client/Controller.java", "commit_sha": "149137e760a9d06ca2937686fdc50c72d85b522a", "line_no": 116, "priority": 5, "description": "Nm: Method names should start with a lower case letter", "line_content": "                                History.Start(login);\n"}, {"type": "NM_METHOD_NAMING_CONVENTION", "file_name": "lesson6/client_/src/main/java/client/History.java", "commit_sha": "149137e760a9d06ca2937686fdc50c72d85b522a", "line_no": 12, "priority": 2, "description": "Nm: Method names should start with a lower case letter", "line_content": "    public static String HistorybyLogin(String login) {\n"}, {"type": "NM_METHOD_NAMING_CONVENTION", "file_name": "lesson6/client_/src/main/java/client/History.java", "commit_sha": "149137e760a9d06ca2937686fdc50c72d85b522a", "line_no": 16, "priority": 2, "description": "Nm: Method names should start with a lower case letter", "line_content": "    public static void Start(String login) {\n"}, {"type": "NM_METHOD_NAMING_CONVENTION", "file_name": "lesson6/client_/src/main/java/client/History.java", "commit_sha": "149137e760a9d06ca2937686fdc50c72d85b522a", "line_no": 18, "priority": 5, "description": "Nm: Method names should start with a lower case letter", "line_content": "            out = new PrintWriter(new FileOutputStream(HistorybyLogin(login), true), true);\n"}, {"type": "NM_METHOD_NAMING_CONVENTION", "file_name": "lesson6/client_/src/main/java/client/History.java", "commit_sha": "149137e760a9d06ca2937686fdc50c72d85b522a", "line_no": 42, "priority": 5, "description": "Nm: Method names should start with a lower case letter", "line_content": "            List<String> history = Files.readAllLines(Paths.get(HistorybyLogin(login)));\n"}]}