{"repo": "RubenDebeer/Project381", "id": "3", "total": 4, "items": [{"type": "NM_METHOD_NAMING_CONVENTION", "file_name": "Delicious Catering/Business Logic Layer/Adult_Menu_Cost.java", "commit_sha": "b66eeb336d06912d522357f8259770ceca9e9880", "line_no": 4, "priority": 2, "description": "Nm: Method names should start with a lower case letter", "line_content": "    public double CalculatMenuCost(int Quantity, String option)\n    {\n"}, {"type": "NM_METHOD_NAMING_CONVENTION", "file_name": "Delicious Catering/Data Acces Layer/Bookings_File_Handler.java", "commit_sha": "b66eeb336d06912d522357f8259770ceca9e9880", "line_no": 6, "priority": 2, "description": "Nm: Method names should start with a lower case letter", "line_content": "    public void Bookings(String Bookig_Number, String BConformation ) \n    {\n"}, {"type": "NM_METHOD_NAMING_CONVENTION", "file_name": "Delicious Catering/Data Acces Layer/Event_File_Handler.java", "commit_sha": "b66eeb336d06912d522357f8259770ceca9e9880", "line_no": 7, "priority": 2, "description": "Nm: Method names should start with a lower case letter", "line_content": "    public void Events(String Type, String Theme, String Decoration, String Venue_Name, String Booking_Conformation, int Number_Of_Adults, int Number_Of_Kids, String Date_Time, String Time, double Cost) {\n"}, {"type": "NM_METHOD_NAMING_CONVENTION", "file_name": "Delicious Catering/Data Acces Layer/Venue_File_Handler.java", "commit_sha": "b66eeb336d06912d522357f8259770ceca9e9880", "line_no": 6, "priority": 2, "description": "Nm: Method names should start with a lower case letter", "line_content": "    public void Venue(String Name, String Address, String Manager_Name, String Manager_PN) \n    {\n"}]}