{"repo": "AY2021S2-CS2103T-W15-3/tp", "id": "25", "total": 2, "items": [{"type": "EC_NULL_ARG", "file_name": "src/test/java/seedu/address/logic/commands/RemarkCommandTest.java", "commit_sha": "8bf4b69250abab6596d8286fb41bfd163424e92e", "line_no": 122, "priority": 2, "description": "Call to equals(null)", "line_content": "        assertFalse(standardCommand.equals(null));\n"}, {"type": "SA_SELF_COMPARISON", "file_name": "src/test/java/seedu/address/logic/commands/RemarkCommandTest.java", "commit_sha": "8bf4b69250abab6596d8286fb41bfd163424e92e", "line_no": 119, "priority": 2, "description": "Self comparison of value or field with itself", "line_content": "        assertTrue(standardCommand.equals(standardCommand));\n"}]}